seed,method_id,method_name,parent_id,scan_id,crystal_system,label_index,embedding_cosine_distance,prediction_js_divergence,prediction_flip,sim_prediction_index,real_prediction_index,sim_correct,real_correct,sim_true_probability,real_true_probability,true_probability_drop,sim_true_margin,real_true_margin,true_margin_drop,checkpoint_sha256
20260711,ordinary_dynamic_augmentation,Dynamic ERM,cnrs_parent_0087,pattern_24,triclinic,0,0.0688543614842081,0.009192895343275668,0,1,1,0,0,0.0364990234375,0.1044921875,-0.0679931640625,-0.9268798828125,-0.791015625,-0.1358642578125,E8BDE2871520AEDE1502E99B1BA5B761358C63B0A98EBAC36DB384B276F3D40B
20260711,ordinary_dynamic_augmentation,Dynamic ERM,cnrs_parent_0189,pattern_55,triclinic,0,0.08095527190235885,0.18750025439779172,1,4,1,0,0,0.0005793571472167969,0.004261016845703125,-0.003681659698486328,-0.6961979866027832,-0.8521842956542969,0.15598630905151367,E8BDE2871520AEDE1502E99B1BA5B761358C63B0A98EBAC36DB384B276F3D40B
20260711,ordinary_dynamic_augmentation,Dynamic ERM,cnrs_parent_0260,pattern_78,triclinic,0,0.19195102929093466,0.6153577518439513,1,1,0,0,1,0.01406097412109375,0.98388671875,-0.9698257446289062,-0.9717788696289062,0.967987060546875,-1.9397659301757812,E8BDE2871520AEDE1502E99B1BA5B761358C63B0A98EBAC36DB384B276F3D40B
20260711,ordinary_dynamic_augmentation,Dynamic ERM,cnrs_parent_0322,pattern_99,triclinic,0,0.34219635321467035,0.0014022266134171464,0,0,0,1,1,0.99609375,1.0,-0.00390625,0.9935417175292969,0.999988853931427,-0.006447136402130127,E8BDE2871520AEDE1502E99B1BA5B761358C63B0A98EBAC36DB384B276F3D40B
20260711,ordinary_dynamic_augmentation,Dynamic ERM,cnrs_parent_0036,pattern_120,triclinic,0,0.085393381872506,1.6742327875590945e-05,0,0,0,1,1,1.0,1.0,0.0,0.9999434947967529,0.9999980330467224,-5.453824996948242e-05,E8BDE2871520AEDE1502E99B1BA5B761358C63B0A98EBAC36DB384B276F3D40B
20260711,ordinary_dynamic_augmentation,Dynamic ERM,cnrs_parent_0053,pattern_157,triclinic,0,0.03330383733749509,0.17859829853904147,1,1,0,0,1,0.1199951171875,0.68408203125,-0.5640869140625,-0.7598876953125,0.368408203125,-1.1282958984375,E8BDE2871520AEDE1502E99B1BA5B761358C63B0A98EBAC36DB384B276F3D40B
20260711,ordinary_dynamic_augmentation,Dynamic ERM,cnrs_parent_0063,pattern_180,triclinic,0,0.047825873571795796,0.0001325425397773606,0,1,1,0,0,0.0001786947250366211,2.5093555450439453e-05,0.00015360116958618164,-0.9988447427749634,-0.9999749064445496,0.0011301636695861816,E8BDE2871520AEDE1502E99B1BA5B761358C63B0A98EBAC36DB384B276F3D40B
20260711,ordinary_dynamic_augmentation,Dynamic ERM,cnrs_parent_0088,pattern_240,triclinic,0,0.11652421555644144,0.13666824768108388,0,0,0,1,1,0.98095703125,0.5908203125,0.39013671875,0.9650421142578125,0.1865234375,0.7785186767578125,E8BDE2871520AEDE1502E99B1BA5B761358C63B0A98EBAC36DB384B276F3D40B
20260711,ordinary_dynamic_augmentation,Dynamic ERM,cnrs_parent_0109,pattern_298,triclinic,0,0.17122506670824034,0.08376217295137212,0,0,0,1,1,0.77734375,1.0,-0.22265625,0.58544921875,0.9999362230300903,-0.41448700428009033,E8BDE2871520AEDE1502E99B1BA5B761358C63B0A98EBAC36DB384B276F3D40B
20260711,ordinary_dynamic_augmentation,Dynamic ERM,cnrs_parent_0113,pattern_311,triclinic,0,0.10344987468727973,0.4459067770054689,1,1,0,0,1,0.06951904296875,0.9345703125,-0.86505126953125,-0.86114501953125,0.86895751953125,-1.7301025390625,E8BDE2871520AEDE1502E99B1BA5B761358C63B0A98EBAC36DB384B276F3D40B
20260711,ordinary_dynamic_augmentation,Dynamic ERM,cnrs_parent_0124,pattern_348,triclinic,0,0.01641808308568027,0.0018111312765208701,0,1,1,0,0,0.1656494140625,0.12335205078125,0.04229736328125,-0.6688232421875,-0.75311279296875,0.08428955078125,E8BDE2871520AEDE1502E99B1BA5B761358C63B0A98EBAC36DB384B276F3D40B
20260711,ordinary_dynamic_augmentation,Dynamic ERM,cnrs_parent_0147,pattern_417,triclinic,0,0.13353852813353662,0.004498661895196694,0,0,0,1,1,0.99853515625,0.98583984375,0.0126953125,0.9973974227905273,0.97210693359375,0.025290489196777344,E8BDE2871520AEDE1502E99B1BA5B761358C63B0A98EBAC36DB384B276F3D40B
20260711,ordinary_dynamic_augmentation,Dynamic ERM,cnrs_parent_0148,pattern_423,triclinic,0,0.06485323240378282,0.00488378546237486,0,0,0,1,1,0.9580078125,0.9091796875,0.048828125,0.915924072265625,0.81842041015625,0.097503662109375,E8BDE2871520AEDE1502E99B1BA5B761358C63B0A98EBAC36DB384B276F3D40B
20260711,ordinary_dynamic_augmentation,Dynamic ERM,cnrs_parent_0154,pattern_444,triclinic,0,0.2977728789702231,0.408717026770364,1,1,0,0,1,0.0164031982421875,0.7890625,-0.7726593017578125,-0.9669952392578125,0.61572265625,-1.5827178955078125,E8BDE2871520AEDE1502E99B1BA5B761358C63B0A98EBAC36DB384B276F3D40B
20260711,ordinary_dynamic_augmentation,Dynamic ERM,cnrs_parent_0158,pattern_456,triclinic,0,0.08186299743454506,0.09544818040001937,0,0,0,1,1,0.998046875,0.73828125,0.259765625,0.9961795806884766,0.47705078125,0.5191287994384766,E8BDE2871520AEDE1502E99B1BA5B761358C63B0A98EBAC36DB384B276F3D40B
20260711,ordinary_dynamic_augmentation,Dynamic ERM,cnrs_parent_0161,pattern_464,triclinic,0,0.14037566266973622,0.0814182896987843,0,0,0,1,1,0.783203125,1.0,-0.216796875,0.5673828125,0.999923050403595,-0.43254023790359497,E8BDE2871520AEDE1502E99B1BA5B761358C63B0A98EBAC36DB384B276F3D40B
20260711,ordinary_dynamic_augmentation,Dynamic ERM,cnrs_parent_0207,pattern_585,triclinic,0,0.09565261005124992,0.5005534038736736,1,0,1,1,0,0.99951171875,0.11920166015625,0.88031005859375,0.998807430267334,-0.76165771484375,1.760465145111084,E8BDE2871520AEDE1502E99B1BA5B761358C63B0A98EBAC36DB384B276F3D40B
20260711,ordinary_dynamic_augmentation,Dynamic ERM,cnrs_parent_0233,pattern_653,triclinic,0,0.07122580906112219,3.4714937749496415e-05,0,1,1,0,0,1.621246337890625e-05,0.00016224384307861328,-0.00014603137969970703,-0.9999837875366211,-0.9998377561569214,-0.00014603137969970703,E8BDE2871520AEDE1502E99B1BA5B761358C63B0A98EBAC36DB384B276F3D40B
20260711,ordinary_dynamic_augmentation,Dynamic ERM,cnrs_parent_0253,pattern_753,triclinic,0,0.25814997848461907,0.15831732118481676,0,0,0,1,1,0.99755859375,0.603515625,0.39404296875,0.9963274002075195,0.2138671875,0.7824602127075195,E8BDE2871520AEDE1502E99B1BA5B761358C63B0A98EBAC36DB384B276F3D40B
20260711,ordinary_dynamic_augmentation,Dynamic ERM,cnrs_parent_0291,pattern_881,triclinic,0,0.27247998880120083,0.6015291122982585,1,1,0,0,1,0.03253173828125,0.99365234375,-0.96112060546875,-0.93328857421875,0.987213134765625,-1.920501708984375,E8BDE2871520AEDE1502E99B1BA5B761358C63B0A98EBAC36DB384B276F3D40B
20260711,ordinary_dynamic_augmentation,Dynamic ERM,cnrs_parent_0321,pattern_979,triclinic,0,0.4149790006382884,0.6391802856409523,1,6,1,0,0,7.05718994140625e-05,0.0029926300048828125,-0.00292205810546875,-0.6278591156005859,-0.9940776824951172,0.36621856689453125,E8BDE2871520AEDE1502E99B1BA5B761358C63B0A98EBAC36DB384B276F3D40B
20260711,ordinary_dynamic_augmentation,Dynamic ERM,cnrs_parent_0028,pattern_11,monoclinic,1,0.08727805781686782,0.1641453627240152,0,0,0,0,0,0.46728515625,0.03961181640625,0.42767333984375,-0.012939453125,-0.92034912109375,0.90740966796875,E8BDE2871520AEDE1502E99B1BA5B761358C63B0A98EBAC36DB384B276F3D40B
20260711,ordinary_dynamic_augmentation,Dynamic ERM,cnrs_parent_0049,pattern_15,monoclinic,1,0.15636220797460365,0.0762685539645842,0,0,0,0,0,0.336181640625,0.0452880859375,0.2908935546875,-0.327392578125,-0.9078369140625,0.5804443359375,E8BDE2871520AEDE1502E99B1BA5B761358C63B0A98EBAC36DB384B276F3D40B
20260711,ordinary_dynamic_augmentation,Dynamic ERM,cnrs_parent_0115,pattern_32,monoclinic,1,0.08084698790052303,0.0030018558654822673,0,1,1,1,1,0.69921875,0.75341796875,-0.05419921875,0.40771484375,0.5087890625,-0.10107421875,E8BDE2871520AEDE1502E99B1BA5B761358C63B0A98EBAC36DB384B276F3D40B
20260711,ordinary_dynamic_augmentation,Dynamic ERM,cnrs_parent_0153,pattern_44,monoclinic,1,0.275363324909207,0.6128505881475111,1,4,0,0,0,0.2496337890625,0.051025390625,0.1986083984375,-0.4984130859375,-0.896728515625,0.3983154296875,E8BDE2871520AEDE1502E99B1BA5B761358C63B0A98EBAC36DB384B276F3D40B
20260711,ordinary_dynamic_augmentation,Dynamic ERM,cnrs_parent_0214,pattern_60,monoclinic,1,0.16981662959254606,0.669141106975575,1,1,0,1,0,0.9931640625,0.0009851455688476562,0.9921789169311523,0.9864730834960938,-0.9980382919311523,1.984511375427246,E8BDE2871520AEDE1502E99B1BA5B761358C63B0A98EBAC36DB384B276F3D40B
20260711,ordinary_dynamic_augmentation,Dynamic ERM,cnrs_parent_0236,pattern_67,monoclinic,1,0.13724236321707206,0.0008017666278071015,0,0,0,0,0,0.0007495880126953125,2.6464462280273438e-05,0.0007231235504150391,-0.9982738494873047,-0.9975321292877197,-0.0007417201995849609,E8BDE2871520AEDE1502E99B1BA5B761358C63B0A98EBAC36DB384B276F3D40B
20260711,ordinary_dynamic_augmentation,Dynamic ERM,cnrs_parent_0005,pattern_102,monoclinic,1,0.1346799313727658,0.16105229750165587,0,0,0,0,0,0.1981201171875,0.0007734298706054688,0.19734668731689453,-0.4029541015625,-0.9982500076293945,0.5952959060668945,E8BDE2871520AEDE1502E99B1BA5B761358C63B0A98EBAC36DB384B276F3D40B
20260711,ordinary_dynamic_augmentation,Dynamic ERM,cnrs_parent_0011,pattern_103,monoclinic,1,0.926595076271994,0.6839168377747056,1,1,6,1,0,0.98828125,0.002651214599609375,0.9856300354003906,0.976409912109375,-0.9939308166503906,1.9703407287597656,E8BDE2871520AEDE1502E99B1BA5B761358C63B0A98EBAC36DB384B276F3D40B
20260711,ordinary_dynamic_augmentation,Dynamic ERM,cnrs_parent_0027,pattern_109,monoclinic,1,0.03562205659616158,0.03790633988994656,0,0,0,0,0,0.1656494140625,0.017181396484375,0.148468017578125,-0.6688232421875,-0.965728759765625,0.296905517578125,E8BDE2871520AEDE1502E99B1BA5B761358C63B0A98EBAC36DB384B276F3D40B
20260711,ordinary_dynamic_augmentation,Dynamic ERM,cnrs_parent_0030,pattern_112,monoclinic,1,0.23422333705724652,0.6510300720694341,1,1,0,1,0,0.9892578125,0.00394439697265625,0.9853134155273438,0.978729248046875,-0.9921493530273438,1.9708786010742188,E8BDE2871520AEDE1502E99B1BA5B761358C63B0A98EBAC36DB384B276F3D40B
20260711,ordinary_dynamic_augmentation,Dynamic ERM,cnrs_parent_0031,pattern_113,monoclinic,1,0.4037881606793443,0.5771820052755989,1,0,3,0,0,0.2213134765625,0.07598876953125,0.14532470703125,-0.5570068359375,-0.80047607421875,0.24346923828125,E8BDE2871520AEDE1502E99B1BA5B761358C63B0A98EBAC36DB384B276F3D40B
20260711,ordinary_dynamic_augmentation,Dynamic ERM,cnrs_parent_0039,pattern_125,monoclinic,1,0.18243423166656014,0.037129269856876534,0,0,0,0,0,0.0025997161865234375,0.062744140625,-0.06014442443847656,-0.9944705963134766,-0.820556640625,-0.17391395568847656,E8BDE2871520AEDE1502E99B1BA5B761358C63B0A98EBAC36DB384B276F3D40B
20260711,ordinary_dynamic_augmentation,Dynamic ERM,cnrs_parent_0042,pattern_129,monoclinic,1,0.6082592579011974,0.6929144173668041,1,1,0,1,0,1.0,4.76837158203125e-07,0.9999995231628418,0.9999148845672607,-0.9999995231628418,1.9999144077301025,E8BDE2871520AEDE1502E99B1BA5B761358C63B0A98EBAC36DB384B276F3D40B
20260711,ordinary_dynamic_augmentation,Dynamic ERM,cnrs_parent_0051,pattern_151,monoclinic,1,0.28932712766138546,0.15291516496870602,0,0,0,0,0,0.37744140625,8.702278137207031e-06,0.3774327039718628,-0.2451171875,-0.9999912977218628,0.7548741102218628,E8BDE2871520AEDE1502E99B1BA5B761358C63B0A98EBAC36DB384B276F3D40B
20260711,ordinary_dynamic_augmentation,Dynamic ERM,cnrs_parent_0060,pattern_175,monoclinic,1,0.1107138735250025,0.09402342127004688,0,0,0,0,0,0.2244873046875,0.0007848739624023438,0.22370243072509766,-0.5201416015625,-0.9977502822875977,0.47760868072509766,E8BDE2871520AEDE1502E99B1BA5B761358C63B0A98EBAC36DB384B276F3D40B
20260711,ordinary_dynamic_augmentation,Dynamic ERM,cnrs_parent_0066,pattern_192,monoclinic,1,0.1960531366364595,0.04117576889061651,0,1,1,1,1,1.0,0.88623046875,0.11376953125,0.9999977350234985,0.772705078125,0.22729265689849854,E8BDE2871520AEDE1502E99B1BA5B761358C63B0A98EBAC36DB384B276F3D40B
20260711,ordinary_dynamic_augmentation,Dynamic ERM,cnrs_parent_0072,pattern_205,monoclinic,1,0.796657912236126,0.6813097352062143,1,3,0,0,0,0.00011163949966430664,0.02288818359375,-0.022776544094085693,-0.7889508605003357,-0.95025634765625,0.1613054871559143,E8BDE2871520AEDE1502E99B1BA5B761358C63B0A98EBAC36DB384B276F3D40B
20260711,ordinary_dynamic_augmentation,Dynamic ERM,cnrs_parent_0074,pattern_208,monoclinic,1,0.16683419447696224,0.2413802275956658,1,1,0,1,0,0.99951171875,0.451416015625,0.548095703125,0.9989962577819824,-0.097412109375,1.0964083671569824,E8BDE2871520AEDE1502E99B1BA5B761358C63B0A98EBAC36DB384B276F3D40B
20260711,ordinary_dynamic_augmentation,Dynamic ERM,cnrs_parent_0080,pattern_225,monoclinic,1,0.10025568126869322,0.00248240037575259,0,0,0,0,0,0.010528564453125,0.0009398460388183594,0.00958871841430664,-0.978729248046875,-0.9980835914611816,0.01935434341430664,E8BDE2871520AEDE1502E99B1BA5B761358C63B0A98EBAC36DB384B276F3D40B
20260711,ordinary_dynamic_augmentation,Dynamic ERM,cnrs_parent_0081,pattern_226,monoclinic,1,0.13389387001651287,0.2410523973634523,1,1,0,1,0,0.59765625,0.017303466796875,0.580352783203125,0.20263671875,-0.965606689453125,1.168243408203125,E8BDE2871520AEDE1502E99B1BA5B761358C63B0A98EBAC36DB384B276F3D40B
20260711,ordinary_dynamic_augmentation,Dynamic ERM,cnrs_parent_0084,pattern_233,monoclinic,1,0.04331504511904072,0.18252016229127477,1,1,0,1,0,0.77783203125,0.2015380859375,0.5762939453125,0.5709228515625,-0.5894775390625,1.160400390625,E8BDE2871520AEDE1502E99B1BA5B761358C63B0A98EBAC36DB384B276F3D40B
20260711,ordinary_dynamic_augmentation,Dynamic ERM,cnrs_parent_0089,pattern_241,monoclinic,1,0.06651660776982637,0.017009128694852833,0,1,1,1,1,0.87939453125,0.73583984375,0.1435546875,0.7640380859375,0.4794921875,0.2845458984375,E8BDE2871520AEDE1502E99B1BA5B761358C63B0A98EBAC36DB384B276F3D40B
20260711,ordinary_dynamic_augmentation,Dynamic ERM,cnrs_parent_0091,pattern_243,monoclinic,1,0.479367204822681,0.29662157193997896,1,4,1,0,1,0.28271484375,0.92822265625,-0.6455078125,-0.42529296875,0.90008544921875,-1.32537841796875,E8BDE2871520AEDE1502E99B1BA5B761358C63B0A98EBAC36DB384B276F3D40B
20260711,ordinary_dynamic_augmentation,Dynamic ERM,cnrs_parent_0092,pattern_244,monoclinic,1,0.01141535594467502,0.010182613151941796,0,0,0,0,0,3.701448440551758e-05,4.827976226806641e-06,3.218650817871094e-05,-0.9320918917655945,-0.8427686095237732,-0.08932328224182129,E8BDE2871520AEDE1502E99B1BA5B761358C63B0A98EBAC36DB384B276F3D40B
20260711,ordinary_dynamic_augmentation,Dynamic ERM,cnrs_parent_0094,pattern_250,monoclinic,1,0.6456128510528119,0.6912174202757527,1,2,0,0,0,0.045013427734375,0.00075531005859375,0.04425811767578125,-0.910064697265625,-0.9982681274414062,0.08820343017578125,E8BDE2871520AEDE1502E99B1BA5B761358C63B0A98EBAC36DB384B276F3D40B
20260711,ordinary_dynamic_augmentation,Dynamic ERM,cnrs_parent_0095,pattern_255,monoclinic,1,0.7388429688242618,0.6795012567056106,1,4,0,0,0,0.2822265625,0.0009775161743164062,0.2812490463256836,-0.2451171875,-0.9980459213256836,0.7529287338256836,E8BDE2871520AEDE1502E99B1BA5B761358C63B0A98EBAC36DB384B276F3D40B
20260711,ordinary_dynamic_augmentation,Dynamic ERM,cnrs_parent_0098,pattern_262,monoclinic,1,0.08161886156607445,0.000629578605327368,0,0,0,0,0,0.002471923828125,0.00014317035675048828,0.0023287534713745117,-0.995086669921875,-0.9998568296432495,0.004770159721374512,E8BDE2871520AEDE1502E99B1BA5B761358C63B0A98EBAC36DB384B276F3D40B
20260711,ordinary_dynamic_augmentation,Dynamic ERM,cnrs_parent_0099,pattern_266,monoclinic,1,0.5619350830655507,0.026721446746282008,0,1,1,1,1,0.947265625,0.9736328125,-0.0263671875,0.9046630859375,0.947479248046875,-0.042816162109375,E8BDE2871520AEDE1502E99B1BA5B761358C63B0A98EBAC36DB384B276F3D40B
20260711,ordinary_dynamic_augmentation,Dynamic ERM,cnrs_parent_0102,pattern_273,monoclinic,1,0.46207775082466884,0.6524136382786396,1,1,0,1,0,0.97216796875,5.304813385009766e-06,0.972162663936615,0.956390380859375,-0.999994695186615,1.95638507604599,E8BDE2871520AEDE1502E99B1BA5B761358C63B0A98EBAC36DB384B276F3D40B
20260711,ordinary_dynamic_augmentation,Dynamic ERM,cnrs_parent_0110,pattern_303,monoclinic,1,0.08231349653501085,0.25147057103281034,1,1,0,1,0,0.70068359375,0.05499267578125,0.64569091796875,0.401611328125,-0.88983154296875,1.29144287109375,E8BDE2871520AEDE1502E99B1BA5B761358C63B0A98EBAC36DB384B276F3D40B
20260711,ordinary_dynamic_augmentation,Dynamic ERM,cnrs_parent_0111,pattern_307,monoclinic,1,0.026232136015126084,0.02548693827810196,0,0,0,0,0,0.384521484375,0.1959228515625,0.1885986328125,-0.230224609375,-0.5911865234375,0.3609619140625,E8BDE2871520AEDE1502E99B1BA5B761358C63B0A98EBAC36DB384B276F3D40B
20260711,ordinary_dynamic_augmentation,Dynamic ERM,cnrs_parent_0121,pattern_342,monoclinic,1,0.1811924263993796,0.29854929729008867,1,1,0,1,0,0.82666015625,0.13427734375,0.6923828125,0.6534423828125,-0.41796875,1.0714111328125,E8BDE2871520AEDE1502E99B1BA5B761358C63B0A98EBAC36DB384B276F3D40B
20260711,ordinary_dynamic_augmentation,Dynamic ERM,cnrs_parent_0122,pattern_344,monoclinic,1,0.8195226344480435,0.6183154496519648,1,4,0,0,0,0.05755615234375,0.111572265625,-0.05401611328125,-0.78814697265625,-0.561279296875,-0.22686767578125,E8BDE2871520AEDE1502E99B1BA5B761358C63B0A98EBAC36DB384B276F3D40B
20260711,ordinary_dynamic_augmentation,Dynamic ERM,cnrs_parent_0128,pattern_362,monoclinic,1,0.07633411363304399,0.003309508393247558,0,0,0,0,0,0.0170440673828125,0.044677734375,-0.0276336669921875,-0.9658660888671875,-0.910400390625,-0.0554656982421875,E8BDE2871520AEDE1502E99B1BA5B761358C63B0A98EBAC36DB384B276F3D40B
20260711,ordinary_dynamic_augmentation,Dynamic ERM,cnrs_parent_0130,pattern_365,monoclinic,1,0.10266943116012384,9.426388343547678e-05,0,0,0,0,0,0.0002570152282714844,3.337860107421875e-06,0.0002536773681640625,-0.9992547035217285,-0.9999966621398926,0.0007419586181640625,E8BDE2871520AEDE1502E99B1BA5B761358C63B0A98EBAC36DB384B276F3D40B
20260711,ordinary_dynamic_augmentation,Dynamic ERM,cnrs_parent_0137,pattern_388,monoclinic,1,0.03030918756134693,6.4024635482015265e-06,0,0,0,0,0,2.568960189819336e-05,1.6093254089355469e-06,2.4080276489257812e-05,-0.9999743103981018,-0.9999983906745911,2.4080276489257812e-05,E8BDE2871520AEDE1502E99B1BA5B761358C63B0A98EBAC36DB384B276F3D40B
20260711,ordinary_dynamic_augmentation,Dynamic ERM,cnrs_parent_0140,pattern_397,monoclinic,1,0.2495673453082673,0.6404975340784873,1,1,0,1,0,0.978515625,8.821487426757812e-05,0.9784274101257324,0.9569854736328125,-0.9999117851257324,1.956897258758545,E8BDE2871520AEDE1502E99B1BA5B761358C63B0A98EBAC36DB384B276F3D40B
20260711,ordinary_dynamic_augmentation,Dynamic ERM,cnrs_parent_0151,pattern_431,monoclinic,1,0.07505713783671164,0.005305191934857607,0,0,0,0,0,0.2763671875,0.19189453125,0.08447265625,-0.4462890625,-0.6162109375,0.169921875,E8BDE2871520AEDE1502E99B1BA5B761358C63B0A98EBAC36DB384B276F3D40B
20260711,ordinary_dynamic_augmentation,Dynamic ERM,cnrs_parent_0162,pattern_469,monoclinic,1,0.3056184911855858,0.19004308516508905,0,0,0,0,0,0.497802734375,0.011871337890625,0.485931396484375,-0.004150390625,-0.969085693359375,0.964935302734375,E8BDE2871520AEDE1502E99B1BA5B761358C63B0A98EBAC36DB384B276F3D40B
20260711,ordinary_dynamic_augmentation,Dynamic ERM,cnrs_parent_0165,pattern_474,monoclinic,1,0.4393644597667289,0.6406365553148738,1,1,4,1,0,0.919921875,0.0218505859375,0.8980712890625,0.84014892578125,-0.9556884765625,1.79583740234375,E8BDE2871520AEDE1502E99B1BA5B761358C63B0A98EBAC36DB384B276F3D40B
20260711,ordinary_dynamic_augmentation,Dynamic ERM,cnrs_parent_0169,pattern_480,monoclinic,1,0.009317257945159585,2.761597763323064e-05,0,0,0,0,0,0.0003654956817626953,0.0006875991821289062,-0.00032210350036621094,-0.9991462230682373,-0.9983358383178711,-0.0008103847503662109,E8BDE2871520AEDE1502E99B1BA5B761358C63B0A98EBAC36DB384B276F3D40B
20260711,ordinary_dynamic_augmentation,Dynamic ERM,cnrs_parent_0170,pattern_482,monoclinic,1,0.03566145587248826,0.0032011430451413907,0,0,0,0,0,0.05718994140625,0.0279693603515625,0.0292205810546875,-0.88079833984375,-0.9427337646484375,0.0619354248046875,E8BDE2871520AEDE1502E99B1BA5B761358C63B0A98EBAC36DB384B276F3D40B
20260711,ordinary_dynamic_augmentation,Dynamic ERM,cnrs_parent_0174,pattern_491,monoclinic,1,0.07224427632397135,0.0002494610677328745,0,1,1,1,1,0.9990234375,0.9990234375,0.0,0.9984035491943359,0.9978761672973633,0.0005273818969726562,E8BDE2871520AEDE1502E99B1BA5B761358C63B0A98EBAC36DB384B276F3D40B
20260711,ordinary_dynamic_augmentation,Dynamic ERM,cnrs_parent_0176,pattern_497,monoclinic,1,0.030746945332091435,0.002299743243977742,0,0,0,0,0,0.003795623779296875,0.0170440673828125,-0.013248443603515625,-0.9922981262207031,-0.9658660888671875,-0.026432037353515625,E8BDE2871520AEDE1502E99B1BA5B761358C63B0A98EBAC36DB384B276F3D40B
20260711,ordinary_dynamic_augmentation,Dynamic ERM,cnrs_parent_0180,pattern_513,monoclinic,1,0.23458900372193991,0.01730597848266317,0,2,2,0,0,0.445068359375,0.33203125,0.113037109375,-0.075439453125,-0.33349609375,0.258056640625,E8BDE2871520AEDE1502E99B1BA5B761358C63B0A98EBAC36DB384B276F3D40B
20260711,ordinary_dynamic_augmentation,Dynamic ERM,cnrs_parent_0181,pattern_514,monoclinic,1,0.06586965841367332,4.215830880570167e-06,0,0,0,0,0,1.817941665649414e-05,1.5497207641601562e-06,1.6629695892333984e-05,-0.9999818205833435,-0.9999984502792358,1.6629695892333984e-05,E8BDE2871520AEDE1502E99B1BA5B761358C63B0A98EBAC36DB384B276F3D40B
20260711,ordinary_dynamic_augmentation,Dynamic ERM,cnrs_parent_0182,pattern_516,monoclinic,1,0.020426105652391002,0.0001453745989756812,0,1,1,1,1,0.96923828125,0.962890625,0.00634765625,0.938323974609375,0.92584228515625,0.012481689453125,E8BDE2871520AEDE1502E99B1BA5B761358C63B0A98EBAC36DB384B276F3D40B
20260711,ordinary_dynamic_augmentation,Dynamic ERM,cnrs_parent_0186,pattern_538,monoclinic,1,0.4091379369274887,0.013969519812991446,0,0,0,0,0,0.03485107421875,0.0035686492919921875,0.03128242492675781,-0.91094970703125,-0.9739704132080078,0.06302070617675781,E8BDE2871520AEDE1502E99B1BA5B761358C63B0A98EBAC36DB384B276F3D40B
20260711,ordinary_dynamic_augmentation,Dynamic ERM,cnrs_parent_0190,pattern_551,monoclinic,1,0.3084668827612296,0.00382243510570158,0,0,0,0,0,0.0118560791015625,0.01154327392578125,0.00031280517578125,-0.9749603271484375,-0.9611129760742188,-0.01384735107421875,E8BDE2871520AEDE1502E99B1BA5B761358C63B0A98EBAC36DB384B276F3D40B
20260711,ordinary_dynamic_augmentation,Dynamic ERM,cnrs_parent_0191,pattern_552,monoclinic,1,0.2803889802856516,0.08492798180558787,0,0,0,0,0,0.2239990234375,7.748603820800781e-07,0.22399824857711792,-0.5513916015625,-0.9999992251396179,0.4486076235771179,E8BDE2871520AEDE1502E99B1BA5B761358C63B0A98EBAC36DB384B276F3D40B
20260711,ordinary_dynamic_augmentation,Dynamic ERM,cnrs_parent_0193,pattern_554,monoclinic,1,0.18796635733930422,0.05940537169797584,0,0,0,0,0,0.19873046875,0.490234375,-0.29150390625,-0.55712890625,-0.01953125,-0.53759765625,E8BDE2871520AEDE1502E99B1BA5B761358C63B0A98EBAC36DB384B276F3D40B
20260711,ordinary_dynamic_augmentation,Dynamic ERM,cnrs_parent_0195,pattern_560,monoclinic,1,0.16045540068453645,0.025083047261675137,0,1,1,1,1,1.0,0.92919921875,0.07080078125,0.9999953508377075,0.858642578125,0.14135277271270752,E8BDE2871520AEDE1502E99B1BA5B761358C63B0A98EBAC36DB384B276F3D40B
20260711,ordinary_dynamic_augmentation,Dynamic ERM,cnrs_parent_0198,pattern_568,monoclinic,1,0.07296527188561552,0.1367392454430183,1,1,0,1,0,0.57373046875,0.09808349609375,0.47564697265625,0.1474609375,-0.80377197265625,0.95123291015625,E8BDE2871520AEDE1502E99B1BA5B761358C63B0A98EBAC36DB384B276F3D40B
20260711,ordinary_dynamic_augmentation,Dynamic ERM,cnrs_parent_0209,pattern_588,monoclinic,1,0.12880420301778406,0.4028918873183256,1,1,0,1,0,0.77734375,2.390146255493164e-05,0.7773198485374451,0.5546875,-0.9999760985374451,1.554663598537445,E8BDE2871520AEDE1502E99B1BA5B761358C63B0A98EBAC36DB384B276F3D40B
20260711,ordinary_dynamic_augmentation,Dynamic ERM,cnrs_parent_0210,pattern_590,monoclinic,1,0.06624323838367674,0.00016209333079109448,0,0,0,0,0,0.0008296966552734375,0.00010389089584350586,0.0007258057594299316,-0.9981937408447266,-0.9998961091041565,0.0017023682594299316,E8BDE2871520AEDE1502E99B1BA5B761358C63B0A98EBAC36DB384B276F3D40B
20260711,ordinary_dynamic_augmentation,Dynamic ERM,cnrs_parent_0212,pattern_595,monoclinic,1,0.06026912591791478,0.00010001750126381336,0,1,1,1,1,0.998046875,0.99755859375,0.00048828125,0.9959144592285156,0.9955482482910156,0.0003662109375,E8BDE2871520AEDE1502E99B1BA5B761358C63B0A98EBAC36DB384B276F3D40B
20260711,ordinary_dynamic_augmentation,Dynamic ERM,cnrs_parent_0213,pattern_599,monoclinic,1,0.10683022149079757,0.3797146524883957,1,1,0,1,0,0.99951171875,0.248046875,0.75146484375,0.9989457130432129,-0.50390625,1.502851963043213,E8BDE2871520AEDE1502E99B1BA5B761358C63B0A98EBAC36DB384B276F3D40B
20260711,ordinary_dynamic_augmentation,Dynamic ERM,cnrs_parent_0219,pattern_616,monoclinic,1,0.07495152804356287,0.008647509178897533,0,0,0,0,0,0.1259765625,0.2254638671875,-0.0994873046875,-0.748046875,-0.5489501953125,-0.1990966796875,E8BDE2871520AEDE1502E99B1BA5B761358C63B0A98EBAC36DB384B276F3D40B
20260711,ordinary_dynamic_augmentation,Dynamic ERM,cnrs_parent_0221,pattern_618,monoclinic,1,0.17898653732334302,0.22009524745050696,1,1,0,1,0,0.99267578125,0.4765625,0.51611328125,0.9889373779296875,-0.046875,1.0358123779296875,E8BDE2871520AEDE1502E99B1BA5B761358C63B0A98EBAC36DB384B276F3D40B
20260711,ordinary_dynamic_augmentation,Dynamic ERM,cnrs_parent_0240,pattern_684,monoclinic,1,0.27719204043766066,0.5290469847977735,1,1,0,1,0,0.96533203125,0.043365478515625,0.921966552734375,0.93096923828125,-0.913177490234375,1.844146728515625,E8BDE2871520AEDE1502E99B1BA5B761358C63B0A98EBAC36DB384B276F3D40B
20260711,ordinary_dynamic_augmentation,Dynamic ERM,cnrs_parent_0243,pattern_710,monoclinic,1,0.03007163126846568,0.00018703796031032004,0,0,0,0,0,0.0005931854248046875,0.0019121170043945312,-0.0013189315795898438,-0.9989185333251953,-0.9961347579956055,-0.0027837753295898438,E8BDE2871520AEDE1502E99B1BA5B761358C63B0A98EBAC36DB384B276F3D40B
20260711,ordinary_dynamic_augmentation,Dynamic ERM,cnrs_parent_0251,pattern_745,monoclinic,1,0.7585112072044994,0.4813210068203663,1,2,0,0,0,0.2054443359375,0.173095703125,0.0323486328125,-0.3800048828125,-0.649658203125,0.2696533203125,E8BDE2871520AEDE1502E99B1BA5B761358C63B0A98EBAC36DB384B276F3D40B
20260711,ordinary_dynamic_augmentation,Dynamic ERM,cnrs_parent_0254,pattern_756,monoclinic,1,0.03256096217702431,8.655251699780968e-05,0,1,1,1,1,1.0,0.99951171875,0.00048828125,0.9999773502349854,0.9991617202758789,0.0008156299591064453,E8BDE2871520AEDE1502E99B1BA5B761358C63B0A98EBAC36DB384B276F3D40B
20260711,ordinary_dynamic_augmentation,Dynamic ERM,cnrs_parent_0259,pattern_779,monoclinic,1,0.04476301837189811,0.00021350109666500939,0,1,1,1,1,1.0,0.99951171875,0.00048828125,0.9999989867210388,0.9989070892333984,0.0010918974876403809,E8BDE2871520AEDE1502E99B1BA5B761358C63B0A98EBAC36DB384B276F3D40B
20260711,ordinary_dynamic_augmentation,Dynamic ERM,cnrs_parent_0269,pattern_815,monoclinic,1,0.6440431484493414,0.5257403535754002,1,2,0,0,0,0.00037169456481933594,0.057373046875,-0.057001352310180664,-0.7686712741851807,-0.710205078125,-0.058466196060180664,E8BDE2871520AEDE1502E99B1BA5B761358C63B0A98EBAC36DB384B276F3D40B
20260711,ordinary_dynamic_augmentation,Dynamic ERM,cnrs_parent_0271,pattern_825,monoclinic,1,0.2327366230826201,0.0009206130645488173,0,0,0,0,0,3.045797348022461e-05,0.0026836395263671875,-0.002653181552886963,-0.9999695420265198,-0.9943866729736328,-0.005582869052886963,E8BDE2871520AEDE1502E99B1BA5B761358C63B0A98EBAC36DB384B276F3D40B
20260711,ordinary_dynamic_augmentation,Dynamic ERM,cnrs_parent_0273,pattern_831,monoclinic,1,0.12490158930029127,0.2957798518024791,1,1,0,1,0,0.90625,0.2017822265625,0.7044677734375,0.8258056640625,-0.5965576171875,1.42236328125,E8BDE2871520AEDE1502E99B1BA5B761358C63B0A98EBAC36DB384B276F3D40B
20260711,ordinary_dynamic_augmentation,Dynamic ERM,cnrs_parent_0274,pattern_833,monoclinic,1,0.05575067389279009,0.20532234620896195,1,1,0,1,0,0.55810546875,0.0226287841796875,0.5354766845703125,0.116455078125,-0.9549102783203125,1.0713653564453125,E8BDE2871520AEDE1502E99B1BA5B761358C63B0A98EBAC36DB384B276F3D40B
20260711,ordinary_dynamic_augmentation,Dynamic ERM,cnrs_parent_0284,pattern_857,monoclinic,1,0.06788150620470934,0.008849924758537383,0,0,0,0,0,0.090087890625,0.028656005859375,0.061431884765625,-0.819580078125,-0.942535400390625,0.122955322265625,E8BDE2871520AEDE1502E99B1BA5B761358C63B0A98EBAC36DB384B276F3D40B
20260711,ordinary_dynamic_augmentation,Dynamic ERM,cnrs_parent_0285,pattern_859,monoclinic,1,0.29415420823254923,0.062016061646305104,0,1,1,1,1,0.62158203125,0.74609375,-0.12451171875,0.4110107421875,0.4921875,-0.0811767578125,E8BDE2871520AEDE1502E99B1BA5B761358C63B0A98EBAC36DB384B276F3D40B
20260711,ordinary_dynamic_augmentation,Dynamic ERM,cnrs_parent_0292,pattern_885,monoclinic,1,0.01881378731404315,6.0923808866770265e-06,0,1,1,1,1,1.0,1.0,0.0,0.999979555606842,0.9999487400054932,3.081560134887695e-05,E8BDE2871520AEDE1502E99B1BA5B761358C63B0A98EBAC36DB384B276F3D40B
20260711,ordinary_dynamic_augmentation,Dynamic ERM,cnrs_parent_0294,pattern_890,monoclinic,1,0.23115148154563336,0.49755986881018666,1,1,0,1,0,0.8759765625,5.02467155456543e-05,0.8759263157844543,0.75177001953125,-0.9999497532844543,1.7517197728157043,E8BDE2871520AEDE1502E99B1BA5B761358C63B0A98EBAC36DB384B276F3D40B
20260711,ordinary_dynamic_augmentation,Dynamic ERM,cnrs_parent_0295,pattern_895,monoclinic,1,0.2200714747780731,0.00021464097571215424,0,0,0,0,0,7.396936416625977e-05,0.0008759498596191406,-0.0008019804954528809,-0.9999260306358337,-0.9981474876403809,-0.0017785429954528809,E8BDE2871520AEDE1502E99B1BA5B761358C63B0A98EBAC36DB384B276F3D40B
20260711,ordinary_dynamic_augmentation,Dynamic ERM,cnrs_parent_0296,pattern_896,monoclinic,1,0.05942027666220706,0.001007095817649168,0,1,1,1,1,1.0,0.99658203125,0.00341796875,0.999944806098938,0.9940338134765625,0.005910992622375488,E8BDE2871520AEDE1502E99B1BA5B761358C63B0A98EBAC36DB384B276F3D40B
20260711,ordinary_dynamic_augmentation,Dynamic ERM,cnrs_parent_0297,pattern_906,monoclinic,1,0.25310715359184577,0.6513317747215903,1,0,1,0,1,0.0013885498046875,0.9794921875,-0.9781036376953125,-0.9971466064453125,0.9657363891601562,-1.9628829956054688,E8BDE2871520AEDE1502E99B1BA5B761358C63B0A98EBAC36DB384B276F3D40B
20260711,ordinary_dynamic_augmentation,Dynamic ERM,cnrs_parent_0298,pattern_907,monoclinic,1,0.13118756050799552,0.009808148593627693,0,0,0,0,0,4.589557647705078e-06,0.02777099609375,-0.027766406536102295,-0.9999954104423523,-0.94390869140625,-0.056086719036102295,E8BDE2871520AEDE1502E99B1BA5B761358C63B0A98EBAC36DB384B276F3D40B
20260711,ordinary_dynamic_augmentation,Dynamic ERM,cnrs_parent_0301,pattern_912,monoclinic,1,0.09620287310568065,0.0025862620869846415,0,1,1,1,1,1.0,0.9921875,0.0078125,0.9999545812606812,0.9884300231933594,0.011524558067321777,E8BDE2871520AEDE1502E99B1BA5B761358C63B0A98EBAC36DB384B276F3D40B
20260711,ordinary_dynamic_augmentation,Dynamic ERM,cnrs_parent_0305,pattern_930,monoclinic,1,0.8311661567478652,0.6920110355379797,1,1,0,1,0,0.9697265625,5.960464477539063e-08,0.9697265028953552,0.940093994140625,-0.9999999403953552,1.9400939345359802,E8BDE2871520AEDE1502E99B1BA5B761358C63B0A98EBAC36DB384B276F3D40B
20260711,ordinary_dynamic_augmentation,Dynamic ERM,cnrs_parent_0306,pattern_938,monoclinic,1,0.11558196656019126,0.011954319841211383,0,1,1,1,1,0.89306640625,0.77978515625,0.11328125,0.786376953125,0.559814453125,0.2265625,E8BDE2871520AEDE1502E99B1BA5B761358C63B0A98EBAC36DB384B276F3D40B
20260711,ordinary_dynamic_augmentation,Dynamic ERM,cnrs_parent_0314,pattern_961,monoclinic,1,0.14158717982642366,0.41125276556595713,1,1,0,1,0,0.9599609375,0.1312255859375,0.8287353515625,0.92034912109375,-0.7374267578125,1.65777587890625,E8BDE2871520AEDE1502E99B1BA5B761358C63B0A98EBAC36DB384B276F3D40B
20260711,ordinary_dynamic_augmentation,Dynamic ERM,cnrs_parent_0320,pattern_977,monoclinic,1,0.19355672398207246,0.0067090223322662165,0,1,1,1,1,0.97998046875,0.99951171875,-0.01953125,0.9674530029296875,0.9992432594299316,-0.03179025650024414,E8BDE2871520AEDE1502E99B1BA5B761358C63B0A98EBAC36DB384B276F3D40B
20260711,ordinary_dynamic_augmentation,Dynamic ERM,cnrs_parent_0323,pattern_998,monoclinic,1,0.831745196162338,0.6675687780926436,1,2,0,0,0,0.0789794921875,0.0207977294921875,0.0581817626953125,-0.8350830078125,-0.9582061767578125,0.1231231689453125,E8BDE2871520AEDE1502E99B1BA5B761358C63B0A98EBAC36DB384B276F3D40B
20260711,ordinary_dynamic_augmentation,Dynamic ERM,cnrs_parent_0007,pattern_1021,monoclinic,1,0.47551755327894074,0.012561726152161765,0,0,0,0,0,0.01177215576171875,0.00029015541076660156,0.011482000350952148,-0.9765090942382812,-0.9718778133392334,-0.0046312808990478516,E8BDE2871520AEDE1502E99B1BA5B761358C63B0A98EBAC36DB384B276F3D40B
20260711,ordinary_dynamic_augmentation,Dynamic ERM,cnrs_parent_0008,pattern_1023,monoclinic,1,0.12033311924770995,0.000889133632381025,0,0,0,0,0,0.00020503997802734375,0.0032596588134765625,-0.0030546188354492188,-0.9997949600219727,-0.9933223724365234,-0.006472587585449219,E8BDE2871520AEDE1502E99B1BA5B761358C63B0A98EBAC36DB384B276F3D40B
20260711,ordinary_dynamic_augmentation,Dynamic ERM,cnrs_parent_0014,pattern_1034,monoclinic,1,0.06433295304807873,0.0035239313168509805,0,4,4,0,0,0.0111236572265625,0.0004220008850097656,0.010701656341552734,-0.9747161865234375,-0.9986014366149902,0.023885250091552734,E8BDE2871520AEDE1502E99B1BA5B761358C63B0A98EBAC36DB384B276F3D40B
20260711,ordinary_dynamic_augmentation,Dynamic ERM,cnrs_parent_0020,pattern_1044,monoclinic,1,0.07239023083377494,0.006152205010196972,0,0,0,0,0,0.00734710693359375,0.039337158203125,-0.03199005126953125,-0.9853286743164062,-0.921112060546875,-0.06421661376953125,E8BDE2871520AEDE1502E99B1BA5B761358C63B0A98EBAC36DB384B276F3D40B
20260711,ordinary_dynamic_augmentation,Dynamic ERM,cnrs_parent_0021,pattern_1045,monoclinic,1,0.02930356521606503,0.165438638377219,1,0,1,0,1,0.39599609375,0.91796875,-0.52197265625,-0.2080078125,0.83587646484375,-1.04388427734375,E8BDE2871520AEDE1502E99B1BA5B761358C63B0A98EBAC36DB384B276F3D40B
20260711,ordinary_dynamic_augmentation,Dynamic ERM,cnrs_parent_0070,pattern_20,orthorhombic,2,0.1483338316757402,0.5072989272557384,1,1,0,0,0,0.0014705657958984375,0.0008220672607421875,0.00064849853515625,-0.9692325592041016,-0.9327716827392578,-0.03646087646484375,E8BDE2871520AEDE1502E99B1BA5B761358C63B0A98EBAC36DB384B276F3D40B
20260711,ordinary_dynamic_augmentation,Dynamic ERM,cnrs_parent_0163,pattern_47,orthorhombic,2,0.46305266237849585,0.6441935978018538,1,2,0,1,0,0.57568359375,8.58306884765625e-06,0.5756750106811523,0.17529296875,-0.9995031356811523,1.1747961044311523,E8BDE2871520AEDE1502E99B1BA5B761358C63B0A98EBAC36DB384B276F3D40B
20260711,ordinary_dynamic_augmentation,Dynamic ERM,cnrs_parent_0173,pattern_49,orthorhombic,2,0.04316340197857149,0.0021932528218701684,0,1,1,0,0,0.0,0.0,0.0,-0.9970703125,-0.98486328125,-0.01220703125,E8BDE2871520AEDE1502E99B1BA5B761358C63B0A98EBAC36DB384B276F3D40B
20260711,ordinary_dynamic_augmentation,Dynamic ERM,cnrs_parent_0224,pattern_63,orthorhombic,2,0.4215661439626429,0.6702789290378501,1,4,1,0,0,5.525350570678711e-05,0.0003254413604736328,-0.0002701878547668457,-0.9848080277442932,-0.9850261211395264,0.0002180933952331543,E8BDE2871520AEDE1502E99B1BA5B761358C63B0A98EBAC36DB384B276F3D40B
20260711,ordinary_dynamic_augmentation,Dynamic ERM,cnrs_parent_0234,pattern_66,orthorhombic,2,0.07980312963714198,0.009937029285637436,0,0,0,0,0,0.0,5.960464477539062e-07,-5.960464477539062e-07,-0.99462890625,-0.9526361227035522,-0.041992783546447754,E8BDE2871520AEDE1502E99B1BA5B761358C63B0A98EBAC36DB384B276F3D40B
20260711,ordinary_dynamic_augmentation,Dynamic ERM,cnrs_parent_0245,pattern_72,orthorhombic,2,0.4207598878204778,0.6830174573515844,1,2,0,1,0,0.6357421875,0.00013887882232666016,0.6356033086776733,0.318603515625,-0.9969314336776733,1.3155349493026733,E8BDE2871520AEDE1502E99B1BA5B761358C63B0A98EBAC36DB384B276F3D40B
20260711,ordinary_dynamic_augmentation,Dynamic ERM,cnrs_parent_0293,pattern_89,orthorhombic,2,0.9128464956416419,0.6931037246315802,1,5,0,0,0,0.07025146484375,5.900859832763672e-06,0.07024556398391724,-0.85894775390625,-0.9995058178901672,0.14055806398391724,E8BDE2871520AEDE1502E99B1BA5B761358C63B0A98EBAC36DB384B276F3D40B
20260711,ordinary_dynamic_augmentation,Dynamic ERM,cnrs_parent_0025,pattern_106,orthorhombic,2,1.2356086576077623,0.6896594910525514,1,1,6,0,0,0.0010404586791992188,0.291259765625,-0.2902193069458008,-0.9979829788208008,-0.183349609375,-0.8146333694458008,E8BDE2871520AEDE1502E99B1BA5B761358C63B0A98EBAC36DB384B276F3D40B
20260711,ordinary_dynamic_augmentation,Dynamic ERM,cnrs_parent_0032,pattern_114,orthorhombic,2,0.7982225736646593,0.561684587830117,1,2,1,1,0,0.99853515625,0.07073974609375,0.92779541015625,0.9971952438354492,-0.62994384765625,1.6271390914916992,E8BDE2871520AEDE1502E99B1BA5B761358C63B0A98EBAC36DB384B276F3D40B
20260711,ordinary_dynamic_augmentation,Dynamic ERM,cnrs_parent_0033,pattern_116,orthorhombic,2,0.15531573749360483,0.0016109195203058593,0,1,1,0,0,0.00010102987289428711,3.516674041748047e-06,9.751319885253906e-05,-0.9979458451271057,-0.9902308583259583,-0.007714986801147461,E8BDE2871520AEDE1502E99B1BA5B761358C63B0A98EBAC36DB384B276F3D40B
20260711,ordinary_dynamic_augmentation,Dynamic ERM,cnrs_parent_0034,pattern_117,orthorhombic,2,0.2772451622815919,0.008761868009550602,0,1,1,0,0,0.010223388671875,0.01366424560546875,-0.00344085693359375,-0.906768798828125,-0.9184646606445312,0.01169586181640625,E8BDE2871520AEDE1502E99B1BA5B761358C63B0A98EBAC36DB384B276F3D40B
20260711,ordinary_dynamic_augmentation,Dynamic ERM,cnrs_parent_0037,pattern_123,orthorhombic,2,0.8606945695710746,0.6564480501032199,1,1,2,0,1,0.01436614990234375,0.7998046875,-0.7854385375976562,-0.8884658813476562,0.6083984375,-1.4968643188476562,E8BDE2871520AEDE1502E99B1BA5B761358C63B0A98EBAC36DB384B276F3D40B
20260711,ordinary_dynamic_augmentation,Dynamic ERM,cnrs_parent_0043,pattern_131,orthorhombic,2,0.9450027121618547,0.6407167198237095,1,1,0,0,0,2.1457672119140625e-06,0.1405029296875,-0.14050078392028809,-0.9931619167327881,-0.6822509765625,-0.3109109401702881,E8BDE2871520AEDE1502E99B1BA5B761358C63B0A98EBAC36DB384B276F3D40B
20260711,ordinary_dynamic_augmentation,Dynamic ERM,cnrs_parent_0044,pattern_132,orthorhombic,2,0.02981764444364099,0.004290061734396635,0,1,1,0,0,0.00019156932830810547,0.0002167224884033203,-2.5153160095214844e-05,-0.9011756181716919,-0.9485137462615967,0.047338128089904785,E8BDE2871520AEDE1502E99B1BA5B761358C63B0A98EBAC36DB384B276F3D40B
20260711,ordinary_dynamic_augmentation,Dynamic ERM,cnrs_parent_0045,pattern_135,orthorhombic,2,0.26298935750919916,0.0014943807388982683,0,0,0,0,0,0.0006260871887207031,1.728534698486328e-05,0.0006088018417358398,-0.9983973503112793,-0.9955881834030151,-0.00280916690826416,E8BDE2871520AEDE1502E99B1BA5B761358C63B0A98EBAC36DB384B276F3D40B
20260711,ordinary_dynamic_augmentation,Dynamic ERM,cnrs_parent_0046,pattern_136,orthorhombic,2,0.22087743402107118,0.0033462209774392194,0,4,4,0,0,0.0010499954223632812,0.00026488304138183594,0.0007851123809814453,-0.9974851608276367,-0.9889929294586182,-0.008492231369018555,E8BDE2871520AEDE1502E99B1BA5B761358C63B0A98EBAC36DB384B276F3D40B
20260711,ordinary_dynamic_augmentation,Dynamic ERM,cnrs_parent_0048,pattern_148,orthorhombic,2,0.5838700135735999,0.5630954652269256,1,1,3,0,0,0.11651611328125,0.013580322265625,0.102935791015625,-0.75799560546875,-0.605072021484375,-0.152923583984375,E8BDE2871520AEDE1502E99B1BA5B761358C63B0A98EBAC36DB384B276F3D40B
20260711,ordinary_dynamic_augmentation,Dynamic ERM,cnrs_parent_0054,pattern_166,orthorhombic,2,0.09632782760228997,0.003423281257867016,0,0,0,0,0,1.3113021850585938e-06,5.960464477539063e-08,1.2516975402832031e-06,-0.9541002511978149,-0.9130858778953552,-0.04101437330245972,E8BDE2871520AEDE1502E99B1BA5B761358C63B0A98EBAC36DB384B276F3D40B
20260711,ordinary_dynamic_augmentation,Dynamic ERM,cnrs_parent_0055,pattern_167,orthorhombic,2,0.09489302992852611,0.0026839674865860104,0,1,1,0,0,5.310773849487305e-05,1.4901161193847656e-06,5.161762237548828e-05,-0.9872515797615051,-0.9667953848838806,-0.02045619487762451,E8BDE2871520AEDE1502E99B1BA5B761358C63B0A98EBAC36DB384B276F3D40B
20260711,ordinary_dynamic_augmentation,Dynamic ERM,cnrs_parent_0059,pattern_174,orthorhombic,2,0.9653882739190718,0.5468305329773087,1,1,4,0,0,3.0338764190673828e-05,0.0797119140625,-0.07968157529830933,-0.5326845049858093,-0.8397216796875,0.3070371747016907,E8BDE2871520AEDE1502E99B1BA5B761358C63B0A98EBAC36DB384B276F3D40B
20260711,ordinary_dynamic_augmentation,Dynamic ERM,cnrs_parent_0064,pattern_188,orthorhombic,2,1.742604851002672,0.6931406880630991,1,0,3,0,0,0.0,0.00014638900756835938,-0.00014638900756835938,-0.96630859375,-0.9700684547424316,0.0037598609924316406,E8BDE2871520AEDE1502E99B1BA5B761358C63B0A98EBAC36DB384B276F3D40B
20260711,ordinary_dynamic_augmentation,Dynamic ERM,cnrs_parent_0076,pattern_212,orthorhombic,2,0.15519815534520087,0.09740178823887152,0,0,0,0,0,2.2649765014648438e-06,2.086162567138672e-06,1.7881393432617188e-07,-0.7280250787734985,-0.9970682263374329,0.2690431475639343,E8BDE2871520AEDE1502E99B1BA5B761358C63B0A98EBAC36DB384B276F3D40B
20260711,ordinary_dynamic_augmentation,Dynamic ERM,cnrs_parent_0078,pattern_220,orthorhombic,2,0.057655237401111004,0.1619883134821214,1,1,0,0,0,0.01180267333984375,0.008544921875,0.00325775146484375,-0.7269668579101562,-0.791259765625,0.06429290771484375,E8BDE2871520AEDE1502E99B1BA5B761358C63B0A98EBAC36DB384B276F3D40B
20260711,ordinary_dynamic_augmentation,Dynamic ERM,cnrs_parent_0079,pattern_223,orthorhombic,2,0.2567818883925366,0.4054876462877399,1,1,0,0,0,1.9669532775878906e-06,0.004161834716796875,-0.004159867763519287,-0.8232402205467224,-0.9753303527832031,0.1520901322364807,E8BDE2871520AEDE1502E99B1BA5B761358C63B0A98EBAC36DB384B276F3D40B
20260711,ordinary_dynamic_augmentation,Dynamic ERM,cnrs_parent_0082,pattern_227,orthorhombic,2,0.40243490224233625,0.6486411899782214,1,1,0,0,0,0.0016050338745117188,7.849931716918945e-05,0.0015265345573425293,-0.9656801223754883,-0.9940621256828308,0.02838200330734253,E8BDE2871520AEDE1502E99B1BA5B761358C63B0A98EBAC36DB384B276F3D40B
20260711,ordinary_dynamic_augmentation,Dynamic ERM,cnrs_parent_0086,pattern_238,orthorhombic,2,0.09012271691883278,0.042874878884469725,0,0,0,0,0,5.304813385009766e-06,0.0,5.304813385009766e-06,-0.871088445186615,-0.998046875,0.126958429813385,E8BDE2871520AEDE1502E99B1BA5B761358C63B0A98EBAC36DB384B276F3D40B
20260711,ordinary_dynamic_augmentation,Dynamic ERM,cnrs_parent_0090,pattern_242,orthorhombic,2,0.031831397950183526,0.05219643518563705,0,0,0,0,0,0.297119140625,0.05963134765625,0.23748779296875,-0.404541015625,-0.88079833984375,0.47625732421875,E8BDE2871520AEDE1502E99B1BA5B761358C63B0A98EBAC36DB384B276F3D40B
20260711,ordinary_dynamic_augmentation,Dynamic ERM,cnrs_parent_0100,pattern_268,orthorhombic,2,0.5655622829859734,0.3244225783527521,1,2,1,1,0,0.5126953125,3.874301910400391e-06,0.5126914381980896,0.175048828125,-0.9365195631980896,1.1115683913230896,E8BDE2871520AEDE1502E99B1BA5B761358C63B0A98EBAC36DB384B276F3D40B
20260711,ordinary_dynamic_augmentation,Dynamic ERM,cnrs_parent_0114,pattern_319,orthorhombic,2,1.0409287752496912,0.688487331524408,1,1,2,0,1,0.001087188720703125,0.9990234375,-0.9979362487792969,-0.9974479675292969,0.9978761672973633,-1.9953241348266602,E8BDE2871520AEDE1502E99B1BA5B761358C63B0A98EBAC36DB384B276F3D40B
20260711,ordinary_dynamic_augmentation,Dynamic ERM,cnrs_parent_0119,pattern_334,orthorhombic,2,0.10530620538100188,7.805695075125522e-06,0,0,0,0,0,1.722574234008789e-05,2.9325485229492188e-05,-1.2099742889404297e-05,-0.9999827742576599,-0.9999706745147705,-1.2099742889404297e-05,E8BDE2871520AEDE1502E99B1BA5B761358C63B0A98EBAC36DB384B276F3D40B
20260711,ordinary_dynamic_augmentation,Dynamic ERM,cnrs_parent_0120,pattern_341,orthorhombic,2,0.19419857231308502,0.0006786219167986072,0,0,0,0,0,2.8848648071289062e-05,5.960464477539063e-08,2.8789043426513672e-05,-0.9975297451019287,-0.9999999403953552,0.0024701952934265137,E8BDE2871520AEDE1502E99B1BA5B761358C63B0A98EBAC36DB384B276F3D40B
20260711,ordinary_dynamic_augmentation,Dynamic ERM,cnrs_parent_0136,pattern_382,orthorhombic,2,0.22888281940186483,0.005060165689064734,0,1,1,0,0,2.384185791015625e-07,0.0,2.384185791015625e-07,-0.9741208553314209,-0.9951171875,0.0209963321685791,E8BDE2871520AEDE1502E99B1BA5B761358C63B0A98EBAC36DB384B276F3D40B
20260711,ordinary_dynamic_augmentation,Dynamic ERM,cnrs_parent_0139,pattern_395,orthorhombic,2,0.0549693868847515,0.12543413298312645,0,1,1,0,0,0.0093231201171875,0.003360748291015625,0.005962371826171875,-0.9638214111328125,-0.6079673767089844,-0.3558540344238281,E8BDE2871520AEDE1502E99B1BA5B761358C63B0A98EBAC36DB384B276F3D40B
20260711,ordinary_dynamic_augmentation,Dynamic ERM,cnrs_parent_0150,pattern_427,orthorhombic,2,0.1653708537688412,0.0059838559232654,0,1,1,0,0,7.271766662597656e-06,0.00021970272064208984,-0.0002124309539794922,-0.5781177282333374,-0.6804443597793579,0.10232663154602051,E8BDE2871520AEDE1502E99B1BA5B761358C63B0A98EBAC36DB384B276F3D40B
20260711,ordinary_dynamic_augmentation,Dynamic ERM,cnrs_parent_0152,pattern_439,orthorhombic,2,0.7593190990748129,0.6656474226921143,1,4,1,0,0,3.4749507904052734e-05,0.000255584716796875,-0.00022083520889282227,-0.868617594242096,-0.6935920715332031,-0.17502552270889282,E8BDE2871520AEDE1502E99B1BA5B761358C63B0A98EBAC36DB384B276F3D40B
20260711,ordinary_dynamic_augmentation,Dynamic ERM,cnrs_parent_0156,pattern_451,orthorhombic,2,0.44768644423167936,0.6291000244639133,1,1,0,0,0,3.6597251892089844e-05,0.0,3.6597251892089844e-05,-0.9716430902481079,-1.0,0.02835690975189209,E8BDE2871520AEDE1502E99B1BA5B761358C63B0A98EBAC36DB384B276F3D40B
20260711,ordinary_dynamic_augmentation,Dynamic ERM,cnrs_parent_0164,pattern_470,orthorhombic,2,1.306986511917858,0.6487174656471252,1,0,6,0,0,0.0184478759765625,0.09393310546875,-0.0754852294921875,-0.9522552490234375,-0.37017822265625,-0.5820770263671875,E8BDE2871520AEDE1502E99B1BA5B761358C63B0A98EBAC36DB384B276F3D40B
20260711,ordinary_dynamic_augmentation,Dynamic ERM,cnrs_parent_0167,pattern_476,orthorhombic,2,0.2858308053078338,0.09645246863478714,0,4,4,0,0,2.0265579223632812e-06,0.0021572113037109375,-0.0021551847457885742,-0.9999979734420776,-0.7454013824462891,-0.2545965909957886,E8BDE2871520AEDE1502E99B1BA5B761358C63B0A98EBAC36DB384B276F3D40B
20260711,ordinary_dynamic_augmentation,Dynamic ERM,cnrs_parent_0168,pattern_479,orthorhombic,2,0.15837681858623331,0.038018001288799,0,0,0,0,0,0.0260162353515625,1.7881393432617188e-07,0.026016056537628174,-0.8626556396484375,-0.9990232586860657,0.13636761903762817,E8BDE2871520AEDE1502E99B1BA5B761358C63B0A98EBAC36DB384B276F3D40B
20260711,ordinary_dynamic_augmentation,Dynamic ERM,cnrs_parent_0171,pattern_485,orthorhombic,2,0.24871726357270907,0.504319954930569,1,2,0,1,0,0.99853515625,0.11572265625,0.8828125,0.9970512390136719,-0.7392578125,1.7363090515136719,E8BDE2871520AEDE1502E99B1BA5B761358C63B0A98EBAC36DB384B276F3D40B
20260711,ordinary_dynamic_augmentation,Dynamic ERM,cnrs_parent_0172,pattern_487,orthorhombic,2,0.074695712523969,0.06110234055471121,1,1,0,0,0,0.00267791748046875,0.00011372566223144531,0.0025641918182373047,-0.7341384887695312,-0.6019370555877686,-0.1322014331817627,E8BDE2871520AEDE1502E99B1BA5B761358C63B0A98EBAC36DB384B276F3D40B
20260711,ordinary_dynamic_augmentation,Dynamic ERM,cnrs_parent_0177,pattern_498,orthorhombic,2,0.3416052834773645,0.12184813720853398,0,3,3,0,0,0.11138916015625,0.067138671875,0.04425048828125,-0.75140380859375,-0.565185546875,-0.18621826171875,E8BDE2871520AEDE1502E99B1BA5B761358C63B0A98EBAC36DB384B276F3D40B
20260711,ordinary_dynamic_augmentation,Dynamic ERM,cnrs_parent_0184,pattern_532,orthorhombic,2,0.5925597483523638,0.01736893276855448,0,0,0,0,0,8.422136306762695e-05,5.960464477539063e-08,8.416175842285156e-05,-0.9110485911369324,-0.9775390028953552,0.06649041175842285,E8BDE2871520AEDE1502E99B1BA5B761358C63B0A98EBAC36DB384B276F3D40B
20260711,ordinary_dynamic_augmentation,Dynamic ERM,cnrs_parent_0187,pattern_541,orthorhombic,2,0.07275879128222285,2.8852903373430742e-05,0,1,1,0,0,8.285045623779297e-06,0.0,8.285045623779297e-06,-0.9995034337043762,-0.99951171875,8.285045623779297e-06,E8BDE2871520AEDE1502E99B1BA5B761358C63B0A98EBAC36DB384B276F3D40B
20260711,ordinary_dynamic_augmentation,Dynamic ERM,cnrs_parent_0192,pattern_553,orthorhombic,2,0.18816209825680041,0.3620484980181685,1,1,4,0,0,0.00012087821960449219,1.3113021850585938e-06,0.0001195669174194336,-0.8338634967803955,-0.6284166574478149,-0.20544683933258057,E8BDE2871520AEDE1502E99B1BA5B761358C63B0A98EBAC36DB384B276F3D40B
20260711,ordinary_dynamic_augmentation,Dynamic ERM,cnrs_parent_0194,pattern_559,orthorhombic,2,0.9394912332162552,0.4598233370450311,1,1,2,0,1,0.1468505859375,0.9423828125,-0.7955322265625,-0.5538330078125,0.886871337890625,-1.440704345703125,E8BDE2871520AEDE1502E99B1BA5B761358C63B0A98EBAC36DB384B276F3D40B
20260711,ordinary_dynamic_augmentation,Dynamic ERM,cnrs_parent_0197,pattern_566,orthorhombic,2,0.2509935868891233,0.09956916722576462,0,1,1,0,0,0.00013005733489990234,0.25927734375,-0.2591472864151001,-0.9984050989151001,-0.4794921875,-0.5189129114151001,E8BDE2871520AEDE1502E99B1BA5B761358C63B0A98EBAC36DB384B276F3D40B
20260711,ordinary_dynamic_augmentation,Dynamic ERM,cnrs_parent_0202,pattern_577,orthorhombic,2,0.008093764174963658,1.4373727891956304e-07,0,0,0,0,0,1.1920928955078125e-07,0.0,1.1920928955078125e-07,-0.9999998807907104,-1.0,1.1920928955078125e-07,E8BDE2871520AEDE1502E99B1BA5B761358C63B0A98EBAC36DB384B276F3D40B
20260711,ordinary_dynamic_augmentation,Dynamic ERM,cnrs_parent_0204,pattern_581,orthorhombic,2,0.30728958451187516,0.09411297062664337,0,1,1,0,0,0.05517578125,0.3984375,-0.34326171875,-0.888671875,-0.19970703125,-0.68896484375,E8BDE2871520AEDE1502E99B1BA5B761358C63B0A98EBAC36DB384B276F3D40B
20260711,ordinary_dynamic_augmentation,Dynamic ERM,cnrs_parent_0206,pattern_583,orthorhombic,2,0.012855806788964474,0.04247115754257336,0,3,3,0,0,5.543231964111328e-05,5.2869319915771484e-05,2.562999725341797e-06,-0.8847101926803589,-0.6420369744300842,-0.24267321825027466,E8BDE2871520AEDE1502E99B1BA5B761358C63B0A98EBAC36DB384B276F3D40B
20260711,ordinary_dynamic_augmentation,Dynamic ERM,cnrs_parent_0227,pattern_634,orthorhombic,2,0.4922187040136552,0.1438950687048467,0,0,0,0,0,9.417533874511719e-05,3.3855438232421875e-05,6.031990051269531e-05,-0.6346714496612549,-0.9989895820617676,0.3643181324005127,E8BDE2871520AEDE1502E99B1BA5B761358C63B0A98EBAC36DB384B276F3D40B
20260711,ordinary_dynamic_augmentation,Dynamic ERM,cnrs_parent_0230,pattern_646,orthorhombic,2,0.3020583612767671,0.24757689840361563,0,0,0,0,0,0.4267578125,0.0,0.4267578125,-0.01708984375,-1.0,0.98291015625,E8BDE2871520AEDE1502E99B1BA5B761358C63B0A98EBAC36DB384B276F3D40B
20260711,ordinary_dynamic_augmentation,Dynamic ERM,cnrs_parent_0235,pattern_660,orthorhombic,2,0.25899763231363404,0.18803436944997765,0,2,2,1,1,0.82958984375,0.61083984375,0.21875,0.671875,0.22705078125,0.44482421875,E8BDE2871520AEDE1502E99B1BA5B761358C63B0A98EBAC36DB384B276F3D40B
20260711,ordinary_dynamic_augmentation,Dynamic ERM,cnrs_parent_0242,pattern_697,orthorhombic,2,0.01665552518446478,1.038620906150443e-07,0,0,0,0,0,0.0,0.0,0.0,-1.0,-1.0,0.0,E8BDE2871520AEDE1502E99B1BA5B761358C63B0A98EBAC36DB384B276F3D40B
20260711,ordinary_dynamic_augmentation,Dynamic ERM,cnrs_parent_0256,pattern_760,orthorhombic,2,1.4600444389680685,0.690880489401777,1,0,3,0,0,0.0010528564453125,0.028106689453125,-0.0270538330078125,-0.9979705810546875,-0.932342529296875,-0.0656280517578125,E8BDE2871520AEDE1502E99B1BA5B761358C63B0A98EBAC36DB384B276F3D40B
20260711,ordinary_dynamic_augmentation,Dynamic ERM,cnrs_parent_0261,pattern_781,orthorhombic,2,0.3867018769766647,0.3770113624044301,1,2,0,1,0,0.97607421875,0.249755859375,0.726318359375,0.9636154174804688,-0.495849609375,1.4594650268554688,E8BDE2871520AEDE1502E99B1BA5B761358C63B0A98EBAC36DB384B276F3D40B
20260711,ordinary_dynamic_augmentation,Dynamic ERM,cnrs_parent_0262,pattern_784,orthorhombic,2,0.31988067121960584,0.1565984485807862,1,1,0,0,0,0.02056884765625,3.337860107421875e-06,0.020565509796142578,-0.70306396484375,-0.7539029121398926,0.05083894729614258,E8BDE2871520AEDE1502E99B1BA5B761358C63B0A98EBAC36DB384B276F3D40B
20260711,ordinary_dynamic_augmentation,Dynamic ERM,cnrs_parent_0267,pattern_800,orthorhombic,2,0.06547317884995707,0.12345178061525645,1,1,0,0,0,0.005435943603515625,0.004642486572265625,0.00079345703125,-0.6981773376464844,-0.7702598571777344,0.07208251953125,E8BDE2871520AEDE1502E99B1BA5B761358C63B0A98EBAC36DB384B276F3D40B
20260711,ordinary_dynamic_augmentation,Dynamic ERM,cnrs_parent_0281,pattern_845,orthorhombic,2,0.43665149962210703,0.13095267326639537,0,0,0,0,0,0.0025348663330078125,4.410743713378906e-06,0.0025304555892944336,-0.6371135711669922,-0.9882768392562866,0.35116326808929443,E8BDE2871520AEDE1502E99B1BA5B761358C63B0A98EBAC36DB384B276F3D40B
20260711,ordinary_dynamic_augmentation,Dynamic ERM,cnrs_parent_0283,pattern_855,orthorhombic,2,0.7446127375850674,0.6886627203208934,1,3,6,0,0,0.0008115768432617188,0.2376708984375,-0.23685932159423828,-0.9977235794067383,-0.3170166015625,-0.6807069778442383,E8BDE2871520AEDE1502E99B1BA5B761358C63B0A98EBAC36DB384B276F3D40B
20260711,ordinary_dynamic_augmentation,Dynamic ERM,cnrs_parent_0286,pattern_861,orthorhombic,2,0.029813087692574625,0.09171257071074411,1,0,1,0,0,2.4437904357910156e-06,4.2438507080078125e-05,-3.999471664428711e-05,-0.6245092749595642,-0.7904849052429199,0.1659756302833557,E8BDE2871520AEDE1502E99B1BA5B761358C63B0A98EBAC36DB384B276F3D40B
20260711,ordinary_dynamic_augmentation,Dynamic ERM,cnrs_parent_0287,pattern_868,orthorhombic,2,0.10784344308377336,0.002275101197891568,0,0,0,0,0,0.0018110275268554688,8.380413055419922e-05,0.0017272233963012695,-0.9913530349731445,-0.9999161958694458,0.00856316089630127,E8BDE2871520AEDE1502E99B1BA5B761358C63B0A98EBAC36DB384B276F3D40B
20260711,ordinary_dynamic_augmentation,Dynamic ERM,cnrs_parent_0299,pattern_908,orthorhombic,2,0.82450772830401,0.34344488962422093,1,1,3,0,0,0.0056915283203125,0.0110931396484375,-0.005401611328125,-0.6866912841796875,-0.9054107666015625,0.218719482421875,E8BDE2871520AEDE1502E99B1BA5B761358C63B0A98EBAC36DB384B276F3D40B
20260711,ordinary_dynamic_augmentation,Dynamic ERM,cnrs_parent_0307,pattern_939,orthorhombic,2,0.5915140369293831,0.6207708147946449,1,0,1,0,0,8.368492126464844e-05,0.0,8.368492126464844e-05,-0.9774553775787354,-0.94873046875,-0.02872490882873535,E8BDE2871520AEDE1502E99B1BA5B761358C63B0A98EBAC36DB384B276F3D40B
20260711,ordinary_dynamic_augmentation,Dynamic ERM,cnrs_parent_0310,pattern_950,orthorhombic,2,0.6102060380555581,0.5502849372095733,1,4,1,0,0,1.3709068298339844e-06,1.704692840576172e-05,-1.5676021575927734e-05,-0.8642564415931702,-0.8857251405715942,0.021468698978424072,E8BDE2871520AEDE1502E99B1BA5B761358C63B0A98EBAC36DB384B276F3D40B
20260711,ordinary_dynamic_augmentation,Dynamic ERM,cnrs_parent_0312,pattern_958,orthorhombic,2,0.1567632294635125,0.00035692734342323315,0,1,1,0,0,1.1920928955078125e-07,6.794929504394531e-06,-6.67572021484375e-06,-0.9985350370407104,-0.9999932050704956,0.0014581680297851562,E8BDE2871520AEDE1502E99B1BA5B761358C63B0A98EBAC36DB384B276F3D40B
20260711,ordinary_dynamic_augmentation,Dynamic ERM,cnrs_parent_0318,pattern_972,orthorhombic,2,0.47504074907837124,0.6556984147609133,1,4,0,0,0,4.2498111724853516e-05,0.0,4.2498111724853516e-05,-0.9814028143882751,-1.0,0.018597185611724854,E8BDE2871520AEDE1502E99B1BA5B761358C63B0A98EBAC36DB384B276F3D40B
20260711,ordinary_dynamic_augmentation,Dynamic ERM,cnrs_parent_0002,pattern_1010,orthorhombic,2,0.3652360982642707,0.13655959632950004,0,2,2,1,1,0.88720703125,0.5087890625,0.37841796875,0.81719970703125,0.2589111328125,0.55828857421875,E8BDE2871520AEDE1502E99B1BA5B761358C63B0A98EBAC36DB384B276F3D40B
20260711,ordinary_dynamic_augmentation,Dynamic ERM,cnrs_parent_0003,pattern_1013,orthorhombic,2,0.39878112983488323,0.1188316663552848,0,1,1,0,0,0.0028553009033203125,0.283447265625,-0.2805919647216797,-0.9942150115966797,-0.396240234375,-0.5979747772216797,E8BDE2871520AEDE1502E99B1BA5B761358C63B0A98EBAC36DB384B276F3D40B
20260711,ordinary_dynamic_augmentation,Dynamic ERM,cnrs_parent_0004,pattern_1018,orthorhombic,2,0.7151702572890728,0.6120483556798066,1,1,0,0,0,0.00012540817260742188,0.0,0.00012540817260742188,-0.9515347480773926,-1.0,0.04846525192260742,E8BDE2871520AEDE1502E99B1BA5B761358C63B0A98EBAC36DB384B276F3D40B
20260711,ordinary_dynamic_augmentation,Dynamic ERM,cnrs_parent_0009,pattern_1024,orthorhombic,2,1.0159376868724916,0.6830135760470284,1,4,0,0,0,6.413459777832031e-05,0.00797271728515625,-0.00790858268737793,-0.9901702404022217,-0.7322616577148438,-0.25790858268737793,E8BDE2871520AEDE1502E99B1BA5B761358C63B0A98EBAC36DB384B276F3D40B
20260711,ordinary_dynamic_augmentation,Dynamic ERM,cnrs_parent_0010,pattern_1028,orthorhombic,2,0.07003807146869168,0.0003612929302344003,0,0,0,0,0,2.384185791015625e-07,3.039836883544922e-06,-2.8014183044433594e-06,-0.9902341365814209,-0.9946258664131165,0.004391729831695557,E8BDE2871520AEDE1502E99B1BA5B761358C63B0A98EBAC36DB384B276F3D40B
20260711,ordinary_dynamic_augmentation,Dynamic ERM,cnrs_parent_0013,pattern_1032,orthorhombic,2,0.012035842597421631,1.5320257718186353e-05,0,1,1,0,0,5.841255187988281e-05,1.609325408935547e-05,4.2319297790527344e-05,-0.9955470561981201,-0.9960776567459106,0.0005306005477905273,E8BDE2871520AEDE1502E99B1BA5B761358C63B0A98EBAC36DB384B276F3D40B
20260711,ordinary_dynamic_augmentation,Dynamic ERM,cnrs_parent_0016,pattern_1038,orthorhombic,2,0.22675476612605516,0.0016541393251446484,0,4,4,0,0,2.205371856689453e-06,0.00038313865661621094,-0.0003809332847595215,-0.9999977946281433,-0.9947340488433838,-0.0052637457847595215,E8BDE2871520AEDE1502E99B1BA5B761358C63B0A98EBAC36DB384B276F3D40B
20260711,ordinary_dynamic_augmentation,Dynamic ERM,cnrs_parent_0017,pattern_1039,orthorhombic,2,0.1481692033295159,0.009405931003052106,0,1,1,0,0,1.537799835205078e-05,0.0012149810791015625,-0.0011996030807495117,-0.999008059501648,-0.9665584564208984,-0.03244960308074951,E8BDE2871520AEDE1502E99B1BA5B761358C63B0A98EBAC36DB384B276F3D40B
20260711,ordinary_dynamic_augmentation,Dynamic ERM,cnrs_parent_0018,pattern_1040,orthorhombic,2,0.7589848525426648,0.6796038232229114,1,0,2,0,1,0.001041412353515625,0.830078125,-0.8290367126464844,-0.9735679626464844,0.6697998046875,-1.6433677673339844,E8BDE2871520AEDE1502E99B1BA5B761358C63B0A98EBAC36DB384B276F3D40B
20260711,ordinary_dynamic_augmentation,Dynamic ERM,cnrs_parent_0019,pattern_1043,orthorhombic,2,0.027271966845932027,0.07758179602501426,0,1,1,0,0,0.00023746490478515625,0.00031495094299316406,-7.748603820800781e-05,-0.9196844100952148,-0.5939233303070068,-0.325761079788208,E8BDE2871520AEDE1502E99B1BA5B761358C63B0A98EBAC36DB384B276F3D40B
20260711,ordinary_dynamic_augmentation,Dynamic ERM,cnrs_parent_0133,pattern_37,tetragonal,3,0.906448574646191,0.6902596717196645,1,3,0,1,0,0.62646484375,0.0,0.62646484375,0.43798828125,-1.0,1.43798828125,E8BDE2871520AEDE1502E99B1BA5B761358C63B0A98EBAC36DB384B276F3D40B
20260711,ordinary_dynamic_augmentation,Dynamic ERM,cnrs_parent_0203,pattern_58,tetragonal,3,0.3226358551744679,0.09359003128420396,0,3,3,1,1,0.7880859375,0.833984375,-0.0458984375,0.5760498046875,0.6951904296875,-0.119140625,E8BDE2871520AEDE1502E99B1BA5B761358C63B0A98EBAC36DB384B276F3D40B
20260711,ordinary_dynamic_augmentation,Dynamic ERM,cnrs_parent_0222,pattern_62,tetragonal,3,0.16304383921362176,0.48383202163525396,1,1,2,0,0,0.0,6.496906280517578e-06,-6.496906280517578e-06,-0.99951171875,-0.8637630343437195,-0.13574868440628052,E8BDE2871520AEDE1502E99B1BA5B761358C63B0A98EBAC36DB384B276F3D40B
20260711,ordinary_dynamic_augmentation,Dynamic ERM,cnrs_parent_0264,pattern_79,tetragonal,3,0.17160366824631945,2.7592256707515687e-05,0,3,3,1,1,1.0,1.0,0.0,0.9999985694885254,0.9999353289604187,6.324052810668945e-05,E8BDE2871520AEDE1502E99B1BA5B761358C63B0A98EBAC36DB384B276F3D40B
20260711,ordinary_dynamic_augmentation,Dynamic ERM,cnrs_parent_0023,pattern_105,tetragonal,3,0.6668784354344435,0.5431159921709531,1,3,1,1,0,1.0,0.08575439453125,0.91424560546875,0.9999868869781494,-0.79754638671875,1.7975332736968994,E8BDE2871520AEDE1502E99B1BA5B761358C63B0A98EBAC36DB384B276F3D40B
20260711,ordinary_dynamic_augmentation,Dynamic ERM,cnrs_parent_0038,pattern_124,tetragonal,3,0.6137308762269829,0.6009676964210908,1,4,0,0,0,0.006855010986328125,0.0,0.006855010986328125,-0.8803520202636719,-0.8291015625,-0.051250457763671875,E8BDE2871520AEDE1502E99B1BA5B761358C63B0A98EBAC36DB384B276F3D40B
20260711,ordinary_dynamic_augmentation,Dynamic ERM,cnrs_parent_0052,pattern_156,tetragonal,3,0.16317847834580856,0.03600615135831027,0,0,0,0,0,0.00012421607971191406,0.0,0.00012421607971191406,-0.8846414089202881,-0.9970703125,0.11242890357971191,E8BDE2871520AEDE1502E99B1BA5B761358C63B0A98EBAC36DB384B276F3D40B
20260711,ordinary_dynamic_augmentation,Dynamic ERM,cnrs_parent_0071,pattern_203,tetragonal,3,0.4466448877356394,0.017022397586721884,0,3,3,1,1,1.0,0.95166015625,0.04833984375,0.9999909996986389,0.910491943359375,0.08949905633926392,E8BDE2871520AEDE1502E99B1BA5B761358C63B0A98EBAC36DB384B276F3D40B
20260711,ordinary_dynamic_augmentation,Dynamic ERM,cnrs_parent_0103,pattern_274,tetragonal,3,0.5492416008601391,0.4274603226404228,1,5,4,0,0,0.2666015625,0.371826171875,-0.105224609375,-0.181640625,-0.241455078125,0.059814453125,E8BDE2871520AEDE1502E99B1BA5B761358C63B0A98EBAC36DB384B276F3D40B
20260711,ordinary_dynamic_augmentation,Dynamic ERM,cnrs_parent_0104,pattern_278,tetragonal,3,0.36234082679036683,0.2963092065367131,1,4,0,0,0,0.0540771484375,0.0007476806640625,0.0533294677734375,-0.7052001953125,-0.6179046630859375,-0.0872955322265625,E8BDE2871520AEDE1502E99B1BA5B761358C63B0A98EBAC36DB384B276F3D40B
20260711,ordinary_dynamic_augmentation,Dynamic ERM,cnrs_parent_0106,pattern_283,tetragonal,3,0.026657289793816763,0.0030842737785218032,0,0,0,0,0,4.297494888305664e-05,3.5762786865234375e-07,4.26173210144043e-05,-0.9872617125511169,-0.9990230798721313,0.011761367321014404,E8BDE2871520AEDE1502E99B1BA5B761358C63B0A98EBAC36DB384B276F3D40B
20260711,ordinary_dynamic_augmentation,Dynamic ERM,cnrs_parent_0107,pattern_288,tetragonal,3,0.8640240846340682,0.6510558771027471,1,2,0,0,0,0.206298828125,2.4437904357910156e-06,0.2062963843345642,-0.482177734375,-0.9990209937095642,0.5168432593345642,E8BDE2871520AEDE1502E99B1BA5B761358C63B0A98EBAC36DB384B276F3D40B
20260711,ordinary_dynamic_augmentation,Dynamic ERM,cnrs_parent_0108,pattern_294,tetragonal,3,1.5602497616380993,0.6921497076107663,1,4,1,0,0,1.7881393432617188e-07,0.1951904296875,-0.19519025087356567,-0.9951170086860657,-0.5191650390625,-0.4759519696235657,E8BDE2871520AEDE1502E99B1BA5B761358C63B0A98EBAC36DB384B276F3D40B
20260711,ordinary_dynamic_augmentation,Dynamic ERM,cnrs_parent_0117,pattern_324,tetragonal,3,0.24538370497107898,0.00017470385360451645,0,3,3,1,1,0.99951171875,0.99951171875,0.0,0.9991457462310791,0.9992969036102295,-0.00015115737915039062,E8BDE2871520AEDE1502E99B1BA5B761358C63B0A98EBAC36DB384B276F3D40B
20260711,ordinary_dynamic_augmentation,Dynamic ERM,cnrs_parent_0118,pattern_327,tetragonal,3,0.6279392084041369,0.6874434058513698,1,3,0,1,0,0.9951171875,0.0009512901306152344,0.9941658973693848,0.9902687072753906,-0.9946541786193848,1.9849228858947754,E8BDE2871520AEDE1502E99B1BA5B761358C63B0A98EBAC36DB384B276F3D40B
20260711,ordinary_dynamic_augmentation,Dynamic ERM,cnrs_parent_0144,pattern_409,tetragonal,3,1.4865485453247835,0.6927649549853401,1,4,1,0,0,0.1107177734375,2.384185791015625e-07,0.1107175350189209,-0.6978759765625,-0.9687497615814209,0.2708737850189209,E8BDE2871520AEDE1502E99B1BA5B761358C63B0A98EBAC36DB384B276F3D40B
20260711,ordinary_dynamic_augmentation,Dynamic ERM,cnrs_parent_0155,pattern_448,tetragonal,3,0.3010169971874511,0.001784657326908383,0,3,3,1,1,0.96435546875,0.96728515625,-0.0029296875,0.929656982421875,0.9394683837890625,-0.0098114013671875,E8BDE2871520AEDE1502E99B1BA5B761358C63B0A98EBAC36DB384B276F3D40B
20260711,ordinary_dynamic_augmentation,Dynamic ERM,cnrs_parent_0166,pattern_475,tetragonal,3,0.37781682652091575,0.30321551247658285,1,2,3,0,1,0.25634765625,0.6650390625,-0.40869140625,-0.21533203125,0.339599609375,-0.554931640625,E8BDE2871520AEDE1502E99B1BA5B761358C63B0A98EBAC36DB384B276F3D40B
20260711,ordinary_dynamic_augmentation,Dynamic ERM,cnrs_parent_0185,pattern_533,tetragonal,3,1.3694916808197442,0.6931402209369932,1,3,0,1,0,0.97705078125,0.0,0.97705078125,0.9593658447265625,-1.0,1.9593658447265625,E8BDE2871520AEDE1502E99B1BA5B761358C63B0A98EBAC36DB384B276F3D40B
20260711,ordinary_dynamic_augmentation,Dynamic ERM,cnrs_parent_0201,pattern_576,tetragonal,3,0.6295371811849002,0.3757313266098389,1,5,4,0,0,0.1444091796875,0.357421875,-0.2130126953125,-0.3460693359375,-0.06884765625,-0.2772216796875,E8BDE2871520AEDE1502E99B1BA5B761358C63B0A98EBAC36DB384B276F3D40B
20260711,ordinary_dynamic_augmentation,Dynamic ERM,cnrs_parent_0215,pattern_606,tetragonal,3,0.05945940979101583,0.02490623317054424,0,0,0,0,0,0.00016307830810546875,2.5033950805664062e-05,0.0001380443572998047,-0.8953447341918945,-0.9887444972991943,0.0933997631072998,E8BDE2871520AEDE1502E99B1BA5B761358C63B0A98EBAC36DB384B276F3D40B
20260711,ordinary_dynamic_augmentation,Dynamic ERM,cnrs_parent_0218,pattern_615,tetragonal,3,0.4440910963812037,0.2418266307607413,1,2,3,0,1,0.30615234375,0.73095703125,-0.4248046875,-0.19775390625,0.475341796875,-0.673095703125,E8BDE2871520AEDE1502E99B1BA5B761358C63B0A98EBAC36DB384B276F3D40B
20260711,ordinary_dynamic_augmentation,Dynamic ERM,cnrs_parent_0225,pattern_631,tetragonal,3,0.9886674339200787,0.6465893402496273,1,2,0,0,0,0.2086181640625,0.017822265625,0.1907958984375,-0.5697021484375,-0.795166015625,0.2254638671875,E8BDE2871520AEDE1502E99B1BA5B761358C63B0A98EBAC36DB384B276F3D40B
20260711,ordinary_dynamic_augmentation,Dynamic ERM,cnrs_parent_0226,pattern_633,tetragonal,3,0.5005144166591751,0.09872923045561116,0,3,3,1,1,0.73974609375,0.99951171875,-0.259765625,0.5286865234375,0.9991405010223389,-0.47045397758483887,E8BDE2871520AEDE1502E99B1BA5B761358C63B0A98EBAC36DB384B276F3D40B
20260711,ordinary_dynamic_augmentation,Dynamic ERM,cnrs_parent_0228,pattern_638,tetragonal,3,0.23519497109233978,0.4727558175064872,1,1,3,0,1,0.1051025390625,0.97314453125,-0.8680419921875,-0.7781982421875,0.9543609619140625,-1.7325592041015625,E8BDE2871520AEDE1502E99B1BA5B761358C63B0A98EBAC36DB384B276F3D40B
20260711,ordinary_dynamic_augmentation,Dynamic ERM,cnrs_parent_0231,pattern_648,tetragonal,3,0.6014373181299417,0.5764241021990004,1,4,0,0,0,0.012237548828125,7.152557373046875e-07,0.012236833572387695,-0.895965576171875,-0.9990227222442627,0.1030571460723877,E8BDE2871520AEDE1502E99B1BA5B761358C63B0A98EBAC36DB384B276F3D40B
20260711,ordinary_dynamic_augmentation,Dynamic ERM,cnrs_parent_0239,pattern_682,tetragonal,3,0.4835822407078496,0.33735848730805873,1,2,0,0,0,0.00853729248046875,1.9252300262451172e-05,0.008518040180206299,-0.6237869262695312,-0.9990041851997375,0.3752172589302063,E8BDE2871520AEDE1502E99B1BA5B761358C63B0A98EBAC36DB384B276F3D40B
20260711,ordinary_dynamic_augmentation,Dynamic ERM,cnrs_parent_0247,pattern_724,tetragonal,3,0.2683282476012083,0.0008812108300920045,0,3,3,1,1,0.99755859375,1.0,-0.00244140625,0.9952678680419922,0.9998352527618408,-0.004567384719848633,E8BDE2871520AEDE1502E99B1BA5B761358C63B0A98EBAC36DB384B276F3D40B
20260711,ordinary_dynamic_augmentation,Dynamic ERM,cnrs_parent_0250,pattern_744,tetragonal,3,0.6741988435443144,0.5786305771547835,1,3,0,1,0,0.54052734375,0.058624267578125,0.481903076171875,0.08349609375,-0.777801513671875,0.861297607421875,E8BDE2871520AEDE1502E99B1BA5B761358C63B0A98EBAC36DB384B276F3D40B
20260711,ordinary_dynamic_augmentation,Dynamic ERM,cnrs_parent_0252,pattern_751,tetragonal,3,1.0757969505116751,0.692993211588002,1,6,2,0,0,8.344650268554688e-07,0.00021016597747802734,-0.00020933151245117188,-0.9999991655349731,-0.976840615272522,-0.023158550262451172,E8BDE2871520AEDE1502E99B1BA5B761358C63B0A98EBAC36DB384B276F3D40B
20260711,ordinary_dynamic_augmentation,Dynamic ERM,cnrs_parent_0258,pattern_772,tetragonal,3,0.684886719242605,0.15091252421417234,1,2,3,0,1,0.215576171875,0.53857421875,-0.322998046875,-0.294677734375,0.343505859375,-0.63818359375,E8BDE2871520AEDE1502E99B1BA5B761358C63B0A98EBAC36DB384B276F3D40B
20260711,ordinary_dynamic_augmentation,Dynamic ERM,cnrs_parent_0263,pattern_785,tetragonal,3,1.0028622715945026,0.6863996369037144,1,2,0,0,0,0.05364990234375,0.0001399517059326172,0.05350995063781738,-0.87213134765625,-0.9979069232940674,0.12577557563781738,E8BDE2871520AEDE1502E99B1BA5B761358C63B0A98EBAC36DB384B276F3D40B
20260711,ordinary_dynamic_augmentation,Dynamic ERM,cnrs_parent_0275,pattern_837,tetragonal,3,0.4065277882742403,0.36491496851956273,1,3,4,1,0,0.99169921875,0.251953125,0.73974609375,0.9835433959960938,-0.103271484375,1.0868148803710938,E8BDE2871520AEDE1502E99B1BA5B761358C63B0A98EBAC36DB384B276F3D40B
20260711,ordinary_dynamic_augmentation,Dynamic ERM,cnrs_parent_0279,pattern_841,tetragonal,3,0.6697994893259127,0.523783584622346,1,2,0,0,0,0.393798828125,0.1031494140625,0.2906494140625,-0.174560546875,-0.5906982421875,0.4161376953125,E8BDE2871520AEDE1502E99B1BA5B761358C63B0A98EBAC36DB384B276F3D40B
20260711,ordinary_dynamic_augmentation,Dynamic ERM,cnrs_parent_0280,pattern_844,tetragonal,3,0.927289877549322,0.6666829331282098,1,5,0,0,0,0.0016241073608398438,6.633996963500977e-05,0.001557767391204834,-0.47811222076416016,-0.985773503780365,0.5076612830162048,E8BDE2871520AEDE1502E99B1BA5B761358C63B0A98EBAC36DB384B276F3D40B
20260711,ordinary_dynamic_augmentation,Dynamic ERM,cnrs_parent_0304,pattern_928,tetragonal,3,1.0000081797209175,0.6496600870031646,1,4,0,0,0,0.009033203125,8.845329284667969e-05,0.00894474983215332,-0.576904296875,-0.9735443592071533,0.3966400623321533,E8BDE2871520AEDE1502E99B1BA5B761358C63B0A98EBAC36DB384B276F3D40B
20260711,ordinary_dynamic_augmentation,Dynamic ERM,cnrs_parent_0315,pattern_963,tetragonal,3,0.7509806708730439,0.36836263023088245,1,3,0,1,0,0.77197265625,0.2083740234375,0.5635986328125,0.604736328125,-0.2835693359375,0.8883056640625,E8BDE2871520AEDE1502E99B1BA5B761358C63B0A98EBAC36DB384B276F3D40B
20260711,ordinary_dynamic_augmentation,Dynamic ERM,cnrs_parent_0317,pattern_966,tetragonal,3,0.8830616041014054,0.4191535115945798,1,2,3,0,1,0.087646484375,0.59326171875,-0.505615234375,-0.789306640625,0.3646240234375,-1.1539306640625,E8BDE2871520AEDE1502E99B1BA5B761358C63B0A98EBAC36DB384B276F3D40B
20260711,ordinary_dynamic_augmentation,Dynamic ERM,cnrs_parent_0319,pattern_975,tetragonal,3,0.19298660550652835,0.0421261613736871,0,0,0,0,0,2.384185791015625e-07,3.796815872192383e-05,-3.7729740142822266e-05,-0.7983396053314209,-0.9687120318412781,0.17037242650985718,E8BDE2871520AEDE1502E99B1BA5B761358C63B0A98EBAC36DB384B276F3D40B
20260711,ordinary_dynamic_augmentation,Dynamic ERM,cnrs_parent_0006,pattern_1020,tetragonal,3,0.6404203495227869,0.2760763562275219,1,3,4,1,0,0.5771484375,0.055908203125,0.521240234375,0.3017578125,-0.4013671875,0.703125,E8BDE2871520AEDE1502E99B1BA5B761358C63B0A98EBAC36DB384B276F3D40B
20260711,ordinary_dynamic_augmentation,Dynamic ERM,cnrs_parent_0022,pattern_1049,tetragonal,3,0.21485571405658455,0.207302854627839,1,3,2,1,0,0.389404296875,0.020782470703125,0.368621826171875,0.069091796875,-0.857635498046875,0.926727294921875,E8BDE2871520AEDE1502E99B1BA5B761358C63B0A98EBAC36DB384B276F3D40B
20260711,ordinary_dynamic_augmentation,Dynamic ERM,cnrs_parent_0075,pattern_21,trigonal,4,0.5564096059411631,0.027064570734305834,0,1,1,0,0,0.034576416015625,6.854534149169922e-06,0.03456956148147583,-0.929290771484375,-0.9506767392158508,0.02138596773147583,E8BDE2871520AEDE1502E99B1BA5B761358C63B0A98EBAC36DB384B276F3D40B
20260711,ordinary_dynamic_augmentation,Dynamic ERM,cnrs_parent_0309,pattern_95,trigonal,4,0.5086386378603032,0.5947645708424499,1,1,0,0,0,0.0070343017578125,0.0002841949462890625,0.0067501068115234375,-0.9812469482421875,-0.9591884613037109,-0.022058486938476562,E8BDE2871520AEDE1502E99B1BA5B761358C63B0A98EBAC36DB384B276F3D40B
20260711,ordinary_dynamic_augmentation,Dynamic ERM,cnrs_parent_0026,pattern_107,trigonal,4,0.9475444734895664,0.6589218530120465,1,4,0,1,0,0.498046875,1.9848346710205078e-05,0.4980270266532898,0.2412109375,-0.9833785891532898,1.2245895266532898,E8BDE2871520AEDE1502E99B1BA5B761358C63B0A98EBAC36DB384B276F3D40B
20260711,ordinary_dynamic_augmentation,Dynamic ERM,cnrs_parent_0041,pattern_127,trigonal,4,0.9825046564672436,0.692990242821653,1,4,1,1,0,0.99609375,5.364418029785156e-06,0.9960883855819702,0.9927043914794922,-0.9809516668319702,1.9736560583114624,E8BDE2871520AEDE1502E99B1BA5B761358C63B0A98EBAC36DB384B276F3D40B
20260711,ordinary_dynamic_augmentation,Dynamic ERM,cnrs_parent_0047,pattern_142,trigonal,4,0.5641364620382956,0.16437661141503274,0,4,4,1,1,0.599609375,0.9765625,-0.376953125,0.204833984375,0.9610214233398438,-0.7561874389648438,E8BDE2871520AEDE1502E99B1BA5B761358C63B0A98EBAC36DB384B276F3D40B
20260711,ordinary_dynamic_augmentation,Dynamic ERM,cnrs_parent_0050,pattern_150,trigonal,4,0.8019241997440041,0.4049174764652776,1,4,0,1,0,0.50732421875,0.2081298828125,0.2991943359375,0.05615234375,-0.1507568359375,0.2069091796875,E8BDE2871520AEDE1502E99B1BA5B761358C63B0A98EBAC36DB384B276F3D40B
20260711,ordinary_dynamic_augmentation,Dynamic ERM,cnrs_parent_0058,pattern_171,trigonal,4,0.4867961866993259,0.6582903706165066,1,1,0,0,0,3.212690353393555e-05,0.001068115234375,-0.0010359883308410645,-0.9985030293464661,-0.985260009765625,-0.013243019580841064,E8BDE2871520AEDE1502E99B1BA5B761358C63B0A98EBAC36DB384B276F3D40B
20260711,ordinary_dynamic_augmentation,Dynamic ERM,cnrs_parent_0068,pattern_194,trigonal,4,0.3347591155637575,0.04892790177254943,0,1,1,0,0,0.0003426074981689453,1.1324882507324219e-06,0.0003414750099182129,-0.999169111251831,-0.8662098050117493,-0.1329593062400818,E8BDE2871520AEDE1502E99B1BA5B761358C63B0A98EBAC36DB384B276F3D40B
20260711,ordinary_dynamic_augmentation,Dynamic ERM,cnrs_parent_0112,pattern_308,trigonal,4,0.27912068187806216,0.1542897012194443,0,1,1,0,0,9.000301361083984e-06,1.3113021850585938e-05,-4.112720489501953e-06,-0.8871980309486389,-0.6791861057281494,-0.2080119252204895,E8BDE2871520AEDE1502E99B1BA5B761358C63B0A98EBAC36DB384B276F3D40B
20260711,ordinary_dynamic_augmentation,Dynamic ERM,cnrs_parent_0116,pattern_323,trigonal,4,0.7800851135233184,0.6455301051344099,1,4,5,1,0,0.9765625,0.0023899078369140625,0.9741725921630859,0.9624710083007812,-0.6538600921630859,1.6163311004638672,E8BDE2871520AEDE1502E99B1BA5B761358C63B0A98EBAC36DB384B276F3D40B
20260711,ordinary_dynamic_augmentation,Dynamic ERM,cnrs_parent_0125,pattern_354,trigonal,4,0.31342739624654936,0.22146133256710115,0,0,0,0,0,0.007511138916015625,0.0,0.007511138916015625,-0.4815025329589844,-1.0,0.5184974670410156,E8BDE2871520AEDE1502E99B1BA5B761358C63B0A98EBAC36DB384B276F3D40B
20260711,ordinary_dynamic_augmentation,Dynamic ERM,cnrs_parent_0126,pattern_357,trigonal,4,0.7746461277099199,0.62827737524542,1,1,0,0,0,0.0006856918334960938,0.00693511962890625,-0.006249427795410156,-0.9421854019165039,-0.9564437866210938,0.014258384704589844,E8BDE2871520AEDE1502E99B1BA5B761358C63B0A98EBAC36DB384B276F3D40B
20260711,ordinary_dynamic_augmentation,Dynamic ERM,cnrs_parent_0141,pattern_398,trigonal,4,0.8769520310540919,0.6893664695284116,1,4,0,1,0,0.9990234375,0.00046944618225097656,0.998553991317749,0.9979629516601562,-0.955096960067749,1.9530599117279053,E8BDE2871520AEDE1502E99B1BA5B761358C63B0A98EBAC36DB384B276F3D40B
20260711,ordinary_dynamic_augmentation,Dynamic ERM,cnrs_parent_0145,pattern_413,trigonal,4,0.5496094848784393,0.4714959897922588,1,1,0,0,0,0.0005636215209960938,1.5616416931152344e-05,0.0005480051040649414,-0.9984598159790039,-0.8510586023330688,-0.14740121364593506,E8BDE2871520AEDE1502E99B1BA5B761358C63B0A98EBAC36DB384B276F3D40B
20260711,ordinary_dynamic_augmentation,Dynamic ERM,cnrs_parent_0146,pattern_415,trigonal,4,0.4130752040667387,0.4383506108308025,1,2,1,0,0,0.3388671875,0.00012201070785522461,0.3387451767921448,-0.06103515625,-0.6043701767921448,0.5433350205421448,E8BDE2871520AEDE1502E99B1BA5B761358C63B0A98EBAC36DB384B276F3D40B
20260711,ordinary_dynamic_augmentation,Dynamic ERM,cnrs_parent_0157,pattern_452,trigonal,4,0.4132226490646772,0.015885753007164733,0,1,1,0,0,0.039276123046875,1.0728836059570312e-06,0.03927505016326904,-0.916290283203125,-0.997069239616394,0.08077895641326904,E8BDE2871520AEDE1502E99B1BA5B761358C63B0A98EBAC36DB384B276F3D40B
20260711,ordinary_dynamic_augmentation,Dynamic ERM,cnrs_parent_0179,pattern_506,trigonal,4,0.9211442643208653,0.693002778866922,1,4,0,1,0,0.99951171875,2.0623207092285156e-05,0.9994910955429077,0.999229907989502,-0.9531043767929077,1.9523342847824097,E8BDE2871520AEDE1502E99B1BA5B761358C63B0A98EBAC36DB384B276F3D40B
20260711,ordinary_dynamic_augmentation,Dynamic ERM,cnrs_parent_0208,pattern_587,trigonal,4,0.2799157731301053,0.0012247591881171258,0,0,0,0,0,0.0,5.364418029785156e-07,-5.364418029785156e-07,-1.0,-0.996581494808197,-0.0034185051918029785,E8BDE2871520AEDE1502E99B1BA5B761358C63B0A98EBAC36DB384B276F3D40B
20260711,ordinary_dynamic_augmentation,Dynamic ERM,cnrs_parent_0211,pattern_591,trigonal,4,0.4152641739091879,0.34729667155819954,1,0,1,0,0,0.0028743743896484375,5.638599395751953e-05,0.002817988395690918,-0.9854068756103516,-0.7357834577560425,-0.24962341785430908,E8BDE2871520AEDE1502E99B1BA5B761358C63B0A98EBAC36DB384B276F3D40B
20260711,ordinary_dynamic_augmentation,Dynamic ERM,cnrs_parent_0220,pattern_617,trigonal,4,0.6227722056296957,0.6279324386890677,1,1,0,0,0,0.001220703125,0.00039196014404296875,0.0008287429809570312,-0.997314453125,-0.871190071105957,-0.12612438201904297,E8BDE2871520AEDE1502E99B1BA5B761358C63B0A98EBAC36DB384B276F3D40B
20260711,ordinary_dynamic_augmentation,Dynamic ERM,cnrs_parent_0237,pattern_673,trigonal,4,1.2254262962936713,0.6931453925291271,1,6,0,0,0,0.0,0.0,0.0,-1.0,-1.0,0.0,E8BDE2871520AEDE1502E99B1BA5B761358C63B0A98EBAC36DB384B276F3D40B
20260711,ordinary_dynamic_augmentation,Dynamic ERM,cnrs_parent_0246,pattern_722,trigonal,4,0.22128765045096355,0.42532281616889345,1,2,4,0,1,0.160400390625,0.64892578125,-0.488525390625,-0.544677734375,0.3251953125,-0.869873046875,E8BDE2871520AEDE1502E99B1BA5B761358C63B0A98EBAC36DB384B276F3D40B
20260711,ordinary_dynamic_augmentation,Dynamic ERM,cnrs_parent_0248,pattern_736,trigonal,4,0.45713285980997187,0.5736667629570247,1,1,0,0,0,0.0006966590881347656,2.0265579223632812e-06,0.0006946325302124023,-0.9978384971618652,-0.9370096921920776,-0.0608288049697876,E8BDE2871520AEDE1502E99B1BA5B761358C63B0A98EBAC36DB384B276F3D40B
20260711,ordinary_dynamic_augmentation,Dynamic ERM,cnrs_parent_0270,pattern_820,trigonal,4,0.6536232045804538,0.6448117904689415,1,2,0,0,0,0.1142578125,0.037078857421875,0.077178955078125,-0.3974609375,-0.923370361328125,0.525909423828125,E8BDE2871520AEDE1502E99B1BA5B761358C63B0A98EBAC36DB384B276F3D40B
20260711,ordinary_dynamic_augmentation,Dynamic ERM,cnrs_parent_0272,pattern_826,trigonal,4,0.6466982658057241,0.6909739484624071,1,2,0,0,0,9.465217590332031e-05,1.7881393432617188e-06,9.28640365600586e-05,-0.9798858165740967,-0.9990216493606567,0.01913583278656006,E8BDE2871520AEDE1502E99B1BA5B761358C63B0A98EBAC36DB384B276F3D40B
20260711,ordinary_dynamic_augmentation,Dynamic ERM,cnrs_parent_0276,pattern_838,trigonal,4,0.1822195629588821,0.019100246808838872,0,1,1,0,0,4.100799560546875e-05,0.00022709369659423828,-0.00018608570098876953,-0.9999589920043945,-0.9450854063034058,-0.05487358570098877,E8BDE2871520AEDE1502E99B1BA5B761358C63B0A98EBAC36DB384B276F3D40B
20260711,ordinary_dynamic_augmentation,Dynamic ERM,cnrs_parent_0277,pattern_839,trigonal,4,1.2014578504834037,0.6925525739742389,1,4,0,1,0,0.99755859375,0.0,0.99755859375,0.9961299896240234,-0.76220703125,1.7583370208740234,E8BDE2871520AEDE1502E99B1BA5B761358C63B0A98EBAC36DB384B276F3D40B
20260711,ordinary_dynamic_augmentation,Dynamic ERM,cnrs_parent_0278,pattern_840,trigonal,4,0.4536138281302864,0.3144143536143553,1,0,1,0,0,0.00018966197967529297,0.0005164146423339844,-0.0003267526626586914,-0.9978572130203247,-0.667940616607666,-0.3299165964126587,E8BDE2871520AEDE1502E99B1BA5B761358C63B0A98EBAC36DB384B276F3D40B
20260711,ordinary_dynamic_augmentation,Dynamic ERM,cnrs_parent_0289,pattern_878,trigonal,4,0.6813396872952795,0.5306129936137546,1,1,2,0,0,0.0087432861328125,0.0010519027709960938,0.007691383361816406,-0.9819793701171875,-0.6307840347290039,-0.3511953353881836,E8BDE2871520AEDE1502E99B1BA5B761358C63B0A98EBAC36DB384B276F3D40B
20260711,ordinary_dynamic_augmentation,Dynamic ERM,cnrs_parent_0302,pattern_915,trigonal,4,0.9066169488066798,0.6786755570341969,1,4,0,1,0,0.93115234375,5.960464477539062e-07,0.9311517477035522,0.86602783203125,-0.9614251852035522,1.8274530172348022,E8BDE2871520AEDE1502E99B1BA5B761358C63B0A98EBAC36DB384B276F3D40B
20260711,ordinary_dynamic_augmentation,Dynamic ERM,cnrs_parent_0308,pattern_943,trigonal,4,0.29613988606453134,0.6819459754018332,1,1,0,0,0,8.410215377807617e-05,1.3232231140136719e-05,7.086992263793945e-05,-0.9994276165962219,-0.9970570802688599,-0.0023705363273620605,E8BDE2871520AEDE1502E99B1BA5B761358C63B0A98EBAC36DB384B276F3D40B
20260711,ordinary_dynamic_augmentation,Dynamic ERM,cnrs_parent_0313,pattern_960,trigonal,4,0.7880901970788499,0.27398192973942814,0,4,4,1,1,1.0,0.400634765625,0.599365234375,0.9997876882553101,0.0302734375,0.9695142507553101,E8BDE2871520AEDE1502E99B1BA5B761358C63B0A98EBAC36DB384B276F3D40B
20260711,ordinary_dynamic_augmentation,Dynamic ERM,cnrs_parent_0012,pattern_1030,trigonal,4,0.09294520247625326,0.3919577139446708,1,6,3,0,0,0.0078582763671875,0.218994140625,-0.2111358642578125,-0.9218292236328125,-0.449951171875,-0.4718780517578125,E8BDE2871520AEDE1502E99B1BA5B761358C63B0A98EBAC36DB384B276F3D40B
20260711,ordinary_dynamic_augmentation,Dynamic ERM,cnrs_parent_0057,pattern_17,hexagonal,5,0.8917748642838716,0.37329932767635543,1,5,0,1,0,0.50927734375,0.0004048347473144531,0.5088725090026855,0.027099609375,-0.5581889152526855,0.5852885246276855,E8BDE2871520AEDE1502E99B1BA5B761358C63B0A98EBAC36DB384B276F3D40B
20260711,ordinary_dynamic_augmentation,Dynamic ERM,cnrs_parent_0065,pattern_19,hexagonal,5,0.20323545600228354,0.16786275778818235,0,3,3,0,0,0.0010585784912109375,9.614229202270508e-05,0.0009624361991882324,-0.5804843902587891,-0.9979507327079773,0.41746634244918823,E8BDE2871520AEDE1502E99B1BA5B761358C63B0A98EBAC36DB384B276F3D40B
20260711,ordinary_dynamic_augmentation,Dynamic ERM,cnrs_parent_0061,pattern_176,hexagonal,5,0.0949446063755367,0.01006069434183616,0,3,3,0,0,9.66191291809082e-05,1.8477439880371094e-06,9.47713851928711e-05,-0.9657236933708191,-0.999021589756012,0.03329789638519287,E8BDE2871520AEDE1502E99B1BA5B761358C63B0A98EBAC36DB384B276F3D40B
20260711,ordinary_dynamic_augmentation,Dynamic ERM,cnrs_parent_0073,pattern_207,hexagonal,5,0.7349782345799603,0.6808162011097795,1,3,0,0,0,1.6450881958007812e-05,5.960464477539063e-08,1.6391277313232422e-05,-0.886702299118042,-0.8476561903953552,-0.03904610872268677,E8BDE2871520AEDE1502E99B1BA5B761358C63B0A98EBAC36DB384B276F3D40B
20260711,ordinary_dynamic_augmentation,Dynamic ERM,cnrs_parent_0093,pattern_249,hexagonal,5,0.06326111500224674,0.318286515294931,1,4,5,0,1,0.1656494140625,0.91357421875,-0.7479248046875,-0.6688232421875,0.82696533203125,-1.49578857421875,E8BDE2871520AEDE1502E99B1BA5B761358C63B0A98EBAC36DB384B276F3D40B
20260711,ordinary_dynamic_augmentation,Dynamic ERM,cnrs_parent_0096,pattern_257,hexagonal,5,0.84809913528441,0.06390472629610303,0,4,4,0,0,0.001438140869140625,0.007843017578125,-0.006404876708984375,-0.9800071716308594,-0.791961669921875,-0.18804550170898438,E8BDE2871520AEDE1502E99B1BA5B761358C63B0A98EBAC36DB384B276F3D40B
20260711,ordinary_dynamic_augmentation,Dynamic ERM,cnrs_parent_0132,pattern_367,hexagonal,5,0.255533657912557,0.07182171586241957,1,1,0,0,0,7.569789886474609e-06,0.0,7.569789886474609e-06,-0.5615158677101135,-0.75439453125,0.19287866353988647,E8BDE2871520AEDE1502E99B1BA5B761358C63B0A98EBAC36DB384B276F3D40B
20260711,ordinary_dynamic_augmentation,Dynamic ERM,cnrs_parent_0159,pattern_457,hexagonal,5,0.7421144774488975,0.04387398732943136,0,3,3,0,0,0.00019121170043945312,0.01136016845703125,-0.011168956756591797,-0.9993205070495605,-0.8660812377929688,-0.1332392692565918,E8BDE2871520AEDE1502E99B1BA5B761358C63B0A98EBAC36DB384B276F3D40B
20260711,ordinary_dynamic_augmentation,Dynamic ERM,cnrs_parent_0216,pattern_608,hexagonal,5,0.9820121972313277,0.6931074374918025,1,4,0,0,0,0.0147857666015625,0.0,0.0147857666015625,-0.9705657958984375,-1.0,0.0294342041015625,E8BDE2871520AEDE1502E99B1BA5B761358C63B0A98EBAC36DB384B276F3D40B
20260711,ordinary_dynamic_augmentation,Dynamic ERM,cnrs_parent_0223,pattern_627,hexagonal,5,0.7281933514891472,0.2089142561068096,0,5,5,1,1,0.51220703125,0.99951171875,-0.4873046875,0.0859375,0.9992191791534424,-0.9132816791534424,E8BDE2871520AEDE1502E99B1BA5B761358C63B0A98EBAC36DB384B276F3D40B
20260711,ordinary_dynamic_augmentation,Dynamic ERM,cnrs_parent_0288,pattern_873,hexagonal,5,0.5028519679904004,0.014227882407395738,0,3,3,0,0,0.00048542022705078125,2.1159648895263672e-05,0.0004642605781555176,-0.9975614547729492,-0.9579866528511047,-0.03957480192184448,E8BDE2871520AEDE1502E99B1BA5B761358C63B0A98EBAC36DB384B276F3D40B
20260711,ordinary_dynamic_augmentation,Dynamic ERM,cnrs_parent_0300,pattern_909,hexagonal,5,0.4197757003732149,0.1778306762744261,0,4,4,0,0,0.12432861328125,0.03790283203125,0.08642578125,-0.65838623046875,-0.38592529296875,-0.2724609375,E8BDE2871520AEDE1502E99B1BA5B761358C63B0A98EBAC36DB384B276F3D40B
20260711,ordinary_dynamic_augmentation,Dynamic ERM,cnrs_parent_0069,pattern_2,cubic,6,1.414201836299422,0.6931407683328922,1,6,0,1,0,0.99462890625,0.0,0.99462890625,0.9901199340820312,-1.0,1.9901199340820312,E8BDE2871520AEDE1502E99B1BA5B761358C63B0A98EBAC36DB384B276F3D40B
20260711,ordinary_dynamic_augmentation,Dynamic ERM,cnrs_parent_0083,pattern_23,cubic,6,0.19547583415603254,0.15197015907855427,0,1,1,0,0,2.384185791015625e-07,0.0,2.384185791015625e-07,-0.5961911678314209,-0.994140625,0.3979494571685791,E8BDE2871520AEDE1502E99B1BA5B761358C63B0A98EBAC36DB384B276F3D40B
20260711,ordinary_dynamic_augmentation,Dynamic ERM,cnrs_parent_0097,pattern_26,cubic,6,0.21195951179808403,0.020805621463862153,0,6,6,1,1,1.0,0.94140625,0.05859375,0.9999974966049194,0.885101318359375,0.11489617824554443,E8BDE2871520AEDE1502E99B1BA5B761358C63B0A98EBAC36DB384B276F3D40B
20260711,ordinary_dynamic_augmentation,Dynamic ERM,cnrs_parent_0101,pattern_27,cubic,6,0.8708685196424817,0.6913298124692493,1,6,4,1,0,0.99951171875,3.5762786865234375e-07,0.9995113611221313,0.9989256858825684,-0.6254879236221313,1.6244136095046997,E8BDE2871520AEDE1502E99B1BA5B761358C63B0A98EBAC36DB384B276F3D40B
20260711,ordinary_dynamic_augmentation,Dynamic ERM,cnrs_parent_0142,pattern_40,cubic,6,0.5136245286120336,0.23522125055335386,0,6,6,1,1,1.0,0.464599609375,0.535400390625,0.999939501285553,0.0185546875,0.981384813785553,E8BDE2871520AEDE1502E99B1BA5B761358C63B0A98EBAC36DB384B276F3D40B
20260711,ordinary_dynamic_augmentation,Dynamic ERM,cnrs_parent_0199,pattern_57,cubic,6,1.3233137375225854,0.6931457017751765,1,6,0,1,0,0.9951171875,0.0,0.9951171875,0.9920711517333984,-1.0,1.9920711517333984,E8BDE2871520AEDE1502E99B1BA5B761358C63B0A98EBAC36DB384B276F3D40B
20260711,ordinary_dynamic_augmentation,Dynamic ERM,cnrs_parent_0241,pattern_69,cubic,6,0.46684008399509425,0.012790218314675472,0,6,6,1,1,1.0,0.96337890625,0.03662109375,0.9999989867210388,0.9425811767578125,0.05741780996322632,E8BDE2871520AEDE1502E99B1BA5B761358C63B0A98EBAC36DB384B276F3D40B
20260711,ordinary_dynamic_augmentation,Dynamic ERM,cnrs_parent_0290,pattern_88,cubic,6,0.32064840159895924,0.5701441893510495,1,1,0,0,0,0.0,0.0,0.0,-0.9990234375,-0.93701171875,-0.06201171875,E8BDE2871520AEDE1502E99B1BA5B761358C63B0A98EBAC36DB384B276F3D40B
20260711,ordinary_dynamic_augmentation,Dynamic ERM,cnrs_parent_0029,pattern_110,cubic,6,0.853883621937594,0.6929090196895291,1,6,2,1,0,0.99951171875,1.3113021850585938e-06,0.9995104074478149,0.999369740486145,-0.9990221261978149,1.99839186668396,E8BDE2871520AEDE1502E99B1BA5B761358C63B0A98EBAC36DB384B276F3D40B
20260711,ordinary_dynamic_augmentation,Dynamic ERM,cnrs_parent_0035,pattern_119,cubic,6,1.3276184425852489,0.6368317508057803,1,6,4,1,0,0.9287109375,2.1696090698242188e-05,0.9286892414093018,0.85931396484375,-0.38376736640930176,1.2430813312530518,E8BDE2871520AEDE1502E99B1BA5B761358C63B0A98EBAC36DB384B276F3D40B
20260711,ordinary_dynamic_augmentation,Dynamic ERM,cnrs_parent_0040,pattern_126,cubic,6,0.8727692897000031,0.6388966276008268,1,4,6,0,1,0.01444244384765625,0.625,-0.6105575561523438,-0.9596786499023438,0.26611328125,-1.2257919311523438,E8BDE2871520AEDE1502E99B1BA5B761358C63B0A98EBAC36DB384B276F3D40B
20260711,ordinary_dynamic_augmentation,Dynamic ERM,cnrs_parent_0062,pattern_178,cubic,6,0.28451585191689843,0.5697011821404261,1,1,0,0,0,0.0,0.0,0.0,-0.9365234375,-0.9990234375,0.0625,E8BDE2871520AEDE1502E99B1BA5B761358C63B0A98EBAC36DB384B276F3D40B
20260711,ordinary_dynamic_augmentation,Dynamic ERM,cnrs_parent_0067,pattern_193,cubic,6,0.6135246465090893,0.639700099747554,1,4,2,0,0,0.08575439453125,8.702278137207031e-06,0.08574569225311279,-0.82196044921875,-0.7724522352218628,-0.04950821399688721,E8BDE2871520AEDE1502E99B1BA5B761358C63B0A98EBAC36DB384B276F3D40B
20260711,ordinary_dynamic_augmentation,Dynamic ERM,cnrs_parent_0077,pattern_215,cubic,6,1.6187032756364257,0.6931452859584519,1,6,0,1,0,1.0,1.7881393432617188e-07,0.9999998211860657,0.9999998807907104,-0.9775388836860657,1.9775387644767761,E8BDE2871520AEDE1502E99B1BA5B761358C63B0A98EBAC36DB384B276F3D40B
20260711,ordinary_dynamic_augmentation,Dynamic ERM,cnrs_parent_0085,pattern_236,cubic,6,0.07032649909705668,0.5510138317827129,1,6,4,1,0,0.9326171875,0.00604248046875,0.92657470703125,0.87896728515625,-0.65020751953125,1.5291748046875,E8BDE2871520AEDE1502E99B1BA5B761358C63B0A98EBAC36DB384B276F3D40B
20260711,ordinary_dynamic_augmentation,Dynamic ERM,cnrs_parent_0105,pattern_279,cubic,6,0.7502376071626085,0.693096487833062,1,6,2,1,0,1.0,2.86102294921875e-06,0.9999971389770508,0.9999963045120239,-0.9936494827270508,1.9936457872390747,E8BDE2871520AEDE1502E99B1BA5B761358C63B0A98EBAC36DB384B276F3D40B
20260711,ordinary_dynamic_augmentation,Dynamic ERM,cnrs_parent_0127,pattern_360,cubic,6,1.3548024818411815,0.6918733696794264,1,6,2,1,0,0.9873046875,0.0,0.9873046875,0.9756317138671875,-0.9970703125,1.9727020263671875,E8BDE2871520AEDE1502E99B1BA5B761358C63B0A98EBAC36DB384B276F3D40B
20260711,ordinary_dynamic_augmentation,Dynamic ERM,cnrs_parent_0129,pattern_363,cubic,6,1.215116647688921,0.6928405981637127,1,6,1,1,0,1.0,1.0371208190917969e-05,0.9999896287918091,0.9998676776885986,-0.5795794725418091,1.5794471502304077,E8BDE2871520AEDE1502E99B1BA5B761358C63B0A98EBAC36DB384B276F3D40B
20260711,ordinary_dynamic_augmentation,Dynamic ERM,cnrs_parent_0131,pattern_366,cubic,6,1.260624557435206,0.693041875505471,1,6,0,1,0,0.9755859375,0.0,0.9755859375,0.9509735107421875,-0.99951171875,1.9504852294921875,E8BDE2871520AEDE1502E99B1BA5B761358C63B0A98EBAC36DB384B276F3D40B
20260711,ordinary_dynamic_augmentation,Dynamic ERM,cnrs_parent_0134,pattern_375,cubic,6,0.9384187396844107,0.693096758061593,1,6,2,1,0,1.0,2.5033950805664062e-06,0.9999974966049194,0.9999924302101135,-0.9990209341049194,1.999013364315033,E8BDE2871520AEDE1502E99B1BA5B761358C63B0A98EBAC36DB384B276F3D40B
20260711,ordinary_dynamic_augmentation,Dynamic ERM,cnrs_parent_0135,pattern_376,cubic,6,0.2454938861461189,0.4322582457866444,1,1,0,0,0,0.0023899078369140625,0.00019860267639160156,0.002191305160522461,-0.5620632171630859,-0.9231412410736084,0.36107802391052246,E8BDE2871520AEDE1502E99B1BA5B761358C63B0A98EBAC36DB384B276F3D40B
20260711,ordinary_dynamic_augmentation,Dynamic ERM,cnrs_parent_0138,pattern_394,cubic,6,1.1768425866759376,0.6922910865092753,1,4,0,0,0,0.001132965087890625,0.0,0.001132965087890625,-0.9969139099121094,-0.9970703125,0.000156402587890625,E8BDE2871520AEDE1502E99B1BA5B761358C63B0A98EBAC36DB384B276F3D40B
20260711,ordinary_dynamic_augmentation,Dynamic ERM,cnrs_parent_0143,pattern_408,cubic,6,0.344745669690814,0.5969011073078387,1,0,2,0,0,5.364418029785156e-07,0.0003159046173095703,-0.0003153681755065918,-0.631347119808197,-0.9528090953826904,0.3214619755744934,E8BDE2871520AEDE1502E99B1BA5B761358C63B0A98EBAC36DB384B276F3D40B
20260711,ordinary_dynamic_augmentation,Dynamic ERM,cnrs_parent_0149,pattern_426,cubic,6,1.2195464534002265,0.6930991096115644,1,6,3,1,0,1.0,7.510185241699219e-06,0.9999924898147583,1.0,-0.9980393648147583,1.9980393648147583,E8BDE2871520AEDE1502E99B1BA5B761358C63B0A98EBAC36DB384B276F3D40B
20260711,ordinary_dynamic_augmentation,Dynamic ERM,cnrs_parent_0160,pattern_458,cubic,6,0.2846279674152802,0.22410725263595865,0,4,4,0,0,2.7477741241455078e-05,4.1544437408447266e-05,-1.4066696166992188e-05,-0.46383970975875854,-0.9931225180625916,0.529282808303833,E8BDE2871520AEDE1502E99B1BA5B761358C63B0A98EBAC36DB384B276F3D40B
20260711,ordinary_dynamic_augmentation,Dynamic ERM,cnrs_parent_0175,pattern_493,cubic,6,0.08317880126393318,3.362308856416712e-05,0,1,1,0,0,0.0,0.0,0.0,-1.0,-1.0,0.0,E8BDE2871520AEDE1502E99B1BA5B761358C63B0A98EBAC36DB384B276F3D40B
20260711,ordinary_dynamic_augmentation,Dynamic ERM,cnrs_parent_0178,pattern_503,cubic,6,0.24242128267460816,0.09918603317403138,0,0,0,0,0,0.0048828125,0.1158447265625,-0.1109619140625,-0.5771484375,-0.3441162109375,-0.2330322265625,E8BDE2871520AEDE1502E99B1BA5B761358C63B0A98EBAC36DB384B276F3D40B
20260711,ordinary_dynamic_augmentation,Dynamic ERM,cnrs_parent_0183,pattern_527,cubic,6,0.4704010482529448,0.6406025534014583,1,4,5,0,0,0.0374755859375,0.0311431884765625,0.0063323974609375,-0.9249267578125,-0.9151458740234375,-0.0097808837890625,E8BDE2871520AEDE1502E99B1BA5B761358C63B0A98EBAC36DB384B276F3D40B
20260711,ordinary_dynamic_augmentation,Dynamic ERM,cnrs_parent_0188,pattern_545,cubic,6,0.20126259600892626,0.14730827559603174,0,1,1,0,0,3.701448440551758e-05,0.0013132095336914062,-0.0012761950492858887,-0.6059200167655945,-0.9855031967163086,0.3795831799507141,E8BDE2871520AEDE1502E99B1BA5B761358C63B0A98EBAC36DB384B276F3D40B
20260711,ordinary_dynamic_augmentation,Dynamic ERM,cnrs_parent_0196,pattern_565,cubic,6,0.11268115632006248,0.3111570588483062,1,1,0,0,0,0.0,0.0,0.0,-0.8779296875,-0.8662109375,-0.01171875,E8BDE2871520AEDE1502E99B1BA5B761358C63B0A98EBAC36DB384B276F3D40B
20260711,ordinary_dynamic_augmentation,Dynamic ERM,cnrs_parent_0200,pattern_570,cubic,6,0.23183862024660107,0.004899550720323208,0,1,1,0,0,0.0,0.0,0.0,-0.99951171875,-0.9833984375,-0.01611328125,E8BDE2871520AEDE1502E99B1BA5B761358C63B0A98EBAC36DB384B276F3D40B
20260711,ordinary_dynamic_augmentation,Dynamic ERM,cnrs_parent_0205,pattern_582,cubic,6,0.40432810172474953,0.20623475565799604,0,6,6,1,1,1.0,0.517578125,0.482421875,0.9999998807907104,0.057373046875,0.9426268339157104,E8BDE2871520AEDE1502E99B1BA5B761358C63B0A98EBAC36DB384B276F3D40B
20260711,ordinary_dynamic_augmentation,Dynamic ERM,cnrs_parent_0217,pattern_609,cubic,6,0.17755768101691982,0.14341680055695602,1,1,0,0,0,0.0,0.0,0.0,-0.94140625,-0.51953125,-0.421875,E8BDE2871520AEDE1502E99B1BA5B761358C63B0A98EBAC36DB384B276F3D40B
20260711,ordinary_dynamic_augmentation,Dynamic ERM,cnrs_parent_0229,pattern_644,cubic,6,0.40714271060763163,0.01750470741371517,0,1,1,0,0,3.933906555175781e-06,0.0,3.933906555175781e-06,-0.9238241910934448,-0.9736328125,0.049808621406555176,E8BDE2871520AEDE1502E99B1BA5B761358C63B0A98EBAC36DB384B276F3D40B
20260711,ordinary_dynamic_augmentation,Dynamic ERM,cnrs_parent_0238,pattern_678,cubic,6,0.2185563916178842,0.03709352271255012,0,0,0,0,0,0.0023937225341796875,0.0,0.0023937225341796875,-0.8940906524658203,-1.0,0.10590934753417969,E8BDE2871520AEDE1502E99B1BA5B761358C63B0A98EBAC36DB384B276F3D40B
20260711,ordinary_dynamic_augmentation,Dynamic ERM,cnrs_parent_0249,pattern_737,cubic,6,0.48767219512064175,0.5742252159889547,1,4,1,0,0,5.960464477539063e-08,0.0,5.960464477539063e-08,-0.9374999403953552,-0.96728515625,0.029785215854644775,E8BDE2871520AEDE1502E99B1BA5B761358C63B0A98EBAC36DB384B276F3D40B
20260711,ordinary_dynamic_augmentation,Dynamic ERM,cnrs_parent_0255,pattern_759,cubic,6,0.10333206687951202,0.4717549951279093,1,6,4,1,0,0.99658203125,0.138671875,0.85791015625,0.9932842254638672,-0.59130859375,1.5845928192138672,E8BDE2871520AEDE1502E99B1BA5B761358C63B0A98EBAC36DB384B276F3D40B
20260711,ordinary_dynamic_augmentation,Dynamic ERM,cnrs_parent_0257,pattern_770,cubic,6,0.2764855895734817,0.00942745143575274,0,4,4,0,0,3.1888484954833984e-05,1.9073486328125e-06,2.9981136322021484e-05,-0.9731126427650452,-0.9999980926513672,0.02688544988632202,E8BDE2871520AEDE1502E99B1BA5B761358C63B0A98EBAC36DB384B276F3D40B
20260711,ordinary_dynamic_augmentation,Dynamic ERM,cnrs_parent_0265,pattern_790,cubic,6,1.1657744802700154,0.6903957759942421,1,6,0,1,0,1.0,0.000659942626953125,0.9993400573730469,0.9999964833259583,-0.9168205261230469,1.9168170094490051,E8BDE2871520AEDE1502E99B1BA5B761358C63B0A98EBAC36DB384B276F3D40B
20260711,ordinary_dynamic_augmentation,Dynamic ERM,cnrs_parent_0266,pattern_794,cubic,6,0.45508719355336724,0.01099392442074441,0,6,6,1,1,0.99951171875,0.9677734375,0.03173828125,0.999382734298706,0.944793701171875,0.054589033126831055,E8BDE2871520AEDE1502E99B1BA5B761358C63B0A98EBAC36DB384B276F3D40B
20260711,ordinary_dynamic_augmentation,Dynamic ERM,cnrs_parent_0268,pattern_810,cubic,6,0.051624482962986384,0.42882109299401405,1,3,1,0,0,0.0021820068359375,0.0272064208984375,-0.0250244140625,-0.9065093994140625,-0.8863677978515625,-0.0201416015625,E8BDE2871520AEDE1502E99B1BA5B761358C63B0A98EBAC36DB384B276F3D40B
20260711,ordinary_dynamic_augmentation,Dynamic ERM,cnrs_parent_0282,pattern_851,cubic,6,0.747316506909987,0.6840128356525843,1,6,4,1,0,0.99755859375,0.00010162591934204102,0.997456967830658,0.9950656890869141,-0.920308530330658,1.915374219417572,E8BDE2871520AEDE1502E99B1BA5B761358C63B0A98EBAC36DB384B276F3D40B
20260711,ordinary_dynamic_augmentation,Dynamic ERM,cnrs_parent_0303,pattern_919,cubic,6,1.6010098427024728,0.6931453162118351,1,6,1,1,0,1.0,0.0,1.0,0.9999988079071045,-0.98779296875,1.9877917766571045,E8BDE2871520AEDE1502E99B1BA5B761358C63B0A98EBAC36DB384B276F3D40B
20260711,ordinary_dynamic_augmentation,Dynamic ERM,cnrs_parent_0311,pattern_956,cubic,6,0.17042577875032128,0.30404349804662445,1,0,1,0,0,0.0,0.0,0.0,-0.994140625,-0.6689453125,-0.3251953125,E8BDE2871520AEDE1502E99B1BA5B761358C63B0A98EBAC36DB384B276F3D40B
20260711,ordinary_dynamic_augmentation,Dynamic ERM,cnrs_parent_0316,pattern_964,cubic,6,1.469966898619147,0.6931089954380252,1,6,0,1,0,0.99951171875,0.0,0.99951171875,0.998988151550293,-0.99267578125,1.991663932800293,E8BDE2871520AEDE1502E99B1BA5B761358C63B0A98EBAC36DB384B276F3D40B
20260711,ordinary_dynamic_augmentation,Dynamic ERM,cnrs_parent_0001,pattern_1009,cubic,6,0.86750429304725,0.6928642760431514,1,6,2,1,0,1.0,2.2649765014648438e-06,0.9999977350234985,0.9999524354934692,-0.8481422662734985,1.8480947017669678,E8BDE2871520AEDE1502E99B1BA5B761358C63B0A98EBAC36DB384B276F3D40B
20260711,ordinary_dynamic_augmentation,Dynamic ERM,cnrs_parent_0024,pattern_1051,cubic,6,0.20181881945015245,0.635361111077951,1,1,0,0,0,0.0,0.0,0.0,-0.9833984375,-0.9951171875,0.01171875,E8BDE2871520AEDE1502E99B1BA5B761358C63B0A98EBAC36DB384B276F3D40B
20260711,js_consistency_transfer,JS Consistency,cnrs_parent_0087,pattern_24,triclinic,0,0.04619098858161175,0.22772384079004,1,1,0,0,1,0.291015625,0.91796875,-0.626953125,-0.41796875,0.83587646484375,-1.25384521484375,3EE1BEB8831E46A8D7014352D5C1ADFAC49B7FE8959894811C1CB559B2CC6B49
20260711,js_consistency_transfer,JS Consistency,cnrs_parent_0189,pattern_55,triclinic,0,0.06479614301625758,0.1657565280292232,1,1,0,0,1,0.1529541015625,0.67919921875,-0.5262451171875,-0.6771240234375,0.4013671875,-1.0784912109375,3EE1BEB8831E46A8D7014352D5C1ADFAC49B7FE8959894811C1CB559B2CC6B49
20260711,js_consistency_transfer,JS Consistency,cnrs_parent_0260,pattern_78,triclinic,0,0.0987920063847002,0.07909477714501119,0,0,0,1,1,0.7216796875,0.98193359375,-0.26025390625,0.444580078125,0.9644927978515625,-0.5199127197265625,3EE1BEB8831E46A8D7014352D5C1ADFAC49B7FE8959894811C1CB559B2CC6B49
20260711,js_consistency_transfer,JS Consistency,cnrs_parent_0322,pattern_99,triclinic,0,0.07420101503817234,0.01906443787264143,0,0,0,1,1,0.91748046875,0.99267578125,-0.0751953125,0.8360595703125,0.9851570129394531,-0.14909744262695312,3EE1BEB8831E46A8D7014352D5C1ADFAC49B7FE8959894811C1CB559B2CC6B49
20260711,js_consistency_transfer,JS Consistency,cnrs_parent_0036,pattern_120,triclinic,0,0.0419741992462046,0.010226281073825345,0,0,0,1,1,0.86181640625,0.9443359375,-0.08251953125,0.730712890625,0.889801025390625,-0.159088134765625,3EE1BEB8831E46A8D7014352D5C1ADFAC49B7FE8959894811C1CB559B2CC6B49
20260711,js_consistency_transfer,JS Consistency,cnrs_parent_0053,pattern_157,triclinic,0,0.06284542170517926,0.18355187384563543,1,1,0,0,1,0.397216796875,0.93798828125,-0.540771484375,-0.203857421875,0.876129150390625,-1.079986572265625,3EE1BEB8831E46A8D7014352D5C1ADFAC49B7FE8959894811C1CB559B2CC6B49
20260711,js_consistency_transfer,JS Consistency,cnrs_parent_0063,pattern_180,triclinic,0,0.053780341276555954,0.013308347670529592,0,1,1,0,0,0.09417724609375,0.208251953125,-0.11407470703125,-0.76861572265625,-0.553466796875,-0.21514892578125,3EE1BEB8831E46A8D7014352D5C1ADFAC49B7FE8959894811C1CB559B2CC6B49
20260711,js_consistency_transfer,JS Consistency,cnrs_parent_0088,pattern_240,triclinic,0,0.019009802083488125,0.00665069289780467,0,0,0,1,1,0.9580078125,0.9921875,-0.0341796875,0.916229248046875,0.9845504760742188,-0.06832122802734375,3EE1BEB8831E46A8D7014352D5C1ADFAC49B7FE8959894811C1CB559B2CC6B49
20260711,js_consistency_transfer,JS Consistency,cnrs_parent_0109,pattern_298,triclinic,0,0.10965312599201349,0.1028501056643685,0,0,0,1,1,0.6552734375,0.95068359375,-0.29541015625,0.364501953125,0.907073974609375,-0.542572021484375,3EE1BEB8831E46A8D7014352D5C1ADFAC49B7FE8959894811C1CB559B2CC6B49
20260711,js_consistency_transfer,JS Consistency,cnrs_parent_0113,pattern_311,triclinic,0,0.04665645158575438,0.00336302662689627,0,0,0,1,1,0.9892578125,1.0,-0.0107421875,0.9803543090820312,0.9998666048049927,-0.019512295722961426,3EE1BEB8831E46A8D7014352D5C1ADFAC49B7FE8959894811C1CB559B2CC6B49
20260711,js_consistency_transfer,JS Consistency,cnrs_parent_0124,pattern_348,triclinic,0,0.05288414815634823,0.04226154296019661,0,1,1,0,0,0.0304412841796875,0.005207061767578125,0.025234222412109375,-0.8626251220703125,-0.8282890319824219,-0.034336090087890625,3EE1BEB8831E46A8D7014352D5C1ADFAC49B7FE8959894811C1CB559B2CC6B49
20260711,js_consistency_transfer,JS Consistency,cnrs_parent_0147,pattern_417,triclinic,0,0.040053562932118925,0.022641380861647402,0,0,0,1,1,0.89306640625,0.98779296875,-0.0947265625,0.786376953125,0.9754562377929688,-0.18907928466796875,3EE1BEB8831E46A8D7014352D5C1ADFAC49B7FE8959894811C1CB559B2CC6B49
20260711,js_consistency_transfer,JS Consistency,cnrs_parent_0148,pattern_423,triclinic,0,0.020077047241749746,0.0001781195469621962,0,0,0,1,1,0.994140625,0.99658203125,-0.00244140625,0.9881820678710938,0.9931793212890625,-0.00499725341796875,3EE1BEB8831E46A8D7014352D5C1ADFAC49B7FE8959894811C1CB559B2CC6B49
20260711,js_consistency_transfer,JS Consistency,cnrs_parent_0154,pattern_444,triclinic,0,0.1304218875378913,0.2705677414231191,1,1,0,0,1,0.39013671875,0.99658203125,-0.6064453125,-0.21923828125,0.9932327270507812,-1.2124710083007812,3EE1BEB8831E46A8D7014352D5C1ADFAC49B7FE8959894811C1CB559B2CC6B49
20260711,js_consistency_transfer,JS Consistency,cnrs_parent_0158,pattern_456,triclinic,0,0.058397794078558385,0.008865843807175753,0,0,0,1,1,0.93798828125,0.98681640625,-0.048828125,0.876129150390625,0.9735946655273438,-0.09746551513671875,3EE1BEB8831E46A8D7014352D5C1ADFAC49B7FE8959894811C1CB559B2CC6B49
20260711,js_consistency_transfer,JS Consistency,cnrs_parent_0161,pattern_464,triclinic,0,0.05354569900690065,0.04572936869612416,0,0,0,1,1,0.85693359375,0.99658203125,-0.1396484375,0.7137451171875,0.9934101104736328,-0.2796649932861328,3EE1BEB8831E46A8D7014352D5C1ADFAC49B7FE8959894811C1CB559B2CC6B49
20260711,js_consistency_transfer,JS Consistency,cnrs_parent_0207,pattern_585,triclinic,0,0.014512062325865993,0.0011844803670685757,0,0,0,1,1,0.9833984375,0.96875,0.0146484375,0.967132568359375,0.938323974609375,0.02880859375,3EE1BEB8831E46A8D7014352D5C1ADFAC49B7FE8959894811C1CB559B2CC6B49
20260711,js_consistency_transfer,JS Consistency,cnrs_parent_0233,pattern_653,triclinic,0,0.08227797495674138,0.01825960831978357,0,1,1,0,0,0.004413604736328125,0.033203125,-0.028789520263671875,-0.9902153015136719,-0.89599609375,-0.09421920776367188,3EE1BEB8831E46A8D7014352D5C1ADFAC49B7FE8959894811C1CB559B2CC6B49
20260711,js_consistency_transfer,JS Consistency,cnrs_parent_0253,pattern_753,triclinic,0,0.028315445387952165,0.0014720449862200193,0,0,0,1,1,0.966796875,0.982421875,-0.015625,0.9404144287109375,0.9705734252929688,-0.03015899658203125,3EE1BEB8831E46A8D7014352D5C1ADFAC49B7FE8959894811C1CB559B2CC6B49
20260711,js_consistency_transfer,JS Consistency,cnrs_parent_0291,pattern_881,triclinic,0,0.12360252178827402,0.1631816802024896,1,1,0,0,1,0.477294921875,0.958984375,-0.481689453125,-0.042724609375,0.91815185546875,-0.96087646484375,3EE1BEB8831E46A8D7014352D5C1ADFAC49B7FE8959894811C1CB559B2CC6B49
20260711,js_consistency_transfer,JS Consistency,cnrs_parent_0321,pattern_979,triclinic,0,0.2767868741420172,0.2273400620383474,0,1,1,0,0,0.050384521484375,0.00803375244140625,0.04235076904296875,-0.390045166015625,-0.9787826538085938,0.5887374877929688,3EE1BEB8831E46A8D7014352D5C1ADFAC49B7FE8959894811C1CB559B2CC6B49
20260711,js_consistency_transfer,JS Consistency,cnrs_parent_0028,pattern_11,monoclinic,1,0.0180022462950451,0.0001990160951869289,0,1,1,1,1,0.99560546875,0.994140625,0.00146484375,0.9920978546142578,0.9885444641113281,0.0035533905029296875,3EE1BEB8831E46A8D7014352D5C1ADFAC49B7FE8959894811C1CB559B2CC6B49
20260711,js_consistency_transfer,JS Consistency,cnrs_parent_0049,pattern_15,monoclinic,1,0.07521388427321785,0.029762283810500306,0,0,0,0,0,0.0977783203125,0.006587982177734375,0.09119033813476562,-0.7908935546875,-0.9865760803222656,0.19568252563476562,3EE1BEB8831E46A8D7014352D5C1ADFAC49B7FE8959894811C1CB559B2CC6B49
20260711,js_consistency_transfer,JS Consistency,cnrs_parent_0115,pattern_32,monoclinic,1,0.04793262321768921,0.0878302464308133,1,1,0,1,0,0.595703125,0.20068359375,0.39501953125,0.329345703125,-0.4052734375,0.734619140625,3EE1BEB8831E46A8D7014352D5C1ADFAC49B7FE8959894811C1CB559B2CC6B49
20260711,js_consistency_transfer,JS Consistency,cnrs_parent_0153,pattern_44,monoclinic,1,0.5205215287235645,0.2954478630581856,0,1,1,1,1,0.5888671875,0.497802734375,0.091064453125,0.3863525390625,0.00390625,0.3824462890625,3EE1BEB8831E46A8D7014352D5C1ADFAC49B7FE8959894811C1CB559B2CC6B49
20260711,js_consistency_transfer,JS Consistency,cnrs_parent_0214,pattern_60,monoclinic,1,0.02900810671079801,0.02915927197895863,0,0,0,0,0,0.357177734375,0.151611328125,0.20556640625,-0.279541015625,-0.694091796875,0.41455078125,3EE1BEB8831E46A8D7014352D5C1ADFAC49B7FE8959894811C1CB559B2CC6B49
20260711,js_consistency_transfer,JS Consistency,cnrs_parent_0236,pattern_67,monoclinic,1,0.3009534378328783,0.0685104303504398,0,0,0,0,0,0.01067352294921875,2.6345252990722656e-05,0.010647177696228027,-0.8047561645507812,-0.9999736547470093,0.19521749019622803,3EE1BEB8831E46A8D7014352D5C1ADFAC49B7FE8959894811C1CB559B2CC6B49
20260711,js_consistency_transfer,JS Consistency,cnrs_parent_0005,pattern_102,monoclinic,1,0.07869166418809659,0.15553144010266728,0,0,0,0,0,0.1790771484375,0.01824951171875,0.16082763671875,-0.3521728515625,-0.95489501953125,0.60272216796875,3EE1BEB8831E46A8D7014352D5C1ADFAC49B7FE8959894811C1CB559B2CC6B49
20260711,js_consistency_transfer,JS Consistency,cnrs_parent_0011,pattern_103,monoclinic,1,0.7444530571641966,0.6660509939895771,1,1,6,1,0,0.79736328125,0.0018186569213867188,0.7955446243286133,0.6463623046875,-0.9757204055786133,1.6220827102661133,3EE1BEB8831E46A8D7014352D5C1ADFAC49B7FE8959894811C1CB559B2CC6B49
20260711,js_consistency_transfer,JS Consistency,cnrs_parent_0027,pattern_109,monoclinic,1,0.0412691957472785,0.03259774993930546,0,1,1,1,1,0.53076171875,0.767578125,-0.23681640625,0.062255859375,0.5389404296875,-0.4766845703125,3EE1BEB8831E46A8D7014352D5C1ADFAC49B7FE8959894811C1CB559B2CC6B49
20260711,js_consistency_transfer,JS Consistency,cnrs_parent_0030,pattern_112,monoclinic,1,0.03452133477031871,0.004065582422045652,0,0,0,0,0,0.02996826171875,0.006877899169921875,0.023090362548828125,-0.93927001953125,-0.9862861633300781,0.047016143798828125,3EE1BEB8831E46A8D7014352D5C1ADFAC49B7FE8959894811C1CB559B2CC6B49
20260711,js_consistency_transfer,JS Consistency,cnrs_parent_0031,pattern_113,monoclinic,1,0.3360214241130459,0.37015635874681285,1,1,0,1,0,0.67822265625,0.2205810546875,0.4576416015625,0.382080078125,-0.5025634765625,0.8846435546875,3EE1BEB8831E46A8D7014352D5C1ADFAC49B7FE8959894811C1CB559B2CC6B49
20260711,js_consistency_transfer,JS Consistency,cnrs_parent_0039,pattern_125,monoclinic,1,0.03579580055763609,0.013164171015983045,0,0,0,0,0,0.0811767578125,0.0151519775390625,0.0660247802734375,-0.8333740234375,-0.9672698974609375,0.1338958740234375,3EE1BEB8831E46A8D7014352D5C1ADFAC49B7FE8959894811C1CB559B2CC6B49
20260711,js_consistency_transfer,JS Consistency,cnrs_parent_0042,pattern_129,monoclinic,1,0.44600255880447004,0.66055702786349,1,1,0,1,0,0.9873046875,0.00016999244689941406,0.9871346950531006,0.97576904296875,-0.9993417263031006,1.9751107692718506,3EE1BEB8831E46A8D7014352D5C1ADFAC49B7FE8959894811C1CB559B2CC6B49
20260711,js_consistency_transfer,JS Consistency,cnrs_parent_0051,pattern_151,monoclinic,1,0.2615035153879878,0.038375387346590885,0,0,0,0,0,0.20751953125,0.057403564453125,0.150115966796875,-0.5634765625,-0.816131591796875,0.252655029296875,3EE1BEB8831E46A8D7014352D5C1ADFAC49B7FE8959894811C1CB559B2CC6B49
20260711,js_consistency_transfer,JS Consistency,cnrs_parent_0060,pattern_175,monoclinic,1,0.17866469443470345,0.3336811197639075,1,1,0,1,0,0.73193359375,0.09637451171875,0.63555908203125,0.599609375,-0.80059814453125,1.40020751953125,3EE1BEB8831E46A8D7014352D5C1ADFAC49B7FE8959894811C1CB559B2CC6B49
20260711,js_consistency_transfer,JS Consistency,cnrs_parent_0066,pattern_192,monoclinic,1,0.29425185011044275,0.18611757954012403,0,1,1,1,1,0.9921875,0.5390625,0.453125,0.9870223999023438,0.111083984375,0.8759384155273438,3EE1BEB8831E46A8D7014352D5C1ADFAC49B7FE8959894811C1CB559B2CC6B49
20260711,js_consistency_transfer,JS Consistency,cnrs_parent_0072,pattern_205,monoclinic,1,0.28941326864335304,0.3402762475838271,1,2,0,0,0,0.07659912109375,0.28125,-0.20465087890625,-0.39166259765625,-0.24853515625,-0.14312744140625,3EE1BEB8831E46A8D7014352D5C1ADFAC49B7FE8959894811C1CB559B2CC6B49
20260711,js_consistency_transfer,JS Consistency,cnrs_parent_0074,pattern_208,monoclinic,1,0.038632660931186,0.11633202095435327,1,1,0,1,0,0.5302734375,0.106201171875,0.424072265625,0.080322265625,-0.782958984375,0.86328125,3EE1BEB8831E46A8D7014352D5C1ADFAC49B7FE8959894811C1CB559B2CC6B49
20260711,js_consistency_transfer,JS Consistency,cnrs_parent_0080,pattern_225,monoclinic,1,0.08450527700071098,0.2535564946201223,1,1,0,1,0,0.88037109375,0.2159423828125,0.6644287109375,0.77020263671875,-0.5677490234375,1.33795166015625,3EE1BEB8831E46A8D7014352D5C1ADFAC49B7FE8959894811C1CB559B2CC6B49
20260711,js_consistency_transfer,JS Consistency,cnrs_parent_0081,pattern_226,monoclinic,1,0.19915002932877457,0.20540097587540915,1,1,0,1,0,0.9169921875,0.42822265625,0.48876953125,0.8421630859375,-0.06640625,0.9085693359375,3EE1BEB8831E46A8D7014352D5C1ADFAC49B7FE8959894811C1CB559B2CC6B49
20260711,js_consistency_transfer,JS Consistency,cnrs_parent_0084,pattern_233,monoclinic,1,0.14018599635764173,0.1385309533711321,1,2,1,0,1,0.31787109375,0.76611328125,-0.4482421875,-0.220703125,0.619873046875,-0.840576171875,3EE1BEB8831E46A8D7014352D5C1ADFAC49B7FE8959894811C1CB559B2CC6B49
20260711,js_consistency_transfer,JS Consistency,cnrs_parent_0089,pattern_241,monoclinic,1,0.040464516791215877,0.03568965983005735,0,0,0,0,0,0.1519775390625,0.01450347900390625,0.13747406005859375,-0.6956787109375,-0.9708480834960938,0.27516937255859375,3EE1BEB8831E46A8D7014352D5C1ADFAC49B7FE8959894811C1CB559B2CC6B49
20260711,js_consistency_transfer,JS Consistency,cnrs_parent_0091,pattern_243,monoclinic,1,0.7842036696425709,0.6767028015023185,1,4,0,0,0,0.02459716796875,0.0031108856201171875,0.021486282348632812,-0.89532470703125,-0.9934711456298828,0.09814643859863281,3EE1BEB8831E46A8D7014352D5C1ADFAC49B7FE8959894811C1CB559B2CC6B49
20260711,js_consistency_transfer,JS Consistency,cnrs_parent_0092,pattern_244,monoclinic,1,0.003905895006346305,0.0006546500895336367,0,1,1,1,1,0.7783203125,0.78369140625,-0.00537109375,0.587646484375,0.6094970703125,-0.0218505859375,3EE1BEB8831E46A8D7014352D5C1ADFAC49B7FE8959894811C1CB559B2CC6B49
20260711,js_consistency_transfer,JS Consistency,cnrs_parent_0094,pattern_250,monoclinic,1,0.280034604309255,0.4018548460255916,1,1,0,1,0,0.49755859375,0.310546875,0.18701171875,0.024658203125,-0.373046875,0.397705078125,3EE1BEB8831E46A8D7014352D5C1ADFAC49B7FE8959894811C1CB559B2CC6B49
20260711,js_consistency_transfer,JS Consistency,cnrs_parent_0095,pattern_255,monoclinic,1,0.6575604008386802,0.6099981598318014,1,4,0,0,0,0.0142059326171875,0.298583984375,-0.2843780517578125,-0.9262237548828125,-0.390380859375,-0.5358428955078125,3EE1BEB8831E46A8D7014352D5C1ADFAC49B7FE8959894811C1CB559B2CC6B49
20260711,js_consistency_transfer,JS Consistency,cnrs_parent_0098,pattern_262,monoclinic,1,0.05830508450888172,0.02235914471676321,0,0,0,0,0,0.093994140625,0.00806427001953125,0.08592987060546875,-0.811767578125,-0.9836349487304688,0.17186737060546875,3EE1BEB8831E46A8D7014352D5C1ADFAC49B7FE8959894811C1CB559B2CC6B49
20260711,js_consistency_transfer,JS Consistency,cnrs_parent_0099,pattern_266,monoclinic,1,0.1485937394657706,0.5117955416630411,1,2,0,0,0,0.0518798828125,0.46240234375,-0.4105224609375,-0.8426513671875,-0.04736328125,-0.7952880859375,3EE1BEB8831E46A8D7014352D5C1ADFAC49B7FE8959894811C1CB559B2CC6B49
20260711,js_consistency_transfer,JS Consistency,cnrs_parent_0102,pattern_273,monoclinic,1,0.3581717216861271,0.6400843105420799,1,2,0,0,0,0.382568359375,0.016143798828125,0.366424560546875,-0.217041015625,-0.967254638671875,0.750213623046875,3EE1BEB8831E46A8D7014352D5C1ADFAC49B7FE8959894811C1CB559B2CC6B49
20260711,js_consistency_transfer,JS Consistency,cnrs_parent_0110,pattern_303,monoclinic,1,0.25108916692123395,0.29680640949276454,1,1,0,1,0,0.50341796875,0.0010652542114257812,0.5023527145385742,0.143798828125,-0.9979581832885742,1.1417570114135742,3EE1BEB8831E46A8D7014352D5C1ADFAC49B7FE8959894811C1CB559B2CC6B49
20260711,js_consistency_transfer,JS Consistency,cnrs_parent_0111,pattern_307,monoclinic,1,0.012937653743182231,0.0006121381709158606,0,1,1,1,1,0.59228515625,0.55810546875,0.0341796875,0.18505859375,0.116455078125,0.068603515625,3EE1BEB8831E46A8D7014352D5C1ADFAC49B7FE8959894811C1CB559B2CC6B49
20260711,js_consistency_transfer,JS Consistency,cnrs_parent_0121,pattern_342,monoclinic,1,0.02570294026509956,0.05797549269759222,0,0,0,0,0,0.32861328125,0.12109375,0.20751953125,-0.20263671875,-0.7197265625,0.51708984375,3EE1BEB8831E46A8D7014352D5C1ADFAC49B7FE8959894811C1CB559B2CC6B49
20260711,js_consistency_transfer,JS Consistency,cnrs_parent_0122,pattern_344,monoclinic,1,0.4679826018837355,0.3193750330126507,0,1,1,1,1,0.501953125,0.50390625,-0.001953125,0.248046875,0.017578125,0.23046875,3EE1BEB8831E46A8D7014352D5C1ADFAC49B7FE8959894811C1CB559B2CC6B49
20260711,js_consistency_transfer,JS Consistency,cnrs_parent_0128,pattern_362,monoclinic,1,0.03506690543881086,0.00037393499910830794,0,1,1,1,1,0.5576171875,0.55224609375,0.00537109375,0.11669921875,0.104736328125,0.011962890625,3EE1BEB8831E46A8D7014352D5C1ADFAC49B7FE8959894811C1CB559B2CC6B49
20260711,js_consistency_transfer,JS Consistency,cnrs_parent_0130,pattern_365,monoclinic,1,0.5310658277047169,0.2918894149327002,1,4,0,0,0,0.0004954338073730469,0.005218505859375,-0.004723072052001953,-0.618156909942627,-0.989410400390625,0.37125349044799805,3EE1BEB8831E46A8D7014352D5C1ADFAC49B7FE8959894811C1CB559B2CC6B49
20260711,js_consistency_transfer,JS Consistency,cnrs_parent_0137,pattern_388,monoclinic,1,0.0896942273931901,0.0005404341318602779,0,0,0,0,0,0.002979278564453125,0.0006613731384277344,0.0023179054260253906,-0.9936027526855469,-0.9988503456115723,0.005247592926025391,3EE1BEB8831E46A8D7014352D5C1ADFAC49B7FE8959894811C1CB559B2CC6B49
20260711,js_consistency_transfer,JS Consistency,cnrs_parent_0140,pattern_397,monoclinic,1,0.13285140403594864,0.21028950618001047,1,1,0,1,0,0.93212890625,0.434326171875,0.497802734375,0.894561767578125,-0.101806640625,0.996368408203125,3EE1BEB8831E46A8D7014352D5C1ADFAC49B7FE8959894811C1CB559B2CC6B49
20260711,js_consistency_transfer,JS Consistency,cnrs_parent_0151,pattern_431,monoclinic,1,0.02884024529760265,0.00197204038202439,0,1,1,1,1,0.92626953125,0.9482421875,-0.02197265625,0.875244140625,0.9049072265625,-0.0296630859375,3EE1BEB8831E46A8D7014352D5C1ADFAC49B7FE8959894811C1CB559B2CC6B49
20260711,js_consistency_transfer,JS Consistency,cnrs_parent_0162,pattern_469,monoclinic,1,0.1267524350916619,0.00016229813112890695,0,0,0,0,0,0.06707763671875,0.0753173828125,-0.00823974609375,-0.86602783203125,-0.8489990234375,-0.01702880859375,3EE1BEB8831E46A8D7014352D5C1ADFAC49B7FE8959894811C1CB559B2CC6B49
20260711,js_consistency_transfer,JS Consistency,cnrs_parent_0165,pattern_474,monoclinic,1,0.5075139644931375,0.6155465571097363,1,1,4,1,0,0.98974609375,0.0333251953125,0.9564208984375,0.9809112548828125,-0.9290771484375,1.9099884033203125,3EE1BEB8831E46A8D7014352D5C1ADFAC49B7FE8959894811C1CB559B2CC6B49
20260711,js_consistency_transfer,JS Consistency,cnrs_parent_0169,pattern_480,monoclinic,1,0.0066634523713902105,0.0016904343197798005,0,0,0,0,0,0.033203125,0.038116455078125,-0.004913330078125,-0.8857421875,-0.850067138671875,-0.035675048828125,3EE1BEB8831E46A8D7014352D5C1ADFAC49B7FE8959894811C1CB559B2CC6B49
20260711,js_consistency_transfer,JS Consistency,cnrs_parent_0170,pattern_482,monoclinic,1,0.06722882879233072,0.0016553941614786704,0,0,0,0,0,0.1790771484375,0.1500244140625,0.029052734375,-0.6265869140625,-0.6932373046875,0.066650390625,3EE1BEB8831E46A8D7014352D5C1ADFAC49B7FE8959894811C1CB559B2CC6B49
20260711,js_consistency_transfer,JS Consistency,cnrs_parent_0174,pattern_491,monoclinic,1,0.13697001868081238,0.39371547928155615,1,1,3,1,0,0.50634765625,0.26806640625,0.23828125,0.02294921875,-0.44091796875,0.4638671875,3EE1BEB8831E46A8D7014352D5C1ADFAC49B7FE8959894811C1CB559B2CC6B49
20260711,js_consistency_transfer,JS Consistency,cnrs_parent_0176,pattern_497,monoclinic,1,0.006983145780915745,0.0010462324838325832,0,0,0,0,0,0.0272216796875,0.0171356201171875,0.0100860595703125,-0.9400634765625,-0.9638214111328125,0.0237579345703125,3EE1BEB8831E46A8D7014352D5C1ADFAC49B7FE8959894811C1CB559B2CC6B49
20260711,js_consistency_transfer,JS Consistency,cnrs_parent_0180,pattern_513,monoclinic,1,0.2663365337274999,0.16939723362971254,1,2,1,0,1,0.39990234375,0.91943359375,-0.51953125,-0.111328125,0.857086181640625,-0.968414306640625,3EE1BEB8831E46A8D7014352D5C1ADFAC49B7FE8959894811C1CB559B2CC6B49
20260711,js_consistency_transfer,JS Consistency,cnrs_parent_0181,pattern_514,monoclinic,1,0.11797588872634646,0.005360086246611729,0,0,0,0,0,0.00225830078125,0.0006260871887207031,0.0016322135925292969,-0.98065185546875,-0.9988856315612793,0.018233776092529297,3EE1BEB8831E46A8D7014352D5C1ADFAC49B7FE8959894811C1CB559B2CC6B49
20260711,js_consistency_transfer,JS Consistency,cnrs_parent_0182,pattern_516,monoclinic,1,0.030338788986755016,0.011817578733482614,0,1,1,1,1,0.96728515625,0.89013671875,0.0771484375,0.935089111328125,0.78131103515625,0.153778076171875,3EE1BEB8831E46A8D7014352D5C1ADFAC49B7FE8959894811C1CB559B2CC6B49
20260711,js_consistency_transfer,JS Consistency,cnrs_parent_0186,pattern_538,monoclinic,1,0.2034990061327131,0.06269360545924937,0,0,0,0,0,0.1512451171875,0.00933837890625,0.14190673828125,-0.6407470703125,-0.98138427734375,0.34063720703125,3EE1BEB8831E46A8D7014352D5C1ADFAC49B7FE8959894811C1CB559B2CC6B49
20260711,js_consistency_transfer,JS Consistency,cnrs_parent_0190,pattern_551,monoclinic,1,0.20270963756887606,0.02802438084460782,0,0,0,0,0,0.07318115234375,0.0081634521484375,0.0650177001953125,-0.81011962890625,-0.9810943603515625,0.1709747314453125,3EE1BEB8831E46A8D7014352D5C1ADFAC49B7FE8959894811C1CB559B2CC6B49
20260711,js_consistency_transfer,JS Consistency,cnrs_parent_0191,pattern_552,monoclinic,1,0.20375926749750306,0.22956742946862885,1,1,0,1,0,0.521484375,8.350610733032227e-05,0.5214008688926697,0.046875,-0.9999164938926697,1.0467914938926697,3EE1BEB8831E46A8D7014352D5C1ADFAC49B7FE8959894811C1CB559B2CC6B49
20260711,js_consistency_transfer,JS Consistency,cnrs_parent_0193,pattern_554,monoclinic,1,0.044563651925274894,0.004990525897655874,0,0,0,0,0,0.0360107421875,0.011505126953125,0.024505615234375,-0.9219970703125,-0.976776123046875,0.054779052734375,3EE1BEB8831E46A8D7014352D5C1ADFAC49B7FE8959894811C1CB559B2CC6B49
20260711,js_consistency_transfer,JS Consistency,cnrs_parent_0195,pattern_560,monoclinic,1,0.06923924088300282,0.16668403294730758,1,1,0,1,0,0.94091796875,0.4375,0.50341796875,0.884185791015625,-0.1240234375,1.008209228515625,3EE1BEB8831E46A8D7014352D5C1ADFAC49B7FE8959894811C1CB559B2CC6B49
20260711,js_consistency_transfer,JS Consistency,cnrs_parent_0198,pattern_568,monoclinic,1,0.030756133590264523,0.02983003159654308,1,1,0,1,0,0.51904296875,0.28125,0.23779296875,0.0537109375,-0.41455078125,0.46826171875,3EE1BEB8831E46A8D7014352D5C1ADFAC49B7FE8959894811C1CB559B2CC6B49
20260711,js_consistency_transfer,JS Consistency,cnrs_parent_0209,pattern_588,monoclinic,1,0.16990516091306307,0.2100523726884019,1,1,0,1,0,0.5341796875,0.011322021484375,0.522857666015625,0.0703125,-0.976470947265625,1.046783447265625,3EE1BEB8831E46A8D7014352D5C1ADFAC49B7FE8959894811C1CB559B2CC6B49
20260711,js_consistency_transfer,JS Consistency,cnrs_parent_0210,pattern_590,monoclinic,1,0.0168271142641373,0.010117167966424381,0,0,0,0,0,0.1480712890625,0.06353759765625,0.08453369140625,-0.6971435546875,-0.87005615234375,0.17291259765625,3EE1BEB8831E46A8D7014352D5C1ADFAC49B7FE8959894811C1CB559B2CC6B49
20260711,js_consistency_transfer,JS Consistency,cnrs_parent_0212,pattern_595,monoclinic,1,0.033420101770194055,0.028573085663187378,1,0,1,0,1,0.44189453125,0.67529296875,-0.2333984375,-0.1123046875,0.3564453125,-0.46875,3EE1BEB8831E46A8D7014352D5C1ADFAC49B7FE8959894811C1CB559B2CC6B49
20260711,js_consistency_transfer,JS Consistency,cnrs_parent_0213,pattern_599,monoclinic,1,0.028881811312584715,0.019749783693019496,0,0,0,0,0,0.255859375,0.1065673828125,0.1492919921875,-0.48486328125,-0.7860107421875,0.3011474609375,3EE1BEB8831E46A8D7014352D5C1ADFAC49B7FE8959894811C1CB559B2CC6B49
20260711,js_consistency_transfer,JS Consistency,cnrs_parent_0219,pattern_616,monoclinic,1,0.08212977549380196,0.09407382452177651,0,0,0,0,0,0.42041015625,0.06463623046875,0.35577392578125,-0.15869140625,-0.87042236328125,0.71173095703125,3EE1BEB8831E46A8D7014352D5C1ADFAC49B7FE8959894811C1CB559B2CC6B49
20260711,js_consistency_transfer,JS Consistency,cnrs_parent_0221,pattern_618,monoclinic,1,0.29860386447083476,0.3967731552325024,1,1,0,1,0,0.4248046875,0.323486328125,0.101318359375,0.1357421875,-0.350830078125,0.486572265625,3EE1BEB8831E46A8D7014352D5C1ADFAC49B7FE8959894811C1CB559B2CC6B49
20260711,js_consistency_transfer,JS Consistency,cnrs_parent_0240,pattern_684,monoclinic,1,0.42425042470890795,0.4527404656740673,1,1,0,1,0,0.85693359375,0.01678466796875,0.84014892578125,0.728515625,-0.96661376953125,1.69512939453125,3EE1BEB8831E46A8D7014352D5C1ADFAC49B7FE8959894811C1CB559B2CC6B49
20260711,js_consistency_transfer,JS Consistency,cnrs_parent_0243,pattern_710,monoclinic,1,0.012865275583949898,0.005226314195056195,0,0,0,0,0,0.058746337890625,0.019866943359375,0.03887939453125,-0.882171630859375,-0.959625244140625,0.07745361328125,3EE1BEB8831E46A8D7014352D5C1ADFAC49B7FE8959894811C1CB559B2CC6B49
20260711,js_consistency_transfer,JS Consistency,cnrs_parent_0251,pattern_745,monoclinic,1,0.14358366135192213,0.1706788730574532,1,2,0,0,0,0.09539794921875,0.07366943359375,0.021728515625,-0.40850830078125,-0.80670166015625,0.398193359375,3EE1BEB8831E46A8D7014352D5C1ADFAC49B7FE8959894811C1CB559B2CC6B49
20260711,js_consistency_transfer,JS Consistency,cnrs_parent_0254,pattern_756,monoclinic,1,0.046225350154470046,0.1027383417571831,0,0,0,0,0,0.380859375,0.03759765625,0.34326171875,-0.232421875,-0.92431640625,0.69189453125,3EE1BEB8831E46A8D7014352D5C1ADFAC49B7FE8959894811C1CB559B2CC6B49
20260711,js_consistency_transfer,JS Consistency,cnrs_parent_0259,pattern_779,monoclinic,1,0.05808799070494142,0.015384676009545371,0,1,1,1,1,0.91552734375,0.80224609375,0.11328125,0.83709716796875,0.607177734375,0.22991943359375,3EE1BEB8831E46A8D7014352D5C1ADFAC49B7FE8959894811C1CB559B2CC6B49
20260711,js_consistency_transfer,JS Consistency,cnrs_parent_0269,pattern_815,monoclinic,1,0.3018654115923304,0.47347456549904904,1,2,3,0,0,0.01506805419921875,0.30419921875,-0.28913116455078125,-0.8965530395507812,-0.21533203125,-0.6812210083007812,3EE1BEB8831E46A8D7014352D5C1ADFAC49B7FE8959894811C1CB559B2CC6B49
20260711,js_consistency_transfer,JS Consistency,cnrs_parent_0271,pattern_825,monoclinic,1,0.14938616122639337,0.0007284123415799988,0,0,0,0,0,0.004100799560546875,0.0006165504455566406,0.0034842491149902344,-0.9919929504394531,-0.9988951683044434,0.006902217864990234,3EE1BEB8831E46A8D7014352D5C1ADFAC49B7FE8959894811C1CB559B2CC6B49
20260711,js_consistency_transfer,JS Consistency,cnrs_parent_0273,pattern_831,monoclinic,1,0.07394736100121435,0.11420151717484744,0,0,0,0,0,0.307861328125,0.046478271484375,0.261383056640625,-0.267333984375,-0.905181884765625,0.637847900390625,3EE1BEB8831E46A8D7014352D5C1ADFAC49B7FE8959894811C1CB559B2CC6B49
20260711,js_consistency_transfer,JS Consistency,cnrs_parent_0274,pattern_833,monoclinic,1,0.06083035923211433,0.00042116340849209763,0,1,1,1,1,0.775390625,0.751953125,0.0234375,0.5513916015625,0.5040283203125,0.04736328125,3EE1BEB8831E46A8D7014352D5C1ADFAC49B7FE8959894811C1CB559B2CC6B49
20260711,js_consistency_transfer,JS Consistency,cnrs_parent_0284,pattern_857,monoclinic,1,0.039825188055399696,0.05183637410776022,0,0,0,0,0,0.12158203125,0.38037109375,-0.2587890625,-0.74951171875,-0.2109375,-0.53857421875,3EE1BEB8831E46A8D7014352D5C1ADFAC49B7FE8959894811C1CB559B2CC6B49
20260711,js_consistency_transfer,JS Consistency,cnrs_parent_0285,pattern_859,monoclinic,1,0.24023008672997148,0.3309856497233561,1,1,0,1,0,0.8203125,0.07440185546875,0.74591064453125,0.655517578125,-0.84942626953125,1.50494384765625,3EE1BEB8831E46A8D7014352D5C1ADFAC49B7FE8959894811C1CB559B2CC6B49
20260711,js_consistency_transfer,JS Consistency,cnrs_parent_0292,pattern_885,monoclinic,1,0.05507139880296574,0.00031395758679997354,0,1,1,1,1,0.99853515625,0.99853515625,0.0,0.9975109100341797,0.9977474212646484,-0.00023651123046875,3EE1BEB8831E46A8D7014352D5C1ADFAC49B7FE8959894811C1CB559B2CC6B49
20260711,js_consistency_transfer,JS Consistency,cnrs_parent_0294,pattern_890,monoclinic,1,0.29278165588270066,0.04854467013270719,0,0,0,0,0,0.1484375,0.0562744140625,0.0921630859375,-0.587890625,-0.8773193359375,0.2894287109375,3EE1BEB8831E46A8D7014352D5C1ADFAC49B7FE8959894811C1CB559B2CC6B49
20260711,js_consistency_transfer,JS Consistency,cnrs_parent_0295,pattern_895,monoclinic,1,0.12404711150530978,0.023777921734663025,0,0,0,0,0,0.08624267578125,0.004329681396484375,0.08191299438476562,-0.82684326171875,-0.9912757873535156,0.16443252563476562,3EE1BEB8831E46A8D7014352D5C1ADFAC49B7FE8959894811C1CB559B2CC6B49
20260711,js_consistency_transfer,JS Consistency,cnrs_parent_0296,pattern_896,monoclinic,1,0.055022700050168405,0.011608244352720568,0,0,0,0,0,0.08734130859375,0.02459716796875,0.062744140625,-0.76080322265625,-0.90899658203125,0.148193359375,3EE1BEB8831E46A8D7014352D5C1ADFAC49B7FE8959894811C1CB559B2CC6B49
20260711,js_consistency_transfer,JS Consistency,cnrs_parent_0297,pattern_906,monoclinic,1,0.04961455974711182,0.0001845637328153223,0,0,0,0,0,0.01142120361328125,0.015777587890625,-0.00435638427734375,-0.9773483276367188,-0.968597412109375,-0.00875091552734375,3EE1BEB8831E46A8D7014352D5C1ADFAC49B7FE8959894811C1CB559B2CC6B49
20260711,js_consistency_transfer,JS Consistency,cnrs_parent_0298,pattern_907,monoclinic,1,0.07516743922981739,0.05438103746451243,0,0,0,0,0,0.28173828125,0.05029296875,0.2314453125,-0.4296875,-0.8984375,0.46875,3EE1BEB8831E46A8D7014352D5C1ADFAC49B7FE8959894811C1CB559B2CC6B49
20260711,js_consistency_transfer,JS Consistency,cnrs_parent_0301,pattern_912,monoclinic,1,0.06184400718531735,0.017868949394699622,0,1,1,1,1,0.9853515625,0.91943359375,0.06591796875,0.9747390747070312,0.887908935546875,0.08683013916015625,3EE1BEB8831E46A8D7014352D5C1ADFAC49B7FE8959894811C1CB559B2CC6B49
20260711,js_consistency_transfer,JS Consistency,cnrs_parent_0305,pattern_930,monoclinic,1,0.5553985672921175,0.6564403626574788,1,1,0,1,0,0.61865234375,0.0003859996795654297,0.6182663440704346,0.36767578125,-0.9991257190704346,1.3668015003204346,3EE1BEB8831E46A8D7014352D5C1ADFAC49B7FE8959894811C1CB559B2CC6B49
20260711,js_consistency_transfer,JS Consistency,cnrs_parent_0306,pattern_938,monoclinic,1,0.04167069644068744,0.17446205520310745,1,1,0,1,0,0.77294921875,0.2005615234375,0.5723876953125,0.546142578125,-0.5987548828125,1.1448974609375,3EE1BEB8831E46A8D7014352D5C1ADFAC49B7FE8959894811C1CB559B2CC6B49
20260711,js_consistency_transfer,JS Consistency,cnrs_parent_0314,pattern_961,monoclinic,1,0.1466563965363622,0.010716962911259932,0,0,0,0,0,0.0258636474609375,0.0004355907440185547,0.025428056716918945,-0.9409332275390625,-0.9990761280059814,0.058142900466918945,3EE1BEB8831E46A8D7014352D5C1ADFAC49B7FE8959894811C1CB559B2CC6B49
20260711,js_consistency_transfer,JS Consistency,cnrs_parent_0320,pattern_977,monoclinic,1,0.09712619448624771,0.29006946221580343,1,4,0,0,0,0.050537109375,0.05804443359375,-0.00750732421875,-0.820556640625,-0.68853759765625,-0.13201904296875,3EE1BEB8831E46A8D7014352D5C1ADFAC49B7FE8959894811C1CB559B2CC6B49
20260711,js_consistency_transfer,JS Consistency,cnrs_parent_0323,pattern_998,monoclinic,1,0.15391030714617904,0.48496973437211144,1,2,0,0,0,0.070556640625,0.452880859375,-0.38232421875,-0.799072265625,-0.064208984375,-0.73486328125,3EE1BEB8831E46A8D7014352D5C1ADFAC49B7FE8959894811C1CB559B2CC6B49
20260711,js_consistency_transfer,JS Consistency,cnrs_parent_0007,pattern_1021,monoclinic,1,0.36404825974836597,0.42303821654617846,1,1,0,1,0,0.7900390625,0.0120391845703125,0.7779998779296875,0.623779296875,-0.9742889404296875,1.5980682373046875,3EE1BEB8831E46A8D7014352D5C1ADFAC49B7FE8959894811C1CB559B2CC6B49
20260711,js_consistency_transfer,JS Consistency,cnrs_parent_0008,pattern_1023,monoclinic,1,0.10332583035829046,0.0006285241456052557,0,0,0,0,0,0.0025615692138671875,0.00017201900482177734,0.00238955020904541,-0.9949970245361328,-0.9998279809951782,0.00483095645904541,3EE1BEB8831E46A8D7014352D5C1ADFAC49B7FE8959894811C1CB559B2CC6B49
20260711,js_consistency_transfer,JS Consistency,cnrs_parent_0014,pattern_1034,monoclinic,1,0.21493415460248833,0.1918542955242633,0,4,4,0,0,0.007205963134765625,0.405029296875,-0.3978233337402344,-0.9840049743652344,-0.104736328125,-0.8792686462402344,3EE1BEB8831E46A8D7014352D5C1ADFAC49B7FE8959894811C1CB559B2CC6B49
20260711,js_consistency_transfer,JS Consistency,cnrs_parent_0020,pattern_1044,monoclinic,1,0.029423226954074844,0.003936161191432571,0,0,0,0,0,0.022796630859375,0.0036220550537109375,0.019174575805664062,-0.954254150390625,-0.9929599761962891,0.03870582580566406,3EE1BEB8831E46A8D7014352D5C1ADFAC49B7FE8959894811C1CB559B2CC6B49
20260711,js_consistency_transfer,JS Consistency,cnrs_parent_0021,pattern_1045,monoclinic,1,0.030588568860736243,0.002612780139491218,0,1,1,1,1,0.5341796875,0.603515625,-0.0693359375,0.070068359375,0.207763671875,-0.1376953125,3EE1BEB8831E46A8D7014352D5C1ADFAC49B7FE8959894811C1CB559B2CC6B49
20260711,js_consistency_transfer,JS Consistency,cnrs_parent_0070,pattern_20,orthorhombic,2,0.14224770916908336,0.2833529511478417,1,1,0,0,0,0.003192901611328125,0.00017011165618896484,0.00302278995513916,-0.8752250671386719,-0.830884575843811,-0.04434049129486084,3EE1BEB8831E46A8D7014352D5C1ADFAC49B7FE8959894811C1CB559B2CC6B49
20260711,js_consistency_transfer,JS Consistency,cnrs_parent_0163,pattern_47,orthorhombic,2,0.09507103710819731,0.2146976382595421,1,1,0,0,0,0.020111083984375,0.0007724761962890625,0.019338607788085938,-0.841705322265625,-0.7267665863037109,-0.11493873596191406,3EE1BEB8831E46A8D7014352D5C1ADFAC49B7FE8959894811C1CB559B2CC6B49
20260711,js_consistency_transfer,JS Consistency,cnrs_parent_0173,pattern_49,orthorhombic,2,0.0823727349680965,0.2319768076140532,1,1,0,0,0,0.00208282470703125,0.0029773712158203125,-0.0008945465087890625,-0.8079757690429688,-0.8354015350341797,0.027425765991210938,3EE1BEB8831E46A8D7014352D5C1ADFAC49B7FE8959894811C1CB559B2CC6B49
20260711,js_consistency_transfer,JS Consistency,cnrs_parent_0224,pattern_63,orthorhombic,2,0.3788239437742281,0.5420269513737117,1,4,2,0,1,0.0093841552734375,0.6630859375,-0.6537017822265625,-0.9271392822265625,0.39306640625,-1.3202056884765625,3EE1BEB8831E46A8D7014352D5C1ADFAC49B7FE8959894811C1CB559B2CC6B49
20260711,js_consistency_transfer,JS Consistency,cnrs_parent_0234,pattern_66,orthorhombic,2,0.023254710317046845,0.06191480711538662,1,1,0,0,0,0.00433349609375,0.005641937255859375,-0.001308441162109375,-0.62750244140625,-0.7023658752441406,0.07486343383789062,3EE1BEB8831E46A8D7014352D5C1ADFAC49B7FE8959894811C1CB559B2CC6B49
20260711,js_consistency_transfer,JS Consistency,cnrs_parent_0245,pattern_72,orthorhombic,2,0.22186820509066307,0.4653362598899307,1,2,1,1,0,0.837890625,0.0018634796142578125,0.8360271453857422,0.6939697265625,-0.6412029266357422,1.3351726531982422,3EE1BEB8831E46A8D7014352D5C1ADFAC49B7FE8959894811C1CB559B2CC6B49
20260711,js_consistency_transfer,JS Consistency,cnrs_parent_0293,pattern_89,orthorhombic,2,0.39569914255568905,0.6512435935712253,1,5,0,0,0,0.00656890869140625,4.929304122924805e-05,0.006519615650177002,-0.9450912475585938,-0.9369624257087708,-0.008128821849822998,3EE1BEB8831E46A8D7014352D5C1ADFAC49B7FE8959894811C1CB559B2CC6B49
20260711,js_consistency_transfer,JS Consistency,cnrs_parent_0025,pattern_106,orthorhombic,2,0.6479398455489951,0.4465293108294963,1,1,2,0,1,0.068603515625,0.392333984375,-0.32373046875,-0.728759765625,0.081298828125,-0.81005859375,3EE1BEB8831E46A8D7014352D5C1ADFAC49B7FE8959894811C1CB559B2CC6B49
20260711,js_consistency_transfer,JS Consistency,cnrs_parent_0032,pattern_114,orthorhombic,2,0.5989455040348907,0.44070383828034465,1,2,5,1,0,0.9111328125,0.10186767578125,0.80926513671875,0.82403564453125,-0.34759521484375,1.171630859375,3EE1BEB8831E46A8D7014352D5C1ADFAC49B7FE8959894811C1CB559B2CC6B49
20260711,js_consistency_transfer,JS Consistency,cnrs_parent_0033,pattern_116,orthorhombic,2,0.04140677642631252,0.11434591292440635,0,1,1,0,0,0.003261566162109375,0.0007524490356445312,0.0025091171264648438,-0.9361915588378906,-0.5715131759643555,-0.36467838287353516,3EE1BEB8831E46A8D7014352D5C1ADFAC49B7FE8959894811C1CB559B2CC6B49
20260711,js_consistency_transfer,JS Consistency,cnrs_parent_0034,pattern_117,orthorhombic,2,0.4423926419690205,0.29487937465645875,1,4,0,0,0,0.00789642333984375,0.0002008676528930664,0.007695555686950684,-0.36612701416015625,-0.9436467885971069,0.5775197744369507,3EE1BEB8831E46A8D7014352D5C1ADFAC49B7FE8959894811C1CB559B2CC6B49
20260711,js_consistency_transfer,JS Consistency,cnrs_parent_0037,pattern_123,orthorhombic,2,0.45362453559467353,0.6440148895372597,1,0,2,0,1,0.00191497802734375,0.9560546875,-0.9541397094726562,-0.8047256469726562,0.9306793212890625,-1.7354049682617188,3EE1BEB8831E46A8D7014352D5C1ADFAC49B7FE8959894811C1CB559B2CC6B49
20260711,js_consistency_transfer,JS Consistency,cnrs_parent_0043,pattern_131,orthorhombic,2,0.7076169145755695,0.6402632732317786,1,1,0,0,0,0.00446319580078125,0.00022864341735839844,0.0042345523834228516,-0.8744430541992188,-0.9992830753326416,0.12484002113342285,3EE1BEB8831E46A8D7014352D5C1ADFAC49B7FE8959894811C1CB559B2CC6B49
20260711,js_consistency_transfer,JS Consistency,cnrs_parent_0044,pattern_132,orthorhombic,2,0.02723945673830752,0.0013035467457226358,0,1,1,0,0,0.0007066726684570312,0.00015747547149658203,0.0005491971969604492,-0.769801139831543,-0.7307995557785034,-0.03900158405303955,3EE1BEB8831E46A8D7014352D5C1ADFAC49B7FE8959894811C1CB559B2CC6B49
20260711,js_consistency_transfer,JS Consistency,cnrs_parent_0045,pattern_135,orthorhombic,2,0.34986397291328053,0.5624862601509031,1,1,0,0,0,0.08404541015625,1.233816146850586e-05,0.0840330719947815,-0.75823974609375,-0.9999876618385315,0.2417479157447815,3EE1BEB8831E46A8D7014352D5C1ADFAC49B7FE8959894811C1CB559B2CC6B49
20260711,js_consistency_transfer,JS Consistency,cnrs_parent_0046,pattern_136,orthorhombic,2,0.35777256879274566,0.37729026147561007,1,4,2,0,1,0.0382080078125,0.404052734375,-0.3658447265625,-0.9202880859375,0.043212890625,-0.9635009765625,3EE1BEB8831E46A8D7014352D5C1ADFAC49B7FE8959894811C1CB559B2CC6B49
20260711,js_consistency_transfer,JS Consistency,cnrs_parent_0048,pattern_148,orthorhombic,2,0.4253887004356677,0.42765118789723205,1,1,3,0,0,0.347900390625,0.0223541259765625,0.3255462646484375,-0.154541015625,-0.9283294677734375,0.7737884521484375,3EE1BEB8831E46A8D7014352D5C1ADFAC49B7FE8959894811C1CB559B2CC6B49
20260711,js_consistency_transfer,JS Consistency,cnrs_parent_0054,pattern_166,orthorhombic,2,0.03893794663214534,0.0727001685450069,1,1,0,0,0,0.0004642009735107422,0.0003333091735839844,0.0001308917999267578,-0.5903561115264893,-0.776522159576416,0.18616604804992676,3EE1BEB8831E46A8D7014352D5C1ADFAC49B7FE8959894811C1CB559B2CC6B49
20260711,js_consistency_transfer,JS Consistency,cnrs_parent_0055,pattern_167,orthorhombic,2,0.057182666220679135,0.08849235492625024,0,0,0,0,0,0.0217437744140625,0.0011415481567382812,0.02060222625732422,-0.6335296630859375,-0.9168272018432617,0.2832975387573242,3EE1BEB8831E46A8D7014352D5C1ADFAC49B7FE8959894811C1CB559B2CC6B49
20260711,js_consistency_transfer,JS Consistency,cnrs_parent_0059,pattern_174,orthorhombic,2,0.45865631903501636,0.46721615768593616,1,0,2,0,1,0.0009140968322753906,0.73681640625,-0.7359023094177246,-0.3613905906677246,0.487060546875,-0.8484511375427246,3EE1BEB8831E46A8D7014352D5C1ADFAC49B7FE8959894811C1CB559B2CC6B49
20260711,js_consistency_transfer,JS Consistency,cnrs_parent_0064,pattern_188,orthorhombic,2,0.6478995473124398,0.4623267990281847,1,1,3,0,0,0.0009226799011230469,0.03228759765625,-0.03136491775512695,-0.39727067947387695,-0.74163818359375,0.34436750411987305,3EE1BEB8831E46A8D7014352D5C1ADFAC49B7FE8959894811C1CB559B2CC6B49
20260711,js_consistency_transfer,JS Consistency,cnrs_parent_0076,pattern_212,orthorhombic,2,0.06689669887885641,0.03587147341902127,0,0,0,0,0,0.018646240234375,0.004749298095703125,0.013896942138671875,-0.794342041015625,-0.9659538269042969,0.17161178588867188,3EE1BEB8831E46A8D7014352D5C1ADFAC49B7FE8959894811C1CB559B2CC6B49
20260711,js_consistency_transfer,JS Consistency,cnrs_parent_0078,pattern_220,orthorhombic,2,0.030608195249152037,0.01021295407205195,0,1,1,0,0,0.034393310546875,0.0017681121826171875,0.03262519836425781,-0.727813720703125,-0.8224506378173828,0.09463691711425781,3EE1BEB8831E46A8D7014352D5C1ADFAC49B7FE8959894811C1CB559B2CC6B49
20260711,js_consistency_transfer,JS Consistency,cnrs_parent_0079,pattern_223,orthorhombic,2,0.20703135019266228,0.26048449568088305,1,1,0,0,0,0.0009245872497558594,0.0005707740783691406,0.00035381317138671875,-0.9629426002502441,-0.6766753196716309,-0.2862672805786133,3EE1BEB8831E46A8D7014352D5C1ADFAC49B7FE8959894811C1CB559B2CC6B49
20260711,js_consistency_transfer,JS Consistency,cnrs_parent_0082,pattern_227,orthorhombic,2,0.14347731445140965,0.06559964063257864,0,0,0,0,0,0.0011005401611328125,8.940696716308594e-07,0.0010996460914611816,-0.8177471160888672,-0.9990225434303284,0.18127542734146118,3EE1BEB8831E46A8D7014352D5C1ADFAC49B7FE8959894811C1CB559B2CC6B49
20260711,js_consistency_transfer,JS Consistency,cnrs_parent_0086,pattern_238,orthorhombic,2,0.04969648287104045,0.02195620609364909,0,0,0,0,0,0.0028705596923828125,0.0008754730224609375,0.001995086669921875,-0.8213481903076172,-0.9517612457275391,0.13041305541992188,3EE1BEB8831E46A8D7014352D5C1ADFAC49B7FE8959894811C1CB559B2CC6B49
20260711,js_consistency_transfer,JS Consistency,cnrs_parent_0090,pattern_242,orthorhombic,2,0.013886779380235081,0.021538531187250045,0,0,0,0,0,0.0131988525390625,0.0628662109375,-0.0496673583984375,-0.6703948974609375,-0.4503173828125,-0.2200775146484375,3EE1BEB8831E46A8D7014352D5C1ADFAC49B7FE8959894811C1CB559B2CC6B49
20260711,js_consistency_transfer,JS Consistency,cnrs_parent_0100,pattern_268,orthorhombic,2,0.46029750052163254,0.5028219364362922,1,2,0,1,0,0.436767578125,0.0003597736358642578,0.43640780448913574,0.156494140625,-0.8531558513641357,1.0096499919891357,3EE1BEB8831E46A8D7014352D5C1ADFAC49B7FE8959894811C1CB559B2CC6B49
20260711,js_consistency_transfer,JS Consistency,cnrs_parent_0114,pattern_319,orthorhombic,2,0.41513930553590095,0.5055666846040638,1,1,5,0,0,0.1461181640625,0.37744140625,-0.2313232421875,-0.5374755859375,-0.23046875,-0.3070068359375,3EE1BEB8831E46A8D7014352D5C1ADFAC49B7FE8959894811C1CB559B2CC6B49
20260711,js_consistency_transfer,JS Consistency,cnrs_parent_0119,pattern_334,orthorhombic,2,0.06548942933341761,0.0007464044649430933,0,0,0,0,0,8.952617645263672e-05,4.5359134674072266e-05,4.416704177856445e-05,-0.9813557863235474,-0.9828647971153259,0.0015090107917785645,3EE1BEB8831E46A8D7014352D5C1ADFAC49B7FE8959894811C1CB559B2CC6B49
20260711,js_consistency_transfer,JS Consistency,cnrs_parent_0120,pattern_341,orthorhombic,2,0.29319470384993696,0.3138195861520382,1,2,0,1,0,0.5068359375,5.841255187988281e-06,0.506830096244812,0.180908203125,-0.995599627494812,1.176507830619812,3EE1BEB8831E46A8D7014352D5C1ADFAC49B7FE8959894811C1CB559B2CC6B49
20260711,js_consistency_transfer,JS Consistency,cnrs_parent_0136,pattern_382,orthorhombic,2,0.19584955320340336,0.10097651393043977,0,1,1,0,0,0.0021533966064453125,2.7477741241455078e-05,0.0021259188652038574,-0.9299755096435547,-0.7182342410087585,-0.21174126863479614,3EE1BEB8831E46A8D7014352D5C1ADFAC49B7FE8959894811C1CB559B2CC6B49
20260711,js_consistency_transfer,JS Consistency,cnrs_parent_0139,pattern_395,orthorhombic,2,0.05886501524556742,0.02075463702713835,1,1,0,0,0,0.06463623046875,0.001983642578125,0.062652587890625,-0.42047119140625,-0.528289794921875,0.107818603515625,3EE1BEB8831E46A8D7014352D5C1ADFAC49B7FE8959894811C1CB559B2CC6B49
20260711,js_consistency_transfer,JS Consistency,cnrs_parent_0150,pattern_427,orthorhombic,2,0.1013752812777935,0.2013409755191241,1,1,0,0,0,0.007678985595703125,0.00011444091796875,0.007564544677734375,-0.8761100769042969,-0.7039871215820312,-0.17212295532226562,3EE1BEB8831E46A8D7014352D5C1ADFAC49B7FE8959894811C1CB559B2CC6B49
20260711,js_consistency_transfer,JS Consistency,cnrs_parent_0152,pattern_439,orthorhombic,2,0.7600736140624553,0.6778360594168493,1,5,1,0,0,0.00041747093200683594,0.00968170166015625,-0.009264230728149414,-0.6748754978179932,-0.9683456420898438,0.2934701442718506,3EE1BEB8831E46A8D7014352D5C1ADFAC49B7FE8959894811C1CB559B2CC6B49
20260711,js_consistency_transfer,JS Consistency,cnrs_parent_0156,pattern_451,orthorhombic,2,0.18806051047586791,0.599218195845085,1,1,0,0,0,0.09405517578125,4.488229751586914e-05,0.09401029348373413,-0.77410888671875,-0.9887246489524841,0.21461576223373413,3EE1BEB8831E46A8D7014352D5C1ADFAC49B7FE8959894811C1CB559B2CC6B49
20260711,js_consistency_transfer,JS Consistency,cnrs_parent_0164,pattern_470,orthorhombic,2,0.6551888405947857,0.36452798402863473,1,1,2,0,1,0.228271484375,0.79443359375,-0.566162109375,-0.310791015625,0.6370849609375,-0.9478759765625,3EE1BEB8831E46A8D7014352D5C1ADFAC49B7FE8959894811C1CB559B2CC6B49
20260711,js_consistency_transfer,JS Consistency,cnrs_parent_0167,pattern_476,orthorhombic,2,0.22490558603623445,0.3719574655796373,1,4,2,0,1,0.06103515625,0.5107421875,-0.44970703125,-0.85693359375,0.26220703125,-1.119140625,3EE1BEB8831E46A8D7014352D5C1ADFAC49B7FE8959894811C1CB559B2CC6B49
20260711,js_consistency_transfer,JS Consistency,cnrs_parent_0168,pattern_479,orthorhombic,2,0.21534962673473101,0.12021796338977737,1,1,0,0,0,0.0447998046875,0.034912109375,0.0098876953125,-0.5001220703125,-0.785400390625,0.2852783203125,3EE1BEB8831E46A8D7014352D5C1ADFAC49B7FE8959894811C1CB559B2CC6B49
20260711,js_consistency_transfer,JS Consistency,cnrs_parent_0171,pattern_485,orthorhombic,2,0.27217996352656315,0.007193654507565896,0,2,2,1,1,0.99951171875,0.97802734375,0.021484375,0.9992139339447021,0.96038818359375,0.03882575035095215,3EE1BEB8831E46A8D7014352D5C1ADFAC49B7FE8959894811C1CB559B2CC6B49
20260711,js_consistency_transfer,JS Consistency,cnrs_parent_0172,pattern_487,orthorhombic,2,0.08950530866361162,0.15666732265754718,1,1,0,0,0,0.00119781494140625,0.00030040740966796875,0.0008974075317382812,-0.6501693725585938,-0.874211311340332,0.22404193878173828,3EE1BEB8831E46A8D7014352D5C1ADFAC49B7FE8959894811C1CB559B2CC6B49
20260711,js_consistency_transfer,JS Consistency,cnrs_parent_0177,pattern_498,orthorhombic,2,0.22514480459438235,0.1186497619810716,0,2,2,1,1,0.63330078125,0.489501953125,0.143798828125,0.341796875,0.116455078125,0.225341796875,3EE1BEB8831E46A8D7014352D5C1ADFAC49B7FE8959894811C1CB559B2CC6B49
20260711,js_consistency_transfer,JS Consistency,cnrs_parent_0184,pattern_532,orthorhombic,2,0.272935518197274,0.08772736941940709,1,0,1,0,0,0.007259368896484375,0.0002111196517944336,0.007048249244689941,-0.5078773498535156,-0.8459802865982056,0.33810293674468994,3EE1BEB8831E46A8D7014352D5C1ADFAC49B7FE8959894811C1CB559B2CC6B49
20260711,js_consistency_transfer,JS Consistency,cnrs_parent_0187,pattern_541,orthorhombic,2,0.08653502550053305,0.10150024890916012,1,1,0,0,0,0.0003514289855957031,3.522634506225586e-05,0.00031620264053344727,-0.6266016960144043,-0.7992811799049377,0.17267948389053345,3EE1BEB8831E46A8D7014352D5C1ADFAC49B7FE8959894811C1CB559B2CC6B49
20260711,js_consistency_transfer,JS Consistency,cnrs_parent_0192,pattern_553,orthorhombic,2,0.1892575763942269,0.3010113329432605,1,4,0,0,0,0.01019287109375,0.0026187896728515625,0.0075740814208984375,-0.61090087890625,-0.6682796478271484,0.05737876892089844,3EE1BEB8831E46A8D7014352D5C1ADFAC49B7FE8959894811C1CB559B2CC6B49
20260711,js_consistency_transfer,JS Consistency,cnrs_parent_0194,pattern_559,orthorhombic,2,0.7111851938116827,0.4205420405670227,1,1,0,0,0,0.031951904296875,0.0004858970642089844,0.031466007232666016,-0.647247314453125,-0.999025821685791,0.351778507232666,3EE1BEB8831E46A8D7014352D5C1ADFAC49B7FE8959894811C1CB559B2CC6B49
20260711,js_consistency_transfer,JS Consistency,cnrs_parent_0197,pattern_566,orthorhombic,2,0.06115881629913389,0.16036205910784723,0,2,2,1,1,0.41162109375,0.9150390625,-0.50341796875,0.05126953125,0.8455810546875,-0.7943115234375,3EE1BEB8831E46A8D7014352D5C1ADFAC49B7FE8959894811C1CB559B2CC6B49
20260711,js_consistency_transfer,JS Consistency,cnrs_parent_0202,pattern_577,orthorhombic,2,0.003365522266648213,0.0005579559419697565,0,0,0,0,0,0.0008492469787597656,0.0008716583251953125,-2.2411346435546875e-05,-0.8502249717712402,-0.8711986541748047,0.020973682403564453,3EE1BEB8831E46A8D7014352D5C1ADFAC49B7FE8959894811C1CB559B2CC6B49
20260711,js_consistency_transfer,JS Consistency,cnrs_parent_0204,pattern_581,orthorhombic,2,0.0902055557262168,0.058899464911720795,0,0,0,0,0,0.00801849365234375,0.00027179718017578125,0.007746696472167969,-0.8132705688476562,-0.9963102340698242,0.18303966522216797,3EE1BEB8831E46A8D7014352D5C1ADFAC49B7FE8959894811C1CB559B2CC6B49
20260711,js_consistency_transfer,JS Consistency,cnrs_parent_0206,pattern_583,orthorhombic,2,0.008896504753351131,0.0005085906737739013,0,3,3,0,0,0.0234527587890625,0.0160980224609375,0.007354736328125,-0.9335784912109375,-0.9516754150390625,0.018096923828125,3EE1BEB8831E46A8D7014352D5C1ADFAC49B7FE8959894811C1CB559B2CC6B49
20260711,js_consistency_transfer,JS Consistency,cnrs_parent_0227,pattern_634,orthorhombic,2,0.4830313559219179,0.48127793034072397,1,1,0,0,0,0.0035686492919921875,2.5451183319091797e-05,0.0035431981086730957,-0.8528766632080078,-0.9994862675666809,0.1466096043586731,3EE1BEB8831E46A8D7014352D5C1ADFAC49B7FE8959894811C1CB559B2CC6B49
20260711,js_consistency_transfer,JS Consistency,cnrs_parent_0230,pattern_646,orthorhombic,2,0.5218927919249927,0.4564700741936391,1,4,1,0,0,0.10870361328125,0.003810882568359375,0.10489273071289062,-0.43133544921875,-0.7393531799316406,0.3080177307128906,3EE1BEB8831E46A8D7014352D5C1ADFAC49B7FE8959894811C1CB559B2CC6B49
20260711,js_consistency_transfer,JS Consistency,cnrs_parent_0235,pattern_660,orthorhombic,2,0.1188584800266761,0.09530237179345133,0,1,1,0,0,0.12451171875,0.02642822265625,0.09808349609375,-0.38037109375,-0.86273193359375,0.48236083984375,3EE1BEB8831E46A8D7014352D5C1ADFAC49B7FE8959894811C1CB559B2CC6B49
20260711,js_consistency_transfer,JS Consistency,cnrs_parent_0242,pattern_697,orthorhombic,2,0.01452377390296622,0.04257969147772614,0,0,0,0,0,0.00032258033752441406,9.506940841674805e-05,0.00022751092910766602,-0.5153024196624756,-0.7816432118415833,0.26634079217910767,3EE1BEB8831E46A8D7014352D5C1ADFAC49B7FE8959894811C1CB559B2CC6B49
20260711,js_consistency_transfer,JS Consistency,cnrs_parent_0256,pattern_760,orthorhombic,2,0.6359313338954355,0.16464365470616232,0,2,2,1,1,0.467529296875,0.9072265625,-0.439697265625,0.03173828125,0.863189697265625,-0.831451416015625,3EE1BEB8831E46A8D7014352D5C1ADFAC49B7FE8959894811C1CB559B2CC6B49
20260711,js_consistency_transfer,JS Consistency,cnrs_parent_0261,pattern_781,orthorhombic,2,0.25496803893570263,0.47246108793867786,1,1,0,0,0,0.2392578125,0.00043702125549316406,0.23882079124450684,-0.3671875,-0.9985864162445068,0.6313989162445068,3EE1BEB8831E46A8D7014352D5C1ADFAC49B7FE8959894811C1CB559B2CC6B49
20260711,js_consistency_transfer,JS Consistency,cnrs_parent_0262,pattern_784,orthorhombic,2,0.1882067145372256,0.11924881768693565,0,0,0,0,0,0.1351318359375,0.005828857421875,0.129302978515625,-0.4058837890625,-0.925811767578125,0.519927978515625,3EE1BEB8831E46A8D7014352D5C1ADFAC49B7FE8959894811C1CB559B2CC6B49
20260711,js_consistency_transfer,JS Consistency,cnrs_parent_0267,pattern_800,orthorhombic,2,0.027100998722185188,0.006197123790420074,0,1,1,0,0,0.017913818359375,0.001117706298828125,0.016796112060546875,-0.799468994140625,-0.8709526062011719,0.07148361206054688,3EE1BEB8831E46A8D7014352D5C1ADFAC49B7FE8959894811C1CB559B2CC6B49
20260711,js_consistency_transfer,JS Consistency,cnrs_parent_0281,pattern_845,orthorhombic,2,0.12106307086311352,0.020485130294112253,0,0,0,0,0,0.0004439353942871094,1.7881393432617188e-06,0.00044214725494384766,-0.9390091896057129,-0.9995099306106567,0.06050074100494385,3EE1BEB8831E46A8D7014352D5C1ADFAC49B7FE8959894811C1CB559B2CC6B49
20260711,js_consistency_transfer,JS Consistency,cnrs_parent_0283,pattern_855,orthorhombic,2,0.6361524964364256,0.6063767821028458,1,3,0,0,0,0.180908203125,0.002288818359375,0.178619384765625,-0.629638671875,-0.939605712890625,0.309967041015625,3EE1BEB8831E46A8D7014352D5C1ADFAC49B7FE8959894811C1CB559B2CC6B49
20260711,js_consistency_transfer,JS Consistency,cnrs_parent_0286,pattern_861,orthorhombic,2,0.023972217380692107,0.004926501324408511,0,0,0,0,0,0.004245758056640625,0.015655517578125,-0.011409759521484375,-0.7711448669433594,-0.682098388671875,-0.08904647827148438,3EE1BEB8831E46A8D7014352D5C1ADFAC49B7FE8959894811C1CB559B2CC6B49
20260711,js_consistency_transfer,JS Consistency,cnrs_parent_0287,pattern_868,orthorhombic,2,0.13864253574538588,0.4458447517282541,1,4,0,0,0,0.00273895263671875,0.0001825094223022461,0.002556443214416504,-0.7145462036132812,-0.9793096780776978,0.2647634744644165,3EE1BEB8831E46A8D7014352D5C1ADFAC49B7FE8959894811C1CB559B2CC6B49
20260711,js_consistency_transfer,JS Consistency,cnrs_parent_0299,pattern_908,orthorhombic,2,0.8387769517105557,0.6480557785529732,1,4,3,0,0,0.025238037109375,0.0004935264587402344,0.024744510650634766,-0.655426025390625,-0.9970650672912598,0.34163904190063477,3EE1BEB8831E46A8D7014352D5C1ADFAC49B7FE8959894811C1CB559B2CC6B49
20260711,js_consistency_transfer,JS Consistency,cnrs_parent_0307,pattern_939,orthorhombic,2,0.37255167138591494,0.34864720561258333,1,2,3,1,0,0.71435546875,0.012298583984375,0.702056884765625,0.56201171875,-0.385894775390625,0.947906494140625,3EE1BEB8831E46A8D7014352D5C1ADFAC49B7FE8959894811C1CB559B2CC6B49
20260711,js_consistency_transfer,JS Consistency,cnrs_parent_0310,pattern_950,orthorhombic,2,0.4550314108843848,0.4550300805769246,1,4,0,0,0,0.0755615234375,0.0201568603515625,0.0554046630859375,-0.6163330078125,-0.4954681396484375,-0.1208648681640625,3EE1BEB8831E46A8D7014352D5C1ADFAC49B7FE8959894811C1CB559B2CC6B49
20260711,js_consistency_transfer,JS Consistency,cnrs_parent_0312,pattern_958,orthorhombic,2,0.025732720308182966,0.00015315208636863364,0,0,0,0,0,0.019195556640625,0.01593017578125,0.003265380859375,-0.715667724609375,-0.71942138671875,0.003753662109375,3EE1BEB8831E46A8D7014352D5C1ADFAC49B7FE8959894811C1CB559B2CC6B49
20260711,js_consistency_transfer,JS Consistency,cnrs_parent_0318,pattern_972,orthorhombic,2,0.6364137663069284,0.6834833478977067,1,4,1,0,0,0.0062408447265625,0.001125335693359375,0.005115509033203125,-0.9835052490234375,-0.5516090393066406,-0.4318962097167969,3EE1BEB8831E46A8D7014352D5C1ADFAC49B7FE8959894811C1CB559B2CC6B49
20260711,js_consistency_transfer,JS Consistency,cnrs_parent_0002,pattern_1010,orthorhombic,2,0.8482321366871399,0.6300803976789299,1,4,0,0,0,0.0187835693359375,0.006626129150390625,0.012157440185546875,-0.8029937744140625,-0.9333152770996094,0.13032150268554688,3EE1BEB8831E46A8D7014352D5C1ADFAC49B7FE8959894811C1CB559B2CC6B49
20260711,js_consistency_transfer,JS Consistency,cnrs_parent_0003,pattern_1013,orthorhombic,2,0.08702015721490741,0.04900897550394846,0,0,0,0,0,0.006572723388671875,0.00041604042053222656,0.0061566829681396484,-0.8405952453613281,-0.9961659908294678,0.15557074546813965,3EE1BEB8831E46A8D7014352D5C1ADFAC49B7FE8959894811C1CB559B2CC6B49
20260711,js_consistency_transfer,JS Consistency,cnrs_parent_0004,pattern_1018,orthorhombic,2,0.5592875307276185,0.557988338905504,1,5,2,0,1,0.053741455078125,0.72509765625,-0.671356201171875,-0.829071044921875,0.469482421875,-1.298553466796875,3EE1BEB8831E46A8D7014352D5C1ADFAC49B7FE8959894811C1CB559B2CC6B49
20260711,js_consistency_transfer,JS Consistency,cnrs_parent_0009,pattern_1024,orthorhombic,2,0.6651507687243097,0.6423053056647142,1,4,1,0,0,0.0093841552734375,0.0241851806640625,-0.014801025390625,-0.6410064697265625,-0.9362640380859375,0.295257568359375,3EE1BEB8831E46A8D7014352D5C1ADFAC49B7FE8959894811C1CB559B2CC6B49
20260711,js_consistency_transfer,JS Consistency,cnrs_parent_0010,pattern_1028,orthorhombic,2,0.06828754534611359,0.20342704722039762,1,1,0,0,0,0.003192901611328125,0.003116607666015625,7.62939453125e-05,-0.5915336608886719,-0.9534263610839844,0.3618927001953125,3EE1BEB8831E46A8D7014352D5C1ADFAC49B7FE8959894811C1CB559B2CC6B49
20260711,js_consistency_transfer,JS Consistency,cnrs_parent_0013,pattern_1032,orthorhombic,2,0.024151928039209847,0.0038668946452859237,0,1,1,0,0,0.017181396484375,0.01468658447265625,0.00249481201171875,-0.869049072265625,-0.9189071655273438,0.04985809326171875,3EE1BEB8831E46A8D7014352D5C1ADFAC49B7FE8959894811C1CB559B2CC6B49
20260711,js_consistency_transfer,JS Consistency,cnrs_parent_0016,pattern_1038,orthorhombic,2,0.2154745409955986,0.3695647823367058,1,4,2,0,1,0.0261688232421875,0.3662109375,-0.3400421142578125,-0.9308624267578125,0.04248046875,-0.9733428955078125,3EE1BEB8831E46A8D7014352D5C1ADFAC49B7FE8959894811C1CB559B2CC6B49
20260711,js_consistency_transfer,JS Consistency,cnrs_parent_0017,pattern_1039,orthorhombic,2,0.5526880863897439,0.44662771523907663,1,1,0,0,0,0.0201873779296875,1.4007091522216797e-05,0.020173370838165283,-0.5730743408203125,-0.9819195866584778,0.4088452458381653,3EE1BEB8831E46A8D7014352D5C1ADFAC49B7FE8959894811C1CB559B2CC6B49
20260711,js_consistency_transfer,JS Consistency,cnrs_parent_0018,pattern_1040,orthorhombic,2,0.30826891489666164,0.2503149801937635,1,0,2,0,1,0.363037109375,0.955078125,-0.592041015625,-0.06982421875,0.9294281005859375,-0.9992523193359375,3EE1BEB8831E46A8D7014352D5C1ADFAC49B7FE8959894811C1CB559B2CC6B49
20260711,js_consistency_transfer,JS Consistency,cnrs_parent_0019,pattern_1043,orthorhombic,2,0.0031323518132045924,0.0032450936509590502,0,0,0,0,0,0.005939483642578125,0.0086669921875,-0.002727508544921875,-0.5179862976074219,-0.5919189453125,0.07393264770507812,3EE1BEB8831E46A8D7014352D5C1ADFAC49B7FE8959894811C1CB559B2CC6B49
20260711,js_consistency_transfer,JS Consistency,cnrs_parent_0133,pattern_37,tetragonal,3,0.6481613207084114,0.46730006216566666,1,3,2,1,0,0.916015625,0.12359619140625,0.79241943359375,0.873565673828125,-0.67425537109375,1.547821044921875,3EE1BEB8831E46A8D7014352D5C1ADFAC49B7FE8959894811C1CB559B2CC6B49
20260711,js_consistency_transfer,JS Consistency,cnrs_parent_0203,pattern_58,tetragonal,3,0.19621232765016716,0.08443369192802434,0,3,3,1,1,0.9501953125,0.6796875,0.2705078125,0.924774169921875,0.376953125,0.547821044921875,3EE1BEB8831E46A8D7014352D5C1ADFAC49B7FE8959894811C1CB559B2CC6B49
20260711,js_consistency_transfer,JS Consistency,cnrs_parent_0222,pattern_62,tetragonal,3,0.11834705005807944,0.2479413420793789,1,1,0,0,0,8.33272933959961e-05,9.34600830078125e-05,-1.0132789611816406e-05,-0.926674485206604,-0.7176799774169922,-0.20899450778961182,3EE1BEB8831E46A8D7014352D5C1ADFAC49B7FE8959894811C1CB559B2CC6B49
20260711,js_consistency_transfer,JS Consistency,cnrs_parent_0264,pattern_79,tetragonal,3,0.10197681271060932,3.374848007911909e-05,0,3,3,1,1,1.0,1.0,0.0,0.9999291300773621,0.99998539686203,-5.626678466796875e-05,3EE1BEB8831E46A8D7014352D5C1ADFAC49B7FE8959894811C1CB559B2CC6B49
20260711,js_consistency_transfer,JS Consistency,cnrs_parent_0023,pattern_105,tetragonal,3,0.4984540710471195,0.05406149484798301,0,3,3,1,1,0.99951171875,0.85009765625,0.1494140625,0.9992282390594482,0.77880859375,0.22041964530944824,3EE1BEB8831E46A8D7014352D5C1ADFAC49B7FE8959894811C1CB559B2CC6B49
20260711,js_consistency_transfer,JS Consistency,cnrs_parent_0038,pattern_124,tetragonal,3,0.3205639797281309,0.5695392740749272,1,4,0,0,0,0.0022125244140625,1.8656253814697266e-05,0.0021938681602478027,-0.9245452880859375,-0.9882625937461853,0.0637173056602478,3EE1BEB8831E46A8D7014352D5C1ADFAC49B7FE8959894811C1CB559B2CC6B49
20260711,js_consistency_transfer,JS Consistency,cnrs_parent_0052,pattern_156,tetragonal,3,0.5575030378933403,0.6821048834801611,1,3,0,1,0,0.93505859375,1.1920928955078125e-07,0.9350584745407104,0.876678466796875,-0.9624022245407104,1.8390806913375854,3EE1BEB8831E46A8D7014352D5C1ADFAC49B7FE8959894811C1CB559B2CC6B49
20260711,js_consistency_transfer,JS Consistency,cnrs_parent_0071,pattern_203,tetragonal,3,0.5241592789600205,0.3209069473066286,1,3,4,1,0,0.9912109375,0.322021484375,0.669189453125,0.986053466796875,-0.336181640625,1.322235107421875,3EE1BEB8831E46A8D7014352D5C1ADFAC49B7FE8959894811C1CB559B2CC6B49
20260711,js_consistency_transfer,JS Consistency,cnrs_parent_0103,pattern_274,tetragonal,3,0.2565045827590383,0.23411526288672513,1,3,4,1,0,0.438232421875,0.07867431640625,0.35955810546875,0.1513671875,-0.83050537109375,0.98187255859375,3EE1BEB8831E46A8D7014352D5C1ADFAC49B7FE8959894811C1CB559B2CC6B49
20260711,js_consistency_transfer,JS Consistency,cnrs_parent_0104,pattern_278,tetragonal,3,0.0324139550095619,0.11714040931213549,0,2,2,0,0,0.394775390625,0.058807373046875,0.335968017578125,-0.00146484375,-0.772247314453125,0.770782470703125,3EE1BEB8831E46A8D7014352D5C1ADFAC49B7FE8959894811C1CB559B2CC6B49
20260711,js_consistency_transfer,JS Consistency,cnrs_parent_0106,pattern_283,tetragonal,3,0.09613013666669123,0.12986560568293756,1,3,0,1,0,0.56591796875,0.2479248046875,0.3179931640625,0.358154296875,-0.1871337890625,0.5452880859375,3EE1BEB8831E46A8D7014352D5C1ADFAC49B7FE8959894811C1CB559B2CC6B49
20260711,js_consistency_transfer,JS Consistency,cnrs_parent_0107,pattern_288,tetragonal,3,0.22142363318914382,0.1427086646163796,0,4,4,0,0,0.17138671875,0.05999755859375,0.11138916015625,-0.33837890625,-0.82672119140625,0.48834228515625,3EE1BEB8831E46A8D7014352D5C1ADFAC49B7FE8959894811C1CB559B2CC6B49
20260711,js_consistency_transfer,JS Consistency,cnrs_parent_0108,pattern_294,tetragonal,3,1.3708184573198299,0.6929555675963672,1,4,0,0,0,0.00029540061950683594,6.079673767089844e-06,0.0002893209457397461,-0.9430639743804932,-0.9785095453262329,0.035445570945739746,3EE1BEB8831E46A8D7014352D5C1ADFAC49B7FE8959894811C1CB559B2CC6B49
20260711,js_consistency_transfer,JS Consistency,cnrs_parent_0117,pattern_324,tetragonal,3,0.24233532989879225,0.008441377317918535,0,3,3,1,1,0.9970703125,0.9755859375,0.021484375,0.9940834045410156,0.9556884765625,0.038394927978515625,3EE1BEB8831E46A8D7014352D5C1ADFAC49B7FE8959894811C1CB559B2CC6B49
20260711,js_consistency_transfer,JS Consistency,cnrs_parent_0118,pattern_327,tetragonal,3,0.2362150643530221,0.05258683127298483,0,3,3,1,1,0.9814453125,0.80029296875,0.18115234375,0.9680023193359375,0.7178955078125,0.2501068115234375,3EE1BEB8831E46A8D7014352D5C1ADFAC49B7FE8959894811C1CB559B2CC6B49
20260711,js_consistency_transfer,JS Consistency,cnrs_parent_0144,pattern_409,tetragonal,3,1.1368421972768703,0.6866936210968276,1,3,0,1,0,0.98779296875,8.940696716308594e-07,0.9877920746803284,0.9837532043457031,-0.6787100434303284,1.6624632477760315,3EE1BEB8831E46A8D7014352D5C1ADFAC49B7FE8959894811C1CB559B2CC6B49
20260711,js_consistency_transfer,JS Consistency,cnrs_parent_0155,pattern_448,tetragonal,3,0.02348970747165602,0.005733356747318157,0,3,3,1,1,0.96044921875,0.98876953125,-0.0283203125,0.9295806884765625,0.9827957153320312,-0.05321502685546875,3EE1BEB8831E46A8D7014352D5C1ADFAC49B7FE8959894811C1CB559B2CC6B49
20260711,js_consistency_transfer,JS Consistency,cnrs_parent_0166,pattern_475,tetragonal,3,0.27846152873745866,0.24081882925840198,0,4,4,0,0,0.2327880859375,0.049072265625,0.1837158203125,-0.1019287109375,-0.893310546875,0.7913818359375,3EE1BEB8831E46A8D7014352D5C1ADFAC49B7FE8959894811C1CB559B2CC6B49
20260711,js_consistency_transfer,JS Consistency,cnrs_parent_0185,pattern_533,tetragonal,3,0.8378353448079007,0.6729906540807575,1,5,2,0,0,0.0048065185546875,9.822845458984375e-05,0.004708290100097656,-0.9824981689453125,-0.6097650527954102,-0.37273311614990234,3EE1BEB8831E46A8D7014352D5C1ADFAC49B7FE8959894811C1CB559B2CC6B49
20260711,js_consistency_transfer,JS Consistency,cnrs_parent_0201,pattern_576,tetragonal,3,0.1984750052133193,0.21728569777266232,1,3,4,1,0,0.3544921875,0.047515869140625,0.306976318359375,0.02197265625,-0.879730224609375,0.901702880859375,3EE1BEB8831E46A8D7014352D5C1ADFAC49B7FE8959894811C1CB559B2CC6B49
20260711,js_consistency_transfer,JS Consistency,cnrs_parent_0215,pattern_606,tetragonal,3,0.11104589083057759,0.041262321197407165,0,1,1,0,0,0.0006074905395507812,5.257129669189453e-05,0.0005549192428588867,-0.9935331344604492,-0.8676232099533081,-0.1259099245071411,3EE1BEB8831E46A8D7014352D5C1ADFAC49B7FE8959894811C1CB559B2CC6B49
20260711,js_consistency_transfer,JS Consistency,cnrs_parent_0218,pattern_615,tetragonal,3,0.3202797953123844,0.3060599881091348,0,4,4,0,0,0.207763671875,0.016632080078125,0.191131591796875,-0.090576171875,-0.962860107421875,0.872283935546875,3EE1BEB8831E46A8D7014352D5C1ADFAC49B7FE8959894811C1CB559B2CC6B49
20260711,js_consistency_transfer,JS Consistency,cnrs_parent_0225,pattern_631,tetragonal,3,0.3829849569078917,0.294484683985648,1,5,4,0,0,0.047271728515625,0.02734375,0.019927978515625,-0.544036865234375,-0.9345703125,0.390533447265625,3EE1BEB8831E46A8D7014352D5C1ADFAC49B7FE8959894811C1CB559B2CC6B49
20260711,js_consistency_transfer,JS Consistency,cnrs_parent_0226,pattern_633,tetragonal,3,1.1278762229467463,0.4985622766419855,1,2,3,0,1,0.134765625,0.541015625,-0.40625,-0.64990234375,0.143798828125,-0.793701171875,3EE1BEB8831E46A8D7014352D5C1ADFAC49B7FE8959894811C1CB559B2CC6B49
20260711,js_consistency_transfer,JS Consistency,cnrs_parent_0228,pattern_638,tetragonal,3,0.07215340312968788,0.07612906197335165,0,3,3,1,1,0.77294921875,0.468994140625,0.303955078125,0.68902587890625,0.2119140625,0.47711181640625,3EE1BEB8831E46A8D7014352D5C1ADFAC49B7FE8959894811C1CB559B2CC6B49
20260711,js_consistency_transfer,JS Consistency,cnrs_parent_0231,pattern_648,tetragonal,3,1.0541865371813117,0.5943092166113441,1,4,0,0,0,0.1651611328125,0.0,0.1651611328125,-0.4989013671875,-0.6396484375,0.1407470703125,3EE1BEB8831E46A8D7014352D5C1ADFAC49B7FE8959894811C1CB559B2CC6B49
20260711,js_consistency_transfer,JS Consistency,cnrs_parent_0239,pattern_682,tetragonal,3,0.12397777412280586,0.02952226042201502,0,1,1,0,0,0.0709228515625,0.0750732421875,-0.004150390625,-0.3228759765625,-0.3221435546875,-0.000732421875,3EE1BEB8831E46A8D7014352D5C1ADFAC49B7FE8959894811C1CB559B2CC6B49
20260711,js_consistency_transfer,JS Consistency,cnrs_parent_0247,pattern_724,tetragonal,3,0.2176024422815036,0.008235709375661144,0,3,3,1,1,1.0,0.97607421875,0.02392578125,0.999988317489624,0.95355224609375,0.04643607139587402,3EE1BEB8831E46A8D7014352D5C1ADFAC49B7FE8959894811C1CB559B2CC6B49
20260711,js_consistency_transfer,JS Consistency,cnrs_parent_0250,pattern_744,tetragonal,3,0.17931620354905287,0.15598330065104485,1,3,4,1,0,0.810546875,0.372802734375,0.437744140625,0.70867919921875,-0.222900390625,0.93157958984375,3EE1BEB8831E46A8D7014352D5C1ADFAC49B7FE8959894811C1CB559B2CC6B49
20260711,js_consistency_transfer,JS Consistency,cnrs_parent_0252,pattern_751,tetragonal,3,1.5883841510177694,0.6897025252021477,1,6,2,0,0,0.0005297660827636719,0.074462890625,-0.07393312454223633,-0.9984936714172363,-0.502197265625,-0.49629640579223633,3EE1BEB8831E46A8D7014352D5C1ADFAC49B7FE8959894811C1CB559B2CC6B49
20260711,js_consistency_transfer,JS Consistency,cnrs_parent_0258,pattern_772,tetragonal,3,0.26216018493078597,0.27613699582507995,0,4,4,0,0,0.11651611328125,0.0145721435546875,0.1019439697265625,-0.20086669921875,-0.9424591064453125,0.7415924072265625,3EE1BEB8831E46A8D7014352D5C1ADFAC49B7FE8959894811C1CB559B2CC6B49
20260711,js_consistency_transfer,JS Consistency,cnrs_parent_0263,pattern_785,tetragonal,3,0.3024940031115163,0.2316438742632015,1,5,4,0,0,0.026458740234375,0.0160064697265625,0.0104522705078125,-0.494537353515625,-0.9532318115234375,0.4586944580078125,3EE1BEB8831E46A8D7014352D5C1ADFAC49B7FE8959894811C1CB559B2CC6B49
20260711,js_consistency_transfer,JS Consistency,cnrs_parent_0275,pattern_837,tetragonal,3,0.9836388926507689,0.6681250722629939,1,3,1,1,0,0.96435546875,0.005279541015625,0.959075927734375,0.9399261474609375,-0.521575927734375,1.4615020751953125,3EE1BEB8831E46A8D7014352D5C1ADFAC49B7FE8959894811C1CB559B2CC6B49
20260711,js_consistency_transfer,JS Consistency,cnrs_parent_0279,pattern_841,tetragonal,3,0.20882635751635725,0.10343851330198287,1,3,4,1,0,0.465087890625,0.30419921875,0.160888671875,0.171142578125,-0.330078125,0.501220703125,3EE1BEB8831E46A8D7014352D5C1ADFAC49B7FE8959894811C1CB559B2CC6B49
20260711,js_consistency_transfer,JS Consistency,cnrs_parent_0280,pattern_844,tetragonal,3,0.27123282394151205,0.2838477083911944,0,4,4,0,0,0.0286407470703125,0.001636505126953125,0.027004241943359375,-0.3202362060546875,-0.9871330261230469,0.6668968200683594,3EE1BEB8831E46A8D7014352D5C1ADFAC49B7FE8959894811C1CB559B2CC6B49
20260711,js_consistency_transfer,JS Consistency,cnrs_parent_0304,pattern_928,tetragonal,3,0.29899218895653834,0.3067613953082631,1,2,4,0,0,0.037994384765625,0.002361297607421875,0.035633087158203125,-0.403411865234375,-0.9663887023925781,0.5629768371582031,3EE1BEB8831E46A8D7014352D5C1ADFAC49B7FE8959894811C1CB559B2CC6B49
20260711,js_consistency_transfer,JS Consistency,cnrs_parent_0315,pattern_963,tetragonal,3,0.21825647872370868,0.31004909680828,1,3,4,1,0,0.884765625,0.187744140625,0.697021484375,0.82720947265625,-0.566162109375,1.39337158203125,3EE1BEB8831E46A8D7014352D5C1ADFAC49B7FE8959894811C1CB559B2CC6B49
20260711,js_consistency_transfer,JS Consistency,cnrs_parent_0317,pattern_966,tetragonal,3,0.25376233769701395,0.03071198526031388,0,4,4,0,0,0.0479736328125,0.002819061279296875,0.045154571533203125,-0.8465576171875,-0.9898567199707031,0.14329910278320312,3EE1BEB8831E46A8D7014352D5C1ADFAC49B7FE8959894811C1CB559B2CC6B49
20260711,js_consistency_transfer,JS Consistency,cnrs_parent_0319,pattern_975,tetragonal,3,0.09889176609986228,0.058789165286489115,0,0,0,0,0,0.0015363693237304688,0.1676025390625,-0.16606616973876953,-0.5331315994262695,-0.2489013671875,-0.28423023223876953,3EE1BEB8831E46A8D7014352D5C1ADFAC49B7FE8959894811C1CB559B2CC6B49
20260711,js_consistency_transfer,JS Consistency,cnrs_parent_0006,pattern_1020,tetragonal,3,0.3189475688098452,0.34914879755000555,1,2,4,0,0,0.0750732421875,0.01198577880859375,0.06308746337890625,-0.3162841796875,-0.9640884399414062,0.6478042602539062,3EE1BEB8831E46A8D7014352D5C1ADFAC49B7FE8959894811C1CB559B2CC6B49
20260711,js_consistency_transfer,JS Consistency,cnrs_parent_0022,pattern_1049,tetragonal,3,0.10242297863511718,0.06120849270568381,0,3,3,1,1,0.958984375,0.74853515625,0.21044921875,0.93878173828125,0.6025390625,0.33624267578125,3EE1BEB8831E46A8D7014352D5C1ADFAC49B7FE8959894811C1CB559B2CC6B49
20260711,js_consistency_transfer,JS Consistency,cnrs_parent_0075,pattern_21,trigonal,4,0.4074533834217938,0.32534180581180544,1,1,0,0,0,0.12164306640625,0.00696563720703125,0.11467742919921875,-0.46673583984375,-0.5755538940429688,0.10881805419921875,3EE1BEB8831E46A8D7014352D5C1ADFAC49B7FE8959894811C1CB559B2CC6B49
20260711,js_consistency_transfer,JS Consistency,cnrs_parent_0309,pattern_95,trigonal,4,0.2745871915554585,0.18854579989940956,0,1,1,0,0,0.351318359375,0.0050201416015625,0.3462982177734375,-0.046630859375,-0.8348236083984375,0.7881927490234375,3EE1BEB8831E46A8D7014352D5C1ADFAC49B7FE8959894811C1CB559B2CC6B49
20260711,js_consistency_transfer,JS Consistency,cnrs_parent_0026,pattern_107,trigonal,4,0.6026307052735655,0.23668605399133472,1,5,3,0,0,0.07391357421875,0.038665771484375,0.035247802734375,-0.64923095703125,-0.478424072265625,-0.170806884765625,3EE1BEB8831E46A8D7014352D5C1ADFAC49B7FE8959894811C1CB559B2CC6B49
20260711,js_consistency_transfer,JS Consistency,cnrs_parent_0041,pattern_127,trigonal,4,0.8031430850231132,0.554857090519093,1,4,1,1,0,0.8505859375,2.6524066925048828e-05,0.850559413433075,0.7734375,-0.974094569683075,1.747532069683075,3EE1BEB8831E46A8D7014352D5C1ADFAC49B7FE8959894811C1CB559B2CC6B49
20260711,js_consistency_transfer,JS Consistency,cnrs_parent_0047,pattern_142,trigonal,4,0.1891761460035558,0.14776554830315886,1,3,4,0,1,0.251220703125,0.421875,-0.170654296875,-0.051513671875,0.150146484375,-0.20166015625,3EE1BEB8831E46A8D7014352D5C1ADFAC49B7FE8959894811C1CB559B2CC6B49
20260711,js_consistency_transfer,JS Consistency,cnrs_parent_0050,pattern_150,trigonal,4,1.5529678516626144,0.6930137365628972,1,4,0,1,0,0.84765625,0.0,0.84765625,0.7269287109375,-1.0,1.7269287109375,3EE1BEB8831E46A8D7014352D5C1ADFAC49B7FE8959894811C1CB559B2CC6B49
20260711,js_consistency_transfer,JS Consistency,cnrs_parent_0058,pattern_171,trigonal,4,0.1760643148325003,0.405223470525769,1,1,0,0,0,8.827447891235352e-05,6.496906280517578e-06,8.177757263183594e-05,-0.9022554755210876,-0.9106380343437195,0.008382558822631836,3EE1BEB8831E46A8D7014352D5C1ADFAC49B7FE8959894811C1CB559B2CC6B49
20260711,js_consistency_transfer,JS Consistency,cnrs_parent_0068,pattern_194,trigonal,4,0.14682377806129765,0.04278461805710677,0,1,1,0,0,0.00275421142578125,3.218650817871094e-05,0.002722024917602539,-0.9830856323242188,-0.8398115634918213,-0.14327406883239746,3EE1BEB8831E46A8D7014352D5C1ADFAC49B7FE8959894811C1CB559B2CC6B49
20260711,js_consistency_transfer,JS Consistency,cnrs_parent_0112,pattern_308,trigonal,4,0.6072174986423597,0.4732577844906264,1,4,3,1,0,0.56591796875,0.00030159950256347656,0.5656163692474365,0.298095703125,-0.7765538692474365,1.0746495723724365,3EE1BEB8831E46A8D7014352D5C1ADFAC49B7FE8959894811C1CB559B2CC6B49
20260711,js_consistency_transfer,JS Consistency,cnrs_parent_0116,pattern_323,trigonal,4,0.8347811504337648,0.2913946508157221,1,4,0,1,0,0.96875,0.35400390625,0.61474609375,0.9434814453125,-0.1982421875,1.1417236328125,3EE1BEB8831E46A8D7014352D5C1ADFAC49B7FE8959894811C1CB559B2CC6B49
20260711,js_consistency_transfer,JS Consistency,cnrs_parent_0125,pattern_354,trigonal,4,0.39686195674293645,0.06031735688070714,0,0,0,0,0,0.0224761962890625,4.172325134277344e-07,0.022475779056549072,-0.7861175537109375,-0.9941402077674866,0.20802265405654907,3EE1BEB8831E46A8D7014352D5C1ADFAC49B7FE8959894811C1CB559B2CC6B49
20260711,js_consistency_transfer,JS Consistency,cnrs_parent_0126,pattern_357,trigonal,4,0.41927231197003056,0.45404310469641,1,4,1,1,0,0.90966796875,0.082763671875,0.826904296875,0.85504150390625,-0.632080078125,1.48712158203125,3EE1BEB8831E46A8D7014352D5C1ADFAC49B7FE8959894811C1CB559B2CC6B49
20260711,js_consistency_transfer,JS Consistency,cnrs_parent_0141,pattern_398,trigonal,4,0.27174426415365316,0.5199776178444586,1,4,2,1,0,0.97509765625,0.06768798828125,0.90740966796875,0.9625778198242188,-0.37713623046875,1.3397140502929688,3EE1BEB8831E46A8D7014352D5C1ADFAC49B7FE8959894811C1CB559B2CC6B49
20260711,js_consistency_transfer,JS Consistency,cnrs_parent_0145,pattern_413,trigonal,4,0.19085260396085146,0.09083201382143659,0,1,1,0,0,0.105224609375,0.0049896240234375,0.1002349853515625,-0.612548828125,-0.8724517822265625,0.2599029541015625,3EE1BEB8831E46A8D7014352D5C1ADFAC49B7FE8959894811C1CB559B2CC6B49
20260711,js_consistency_transfer,JS Consistency,cnrs_parent_0146,pattern_415,trigonal,4,0.7642937005057493,0.6112510025273841,1,4,3,1,0,0.64990234375,0.00021147727966308594,0.6496908664703369,0.4588623046875,-0.8869955539703369,1.345857858657837,3EE1BEB8831E46A8D7014352D5C1ADFAC49B7FE8959894811C1CB559B2CC6B49
20260711,js_consistency_transfer,JS Consistency,cnrs_parent_0157,pattern_452,trigonal,4,0.32071197833906906,0.18448535708143238,0,1,1,0,0,0.270751953125,0.0013933181762695312,0.26935863494873047,-0.403076171875,-0.6050519943237305,0.20197582244873047,3EE1BEB8831E46A8D7014352D5C1ADFAC49B7FE8959894811C1CB559B2CC6B49
20260711,js_consistency_transfer,JS Consistency,cnrs_parent_0179,pattern_506,trigonal,4,0.6247428333559434,0.6360637613600508,1,4,0,1,0,1.0,0.0240478515625,0.9759521484375,0.9999766945838928,-0.5360107421875,1.5359874367713928,3EE1BEB8831E46A8D7014352D5C1ADFAC49B7FE8959894811C1CB559B2CC6B49
20260711,js_consistency_transfer,JS Consistency,cnrs_parent_0208,pattern_587,trigonal,4,0.17301037433438737,0.0723549819853892,0,0,0,0,0,0.0006422996520996094,3.5762786865234375e-07,0.000641942024230957,-0.7957444190979004,-0.9985347986221313,0.20279037952423096,3EE1BEB8831E46A8D7014352D5C1ADFAC49B7FE8959894811C1CB559B2CC6B49
20260711,js_consistency_transfer,JS Consistency,cnrs_parent_0211,pattern_591,trigonal,4,0.24727000457171977,0.10736595982581917,1,0,1,0,0,0.002063751220703125,0.012054443359375,-0.009990692138671875,-0.6825065612792969,-0.708160400390625,0.025653839111328125,3EE1BEB8831E46A8D7014352D5C1ADFAC49B7FE8959894811C1CB559B2CC6B49
20260711,js_consistency_transfer,JS Consistency,cnrs_parent_0220,pattern_617,trigonal,4,0.2679471391440831,0.12782794402351594,0,1,1,0,0,0.0423583984375,0.00044989585876464844,0.04190850257873535,-0.4454345703125,-0.8652727603912354,0.41983819007873535,3EE1BEB8831E46A8D7014352D5C1ADFAC49B7FE8959894811C1CB559B2CC6B49
20260711,js_consistency_transfer,JS Consistency,cnrs_parent_0237,pattern_673,trigonal,4,1.4659314495712203,0.6897648266063525,1,6,1,0,0,0.0031108856201171875,0.0082550048828125,-0.0051441192626953125,-0.9939594268798828,-0.7886199951171875,-0.2053394317626953,3EE1BEB8831E46A8D7014352D5C1ADFAC49B7FE8959894811C1CB559B2CC6B49
20260711,js_consistency_transfer,JS Consistency,cnrs_parent_0246,pattern_722,trigonal,4,0.044858396512687526,0.01139005521279006,0,2,2,0,0,0.00015926361083984375,0.0006427764892578125,-0.00048351287841796875,-0.9798212051391602,-0.9212322235107422,-0.05858898162841797,3EE1BEB8831E46A8D7014352D5C1ADFAC49B7FE8959894811C1CB559B2CC6B49
20260711,js_consistency_transfer,JS Consistency,cnrs_parent_0248,pattern_736,trigonal,4,0.20954358664242612,0.23164208753178506,1,2,1,0,0,0.0175628662109375,0.00506591796875,0.0124969482421875,-0.6362457275390625,-0.87872314453125,0.2424774169921875,3EE1BEB8831E46A8D7014352D5C1ADFAC49B7FE8959894811C1CB559B2CC6B49
20260711,js_consistency_transfer,JS Consistency,cnrs_parent_0270,pattern_820,trigonal,4,0.346624317575819,0.20825742707920636,0,4,4,1,1,0.9130859375,0.422119140625,0.490966796875,0.83843994140625,0.03173828125,0.80670166015625,3EE1BEB8831E46A8D7014352D5C1ADFAC49B7FE8959894811C1CB559B2CC6B49
20260711,js_consistency_transfer,JS Consistency,cnrs_parent_0272,pattern_826,trigonal,4,0.10340972164496365,0.17399721475449675,1,2,0,0,0,0.058380126953125,0.0147857666015625,0.0435943603515625,-0.564178466796875,-0.4825286865234375,-0.0816497802734375,3EE1BEB8831E46A8D7014352D5C1ADFAC49B7FE8959894811C1CB559B2CC6B49
20260711,js_consistency_transfer,JS Consistency,cnrs_parent_0276,pattern_838,trigonal,4,0.19707810334001208,0.07617430398070725,0,1,1,0,0,0.08953857421875,0.258544921875,-0.16900634765625,-0.56329345703125,-0.342529296875,-0.22076416015625,3EE1BEB8831E46A8D7014352D5C1ADFAC49B7FE8959894811C1CB559B2CC6B49
20260711,js_consistency_transfer,JS Consistency,cnrs_parent_0277,pattern_839,trigonal,4,1.6178677555520768,0.6930711961619997,1,4,0,1,0,0.931640625,5.960464477539063e-08,0.9316405653953552,0.8641357421875,-0.7592772841453552,1.6234130263328552,3EE1BEB8831E46A8D7014352D5C1ADFAC49B7FE8959894811C1CB559B2CC6B49
20260711,js_consistency_transfer,JS Consistency,cnrs_parent_0278,pattern_840,trigonal,4,0.19597370524001934,0.013937460583135265,0,0,0,0,0,0.0008063316345214844,0.0003733634948730469,0.0004329681396484375,-0.9034905433654785,-0.820427417755127,-0.08306312561035156,3EE1BEB8831E46A8D7014352D5C1ADFAC49B7FE8959894811C1CB559B2CC6B49
20260711,js_consistency_transfer,JS Consistency,cnrs_parent_0289,pattern_878,trigonal,4,0.378887839510896,0.08984818042597928,0,1,1,0,0,0.086181640625,5.8770179748535156e-05,0.08612287044525146,-0.737548828125,-0.8524802923202515,0.11493146419525146,3EE1BEB8831E46A8D7014352D5C1ADFAC49B7FE8959894811C1CB559B2CC6B49
20260711,js_consistency_transfer,JS Consistency,cnrs_parent_0302,pattern_915,trigonal,4,0.5883298831832744,0.6286602912847568,1,4,0,1,0,0.9794921875,0.025665283203125,0.953826904296875,0.9622802734375,-0.945037841796875,1.907318115234375,3EE1BEB8831E46A8D7014352D5C1ADFAC49B7FE8959894811C1CB559B2CC6B49
20260711,js_consistency_transfer,JS Consistency,cnrs_parent_0308,pattern_943,trigonal,4,0.30629136853246186,0.5979274580752811,1,1,0,0,0,0.0010347366333007812,1.7881393432617188e-07,0.001034557819366455,-0.7182035446166992,-0.9736326336860657,0.25542908906936646,3EE1BEB8831E46A8D7014352D5C1ADFAC49B7FE8959894811C1CB559B2CC6B49
20260711,js_consistency_transfer,JS Consistency,cnrs_parent_0313,pattern_960,trigonal,4,0.1251010389521766,4.001154998455447e-05,0,4,4,1,1,1.0,1.0,0.0,0.9998736381530762,0.9999956488609314,-0.00012201070785522461,3EE1BEB8831E46A8D7014352D5C1ADFAC49B7FE8959894811C1CB559B2CC6B49
20260711,js_consistency_transfer,JS Consistency,cnrs_parent_0012,pattern_1030,trigonal,4,0.043854761473451354,0.13940657269267565,0,4,4,1,1,0.58544921875,0.98291015625,-0.3974609375,0.17333984375,0.9661865234375,-0.7928466796875,3EE1BEB8831E46A8D7014352D5C1ADFAC49B7FE8959894811C1CB559B2CC6B49
20260711,js_consistency_transfer,JS Consistency,cnrs_parent_0057,pattern_17,hexagonal,5,0.3086982120279781,0.0002736198837749623,0,4,4,0,0,0.001628875732421875,0.0003712177276611328,0.0012576580047607422,-0.9969062805175781,-0.9991405010223389,0.002234220504760742,3EE1BEB8831E46A8D7014352D5C1ADFAC49B7FE8959894811C1CB559B2CC6B49
20260711,js_consistency_transfer,JS Consistency,cnrs_parent_0065,pattern_19,hexagonal,5,0.16238832114271218,0.018869843796736063,0,2,2,0,0,0.002063751220703125,0.0013189315795898438,0.0007448196411132812,-0.9691276550292969,-0.8834466934204102,-0.08568096160888672,3EE1BEB8831E46A8D7014352D5C1ADFAC49B7FE8959894811C1CB559B2CC6B49
20260711,js_consistency_transfer,JS Consistency,cnrs_parent_0061,pattern_176,hexagonal,5,0.2578183050322064,0.04713267286219822,0,2,2,0,0,0.0012369155883789062,0.0008106231689453125,0.00042629241943359375,-0.9904623031616211,-0.8458690643310547,-0.1445932388305664,3EE1BEB8831E46A8D7014352D5C1ADFAC49B7FE8959894811C1CB559B2CC6B49
20260711,js_consistency_transfer,JS Consistency,cnrs_parent_0073,pattern_207,hexagonal,5,0.3256614365365347,0.08108762897610064,0,4,4,0,0,0.0023975372314453125,0.0002684593200683594,0.002129077911376953,-0.9741649627685547,-0.7214112281799316,-0.25275373458862305,3EE1BEB8831E46A8D7014352D5C1ADFAC49B7FE8959894811C1CB559B2CC6B49
20260711,js_consistency_transfer,JS Consistency,cnrs_parent_0093,pattern_249,hexagonal,5,0.08659750588745907,0.04393110172671279,0,4,4,0,0,0.437744140625,0.340087890625,0.09765625,-0.119873046875,-0.180419921875,0.060546875,3EE1BEB8831E46A8D7014352D5C1ADFAC49B7FE8959894811C1CB559B2CC6B49
20260711,js_consistency_transfer,JS Consistency,cnrs_parent_0096,pattern_257,hexagonal,5,0.2848649872282605,0.013592465562782964,0,4,4,0,0,0.035400390625,0.0016088485717773438,0.033791542053222656,-0.928955078125,-0.9842309951782227,0.055275917053222656,3EE1BEB8831E46A8D7014352D5C1ADFAC49B7FE8959894811C1CB559B2CC6B49
20260711,js_consistency_transfer,JS Consistency,cnrs_parent_0132,pattern_367,hexagonal,5,0.14331791593397614,0.0813411224424719,0,0,0,0,0,0.00015878677368164062,0.0,0.00015878677368164062,-0.7132201194763184,-0.98095703125,0.26773691177368164,3EE1BEB8831E46A8D7014352D5C1ADFAC49B7FE8959894811C1CB559B2CC6B49
20260711,js_consistency_transfer,JS Consistency,cnrs_parent_0159,pattern_457,hexagonal,5,0.31071615956629783,0.36856952015255995,1,1,5,0,1,0.00907135009765625,0.7587890625,-0.7497177124023438,-0.7912216186523438,0.5848388671875,-1.3760604858398438,3EE1BEB8831E46A8D7014352D5C1ADFAC49B7FE8959894811C1CB559B2CC6B49
20260711,js_consistency_transfer,JS Consistency,cnrs_parent_0216,pattern_608,hexagonal,5,0.8038502709425285,0.6929137692756168,1,4,0,0,0,0.267333984375,1.1920928955078125e-07,0.26733386516571045,-0.465087890625,-0.9819334745407104,0.5168455839157104,3EE1BEB8831E46A8D7014352D5C1ADFAC49B7FE8959894811C1CB559B2CC6B49
20260711,js_consistency_transfer,JS Consistency,cnrs_parent_0223,pattern_627,hexagonal,5,0.28365327837180954,0.02870218377083715,0,5,5,1,1,0.97705078125,0.8564453125,0.12060546875,0.9602813720703125,0.75885009765625,0.2014312744140625,3EE1BEB8831E46A8D7014352D5C1ADFAC49B7FE8959894811C1CB559B2CC6B49
20260711,js_consistency_transfer,JS Consistency,cnrs_parent_0288,pattern_873,hexagonal,5,0.35223403106227924,0.2705668710615441,1,4,1,0,0,0.014739990234375,0.0040435791015625,0.0106964111328125,-0.482574462890625,-0.7581634521484375,0.2755889892578125,3EE1BEB8831E46A8D7014352D5C1ADFAC49B7FE8959894811C1CB559B2CC6B49
20260711,js_consistency_transfer,JS Consistency,cnrs_parent_0300,pattern_909,hexagonal,5,0.2602566995528437,0.026305230073836262,0,4,4,0,0,0.04486083984375,0.052337646484375,-0.007476806640625,-0.72760009765625,-0.734283447265625,0.006683349609375,3EE1BEB8831E46A8D7014352D5C1ADFAC49B7FE8959894811C1CB559B2CC6B49
20260711,js_consistency_transfer,JS Consistency,cnrs_parent_0069,pattern_2,cubic,6,1.3656466304177473,0.6930317328392297,1,6,0,1,0,0.99951171875,5.960464477539063e-08,0.9995116591453552,0.999213457107544,-0.9956054091453552,1.9948188662528992,3EE1BEB8831E46A8D7014352D5C1ADFAC49B7FE8959894811C1CB559B2CC6B49
20260711,js_consistency_transfer,JS Consistency,cnrs_parent_0083,pattern_23,cubic,6,0.1853534014478817,0.022940872392922626,0,0,0,0,0,4.76837158203125e-07,8.940696716308594e-07,-4.172325134277344e-07,-0.7426753044128418,-0.5415030121803284,-0.20117229223251343,3EE1BEB8831E46A8D7014352D5C1ADFAC49B7FE8959894811C1CB559B2CC6B49
20260711,js_consistency_transfer,JS Consistency,cnrs_parent_0097,pattern_26,cubic,6,0.18612400120358796,0.0026458108211574022,0,6,6,1,1,0.9921875,1.0,-0.0078125,0.9845504760742188,0.9999561309814453,-0.015405654907226562,3EE1BEB8831E46A8D7014352D5C1ADFAC49B7FE8959894811C1CB559B2CC6B49
20260711,js_consistency_transfer,JS Consistency,cnrs_parent_0101,pattern_27,cubic,6,1.2710022438002226,0.6450469839472147,1,6,1,1,0,0.94287109375,0.0,0.94287109375,0.88690185546875,-0.80126953125,1.68817138671875,3EE1BEB8831E46A8D7014352D5C1ADFAC49B7FE8959894811C1CB559B2CC6B49
20260711,js_consistency_transfer,JS Consistency,cnrs_parent_0142,pattern_40,cubic,6,0.4395627203198549,0.490014712045637,1,6,4,1,0,0.9765625,0.093994140625,0.882568359375,0.96392822265625,-0.779052734375,1.74298095703125,3EE1BEB8831E46A8D7014352D5C1ADFAC49B7FE8959894811C1CB559B2CC6B49
20260711,js_consistency_transfer,JS Consistency,cnrs_parent_0199,pattern_57,cubic,6,1.442557196930112,0.6929572980519214,1,6,0,1,0,0.59765625,0.0,0.59765625,0.394287109375,-1.0,1.394287109375,3EE1BEB8831E46A8D7014352D5C1ADFAC49B7FE8959894811C1CB559B2CC6B49
20260711,js_consistency_transfer,JS Consistency,cnrs_parent_0241,pattern_69,cubic,6,0.10424691896966487,0.0008252308782033465,0,6,6,1,1,1.0,0.9970703125,0.0029296875,0.9998795986175537,0.9957990646362305,0.004080533981323242,3EE1BEB8831E46A8D7014352D5C1ADFAC49B7FE8959894811C1CB559B2CC6B49
20260711,js_consistency_transfer,JS Consistency,cnrs_parent_0290,pattern_88,cubic,6,0.1514690340738586,0.044871343528524704,0,0,0,0,0,5.960464477539063e-08,2.9802322387695312e-06,-2.9206275939941406e-06,-0.9282225966453552,-0.7031220197677612,-0.225100576877594,3EE1BEB8831E46A8D7014352D5C1ADFAC49B7FE8959894811C1CB559B2CC6B49
20260711,js_consistency_transfer,JS Consistency,cnrs_parent_0029,pattern_110,cubic,6,0.9980815635315268,0.5393265077953269,1,6,4,1,0,0.80322265625,0.00036525726318359375,0.8028573989868164,0.6551513671875,-0.3189706802368164,0.9741220474243164,3EE1BEB8831E46A8D7014352D5C1ADFAC49B7FE8959894811C1CB559B2CC6B49
20260711,js_consistency_transfer,JS Consistency,cnrs_parent_0035,pattern_119,cubic,6,1.2794149657850937,0.6825032737028671,1,6,4,1,0,0.9951171875,2.1576881408691406e-05,0.9950956106185913,0.9923763275146484,-0.5287870168685913,1.5211633443832397,3EE1BEB8831E46A8D7014352D5C1ADFAC49B7FE8959894811C1CB559B2CC6B49
20260711,js_consistency_transfer,JS Consistency,cnrs_parent_0040,pattern_126,cubic,6,1.0742049009192156,0.4781955301950207,1,4,5,0,0,0.0220184326171875,1.9609928131103516e-05,0.021998822689056396,-0.8188018798828125,-0.7739061713218689,-0.044895708560943604,3EE1BEB8831E46A8D7014352D5C1ADFAC49B7FE8959894811C1CB559B2CC6B49
20260711,js_consistency_transfer,JS Consistency,cnrs_parent_0062,pattern_178,cubic,6,0.2274997169580194,0.04914067806115646,0,0,0,0,0,0.00011992454528808594,0.0,0.00011992454528808594,-0.7821066379547119,-0.97412109375,0.19201445579528809,3EE1BEB8831E46A8D7014352D5C1ADFAC49B7FE8959894811C1CB559B2CC6B49
20260711,js_consistency_transfer,JS Consistency,cnrs_parent_0067,pattern_193,cubic,6,0.34389463429091205,0.07889531239103681,0,4,4,0,0,0.06488037109375,0.00031495094299316406,0.06456542015075684,-0.71588134765625,-0.9933373928070068,0.27745604515075684,3EE1BEB8831E46A8D7014352D5C1ADFAC49B7FE8959894811C1CB559B2CC6B49
20260711,js_consistency_transfer,JS Consistency,cnrs_parent_0077,pattern_215,cubic,6,1.5619860815143878,0.6928608042970879,1,6,0,1,0,0.99853515625,0.0,0.99853515625,0.9973001480102539,-0.9990234375,1.996323585510254,3EE1BEB8831E46A8D7014352D5C1ADFAC49B7FE8959894811C1CB559B2CC6B49
20260711,js_consistency_transfer,JS Consistency,cnrs_parent_0085,pattern_236,cubic,6,0.027409552164842088,0.011997478577779584,0,6,6,1,1,0.90234375,0.7978515625,0.1044921875,0.853057861328125,0.70416259765625,0.148895263671875,3EE1BEB8831E46A8D7014352D5C1ADFAC49B7FE8959894811C1CB559B2CC6B49
20260711,js_consistency_transfer,JS Consistency,cnrs_parent_0105,pattern_279,cubic,6,1.3700864058321622,0.6802315403736174,1,6,0,1,0,0.99462890625,0.0,0.99462890625,0.9893379211425781,-0.4208984375,1.4102363586425781,3EE1BEB8831E46A8D7014352D5C1ADFAC49B7FE8959894811C1CB559B2CC6B49
20260711,js_consistency_transfer,JS Consistency,cnrs_parent_0127,pattern_360,cubic,6,1.5699129334789337,0.678224582498052,1,6,2,1,0,0.98291015625,1.7881393432617188e-07,0.9829099774360657,0.9730682373046875,-0.7636716961860657,1.7367399334907532,3EE1BEB8831E46A8D7014352D5C1ADFAC49B7FE8959894811C1CB559B2CC6B49
20260711,js_consistency_transfer,JS Consistency,cnrs_parent_0129,pattern_363,cubic,6,1.3471040076433372,0.6921599108817843,1,6,0,1,0,0.95556640625,0.0,0.95556640625,0.913726806640625,-0.99755859375,1.911285400390625,3EE1BEB8831E46A8D7014352D5C1ADFAC49B7FE8959894811C1CB559B2CC6B49
20260711,js_consistency_transfer,JS Consistency,cnrs_parent_0131,pattern_366,cubic,6,0.9518877627989284,0.49986927624318894,1,6,2,1,0,0.79833984375,3.933906555175781e-06,0.7983359098434448,0.700439453125,-0.4331015348434448,1.1335409879684448,3EE1BEB8831E46A8D7014352D5C1ADFAC49B7FE8959894811C1CB559B2CC6B49
20260711,js_consistency_transfer,JS Consistency,cnrs_parent_0134,pattern_375,cubic,6,0.6993307264792874,0.4737387061504304,1,6,5,1,0,0.6748046875,0.0008420944213867188,0.6739625930786133,0.408447265625,-0.6036500930786133,1.0120973587036133,3EE1BEB8831E46A8D7014352D5C1ADFAC49B7FE8959894811C1CB559B2CC6B49
20260711,js_consistency_transfer,JS Consistency,cnrs_parent_0135,pattern_376,cubic,6,0.23634006104249805,0.4010091946761997,1,1,2,0,0,5.143880844116211e-05,3.24249267578125e-05,1.901388168334961e-05,-0.9359837174415588,-0.8754558563232422,-0.06052786111831665,3EE1BEB8831E46A8D7014352D5C1ADFAC49B7FE8959894811C1CB559B2CC6B49
20260711,js_consistency_transfer,JS Consistency,cnrs_parent_0138,pattern_394,cubic,6,1.1624818240656452,0.6691267254456592,1,4,1,0,0,0.023223876953125,0.0,0.023223876953125,-0.863983154296875,-0.61474609375,-0.249237060546875,3EE1BEB8831E46A8D7014352D5C1ADFAC49B7FE8959894811C1CB559B2CC6B49
20260711,js_consistency_transfer,JS Consistency,cnrs_parent_0143,pattern_408,cubic,6,0.15237815811569788,0.16033249105159136,1,2,0,0,0,6.604194641113281e-05,2.3245811462402344e-06,6.371736526489258e-05,-0.47967028617858887,-0.5664039254188538,0.08673363924026489,3EE1BEB8831E46A8D7014352D5C1ADFAC49B7FE8959894811C1CB559B2CC6B49
20260711,js_consistency_transfer,JS Consistency,cnrs_parent_0149,pattern_426,cubic,6,1.3224300687262274,0.6919991065822977,1,6,4,1,0,0.99951171875,0.0,0.99951171875,0.9993268251419067,-0.94482421875,1.9441510438919067,3EE1BEB8831E46A8D7014352D5C1ADFAC49B7FE8959894811C1CB559B2CC6B49
20260711,js_consistency_transfer,JS Consistency,cnrs_parent_0160,pattern_458,cubic,6,0.29523444534389465,0.359456600832313,1,6,4,1,0,0.313232421875,0.0144195556640625,0.2988128662109375,0.0341796875,-0.8083343505859375,0.8425140380859375,3EE1BEB8831E46A8D7014352D5C1ADFAC49B7FE8959894811C1CB559B2CC6B49
20260711,js_consistency_transfer,JS Consistency,cnrs_parent_0175,pattern_493,cubic,6,0.11308827853503045,0.011146391566188019,0,1,1,0,0,2.980232238769531e-07,1.7881393432617188e-07,1.1920928955078125e-07,-0.9877926707267761,-0.9340818524360657,-0.05371081829071045,3EE1BEB8831E46A8D7014352D5C1ADFAC49B7FE8959894811C1CB559B2CC6B49
20260711,js_consistency_transfer,JS Consistency,cnrs_parent_0178,pattern_503,cubic,6,0.10418398284134567,0.16030910790332475,1,1,2,0,0,3.874301910400391e-06,1.531839370727539e-05,-1.1444091796875e-05,-0.7241172194480896,-0.8080901503562927,0.08397293090820312,3EE1BEB8831E46A8D7014352D5C1ADFAC49B7FE8959894811C1CB559B2CC6B49
20260711,js_consistency_transfer,JS Consistency,cnrs_parent_0183,pattern_527,cubic,6,0.2319295372361878,0.04774386422859629,0,4,4,0,0,0.00010138750076293945,0.0178985595703125,-0.01779717206954956,-0.9959923624992371,-0.8361053466796875,-0.15988701581954956,3EE1BEB8831E46A8D7014352D5C1ADFAC49B7FE8959894811C1CB559B2CC6B49
20260711,js_consistency_transfer,JS Consistency,cnrs_parent_0188,pattern_545,cubic,6,0.17063511958888933,0.05494167917091252,0,1,1,0,0,1.913309097290039e-05,7.033348083496094e-06,1.2099742889404297e-05,-0.6283988356590271,-0.4304128885269165,-0.1979859471321106,3EE1BEB8831E46A8D7014352D5C1ADFAC49B7FE8959894811C1CB559B2CC6B49
20260711,js_consistency_transfer,JS Consistency,cnrs_parent_0196,pattern_565,cubic,6,0.20614755432791398,0.00307295298095053,0,0,0,0,0,1.7881393432617188e-07,4.827976226806641e-06,-4.649162292480469e-06,-0.6591795086860657,-0.7163037657737732,0.05712425708770752,3EE1BEB8831E46A8D7014352D5C1ADFAC49B7FE8959894811C1CB559B2CC6B49
20260711,js_consistency_transfer,JS Consistency,cnrs_parent_0200,pattern_570,cubic,6,0.22136667963240042,0.01629197559874543,0,1,1,0,0,2.86102294921875e-06,6.431341171264648e-05,-6.145238876342773e-05,-0.7084932327270508,-0.8407559990882874,0.13226276636123657,3EE1BEB8831E46A8D7014352D5C1ADFAC49B7FE8959894811C1CB559B2CC6B49
20260711,js_consistency_transfer,JS Consistency,cnrs_parent_0205,pattern_582,cubic,6,0.2218245560196963,0.0030224713573373204,0,6,6,1,1,0.9970703125,0.9921875,0.0048828125,0.9941291809082031,0.9850692749023438,0.009059906005859375,3EE1BEB8831E46A8D7014352D5C1ADFAC49B7FE8959894811C1CB559B2CC6B49
20260711,js_consistency_transfer,JS Consistency,cnrs_parent_0217,pattern_609,cubic,6,0.1967888266330785,0.2796264373548639,1,1,0,0,0,2.384185791015625e-07,7.748603820800781e-07,-5.364418029785156e-07,-0.8457028865814209,-0.8530265688896179,0.0073236823081970215,3EE1BEB8831E46A8D7014352D5C1ADFAC49B7FE8959894811C1CB559B2CC6B49
20260711,js_consistency_transfer,JS Consistency,cnrs_parent_0229,pattern_644,cubic,6,0.23441315925868178,0.07222557254203163,0,1,1,0,0,0.00023865699768066406,1.6868114471435547e-05,0.00022178888320922852,-0.5271050930023193,-0.5800612568855286,0.05295616388320923,3EE1BEB8831E46A8D7014352D5C1ADFAC49B7FE8959894811C1CB559B2CC6B49
20260711,js_consistency_transfer,JS Consistency,cnrs_parent_0238,pattern_678,cubic,6,0.03987386930074632,0.0006205467150793924,0,0,0,0,0,0.0,0.0,0.0,-0.98583984375,-0.9892578125,0.00341796875,3EE1BEB8831E46A8D7014352D5C1ADFAC49B7FE8959894811C1CB559B2CC6B49
20260711,js_consistency_transfer,JS Consistency,cnrs_parent_0249,pattern_737,cubic,6,0.19260981338735406,0.029429043717742825,0,1,1,0,0,8.761882781982422e-06,1.1742115020751953e-05,-2.9802322387695312e-06,-0.821768581867218,-0.6411015391349792,-0.18066704273223877,3EE1BEB8831E46A8D7014352D5C1ADFAC49B7FE8959894811C1CB559B2CC6B49
20260711,js_consistency_transfer,JS Consistency,cnrs_parent_0255,pattern_759,cubic,6,0.012484650506066286,0.015692151513448067,0,4,4,0,0,0.1925048828125,0.0740966796875,0.118408203125,-0.6053466796875,-0.8389892578125,0.233642578125,3EE1BEB8831E46A8D7014352D5C1ADFAC49B7FE8959894811C1CB559B2CC6B49
20260711,js_consistency_transfer,JS Consistency,cnrs_parent_0257,pattern_770,cubic,6,0.3629893743146263,0.2886498893604674,0,4,4,0,0,0.313232421875,0.01338958740234375,0.29984283447265625,-0.0048828125,-0.9353408813476562,0.9304580688476562,3EE1BEB8831E46A8D7014352D5C1ADFAC49B7FE8959894811C1CB559B2CC6B49
20260711,js_consistency_transfer,JS Consistency,cnrs_parent_0265,pattern_790,cubic,6,1.314643342651867,0.6929466333051808,1,6,2,1,0,1.0,2.5331974029541016e-05,0.9999746680259705,0.9999936819076538,-0.9672598242759705,1.9672535061836243,3EE1BEB8831E46A8D7014352D5C1ADFAC49B7FE8959894811C1CB559B2CC6B49
20260711,js_consistency_transfer,JS Consistency,cnrs_parent_0266,pattern_794,cubic,6,0.11462654731186228,0.0006666999746806383,0,6,6,1,1,0.99853515625,0.99755859375,0.0009765625,0.997861385345459,0.9956588745117188,0.0022025108337402344,3EE1BEB8831E46A8D7014352D5C1ADFAC49B7FE8959894811C1CB559B2CC6B49
20260711,js_consistency_transfer,JS Consistency,cnrs_parent_0268,pattern_810,cubic,6,0.014240821540395188,0.006903178140627243,0,3,3,0,0,0.0706787109375,0.0771484375,-0.0064697265625,-0.6968994140625,-0.595703125,-0.1011962890625,3EE1BEB8831E46A8D7014352D5C1ADFAC49B7FE8959894811C1CB559B2CC6B49
20260711,js_consistency_transfer,JS Consistency,cnrs_parent_0282,pattern_851,cubic,6,0.6845363526913013,0.5131578331597089,1,3,1,0,0,0.22998046875,3.6835670471191406e-05,0.2299436330795288,-0.10986328125,-0.8564084768295288,0.7465451955795288,3EE1BEB8831E46A8D7014352D5C1ADFAC49B7FE8959894811C1CB559B2CC6B49
20260711,js_consistency_transfer,JS Consistency,cnrs_parent_0303,pattern_919,cubic,6,1.4560587728124545,0.6930113783901725,1,6,0,1,0,0.998046875,0.0,0.998046875,0.9963827133178711,-0.9970703125,1.993453025817871,3EE1BEB8831E46A8D7014352D5C1ADFAC49B7FE8959894811C1CB559B2CC6B49
20260711,js_consistency_transfer,JS Consistency,cnrs_parent_0311,pattern_956,cubic,6,0.1393816621812255,0.006541471317051102,0,0,0,0,0,4.172325134277344e-07,1.7881393432617188e-07,2.384185791015625e-07,-0.6684566140174866,-0.7612302899360657,0.0927736759185791,3EE1BEB8831E46A8D7014352D5C1ADFAC49B7FE8959894811C1CB559B2CC6B49
20260711,js_consistency_transfer,JS Consistency,cnrs_parent_0316,pattern_964,cubic,6,1.3910944739253337,0.6833275127325704,1,6,1,1,0,0.99560546875,3.5762786865234375e-07,0.9956051111221313,0.9932041168212891,-0.6391597986221313,1.6323639154434204,3EE1BEB8831E46A8D7014352D5C1ADFAC49B7FE8959894811C1CB559B2CC6B49
20260711,js_consistency_transfer,JS Consistency,cnrs_parent_0001,pattern_1009,cubic,6,1.3716242449831377,0.6815021247976606,1,6,4,1,0,0.99560546875,5.960464477539063e-08,0.9956054091453552,0.9914703369140625,-0.4086913466453552,1.4001616835594177,3EE1BEB8831E46A8D7014352D5C1ADFAC49B7FE8959894811C1CB559B2CC6B49
20260711,js_consistency_transfer,JS Consistency,cnrs_parent_0024,pattern_1051,cubic,6,0.1245303597734494,0.30675252538817055,1,1,0,0,0,2.9802322387695312e-06,3.6954879760742188e-06,-7.152557373046875e-07,-0.8632782697677612,-0.8652306795120239,0.0019524097442626953,3EE1BEB8831E46A8D7014352D5C1ADFAC49B7FE8959894811C1CB559B2CC6B49
20260712,ordinary_dynamic_augmentation,Dynamic ERM,cnrs_parent_0087,pattern_24,triclinic,0,0.06616667285813693,8.789851602482245e-05,0,1,1,0,0,0.0003066062927246094,9.894371032714844e-06,0.00029671192169189453,-0.9992051124572754,-0.9999901056289673,0.0007849931716918945,F8A025902A72E75DFA7AED00796912A3EF49C6B1BFEB320EB4C32FDCB71668C9
20260712,ordinary_dynamic_augmentation,Dynamic ERM,cnrs_parent_0189,pattern_55,triclinic,0,0.2299697755808663,0.10450816446750064,1,1,0,0,1,0.10894775390625,0.5087890625,-0.39984130859375,-0.78216552734375,0.02734375,-0.80950927734375,F8A025902A72E75DFA7AED00796912A3EF49C6B1BFEB320EB4C32FDCB71668C9
20260712,ordinary_dynamic_augmentation,Dynamic ERM,cnrs_parent_0260,pattern_78,triclinic,0,0.14735125301024599,0.0015345337250946322,0,0,0,1,1,0.99560546875,1.0,-0.00439453125,0.9911880493164062,0.9999979734420776,-0.008809924125671387,F8A025902A72E75DFA7AED00796912A3EF49C6B1BFEB320EB4C32FDCB71668C9
20260712,ordinary_dynamic_augmentation,Dynamic ERM,cnrs_parent_0322,pattern_99,triclinic,0,0.25087820905814207,0.651226766800179,1,1,0,0,1,0.015777587890625,0.99951171875,-0.983734130859375,-0.968597412109375,0.9992411136627197,-1.9678385257720947,F8A025902A72E75DFA7AED00796912A3EF49C6B1BFEB320EB4C32FDCB71668C9
20260712,ordinary_dynamic_augmentation,Dynamic ERM,cnrs_parent_0036,pattern_120,triclinic,0,0.27088496975937837,0.003048315796436304,0,0,0,1,1,0.9912109375,1.0,-0.0087890625,0.9852485656738281,0.9999872446060181,-0.014738678932189941,F8A025902A72E75DFA7AED00796912A3EF49C6B1BFEB320EB4C32FDCB71668C9
20260712,ordinary_dynamic_augmentation,Dynamic ERM,cnrs_parent_0053,pattern_157,triclinic,0,0.03638581655257844,0.005269845093474582,0,1,1,0,0,0.0304412841796875,0.0753173828125,-0.0448760986328125,-0.9392852783203125,-0.8489990234375,-0.0902862548828125,F8A025902A72E75DFA7AED00796912A3EF49C6B1BFEB320EB4C32FDCB71668C9
20260712,ordinary_dynamic_augmentation,Dynamic ERM,cnrs_parent_0063,pattern_180,triclinic,0,0.020496190005424908,4.395944423097534e-05,0,1,1,0,0,1.1324882507324219e-06,5.364418029785156e-07,5.960464477539062e-07,-0.9995105862617493,-0.999999463558197,0.0004888772964477539,F8A025902A72E75DFA7AED00796912A3EF49C6B1BFEB320EB4C32FDCB71668C9
20260712,ordinary_dynamic_augmentation,Dynamic ERM,cnrs_parent_0088,pattern_240,triclinic,0,0.10033658590042493,0.0006442523838464644,0,1,1,0,0,0.020477294921875,0.01190948486328125,0.00856781005859375,-0.958526611328125,-0.9758834838867188,0.01735687255859375,F8A025902A72E75DFA7AED00796912A3EF49C6B1BFEB320EB4C32FDCB71668C9
20260712,ordinary_dynamic_augmentation,Dynamic ERM,cnrs_parent_0109,pattern_298,triclinic,0,0.0872262618545776,0.00935733673648962,0,0,0,1,1,0.97314453125,1.0,-0.02685546875,0.955596923828125,0.9999914765357971,-0.04439455270767212,F8A025902A72E75DFA7AED00796912A3EF49C6B1BFEB320EB4C32FDCB71668C9
20260712,ordinary_dynamic_augmentation,Dynamic ERM,cnrs_parent_0113,pattern_311,triclinic,0,0.04383495647987845,0.15600252773239773,0,0,0,1,1,0.56005859375,0.986328125,-0.42626953125,0.120361328125,0.9724807739257812,-0.8521194458007812,F8A025902A72E75DFA7AED00796912A3EF49C6B1BFEB320EB4C32FDCB71668C9
20260712,ordinary_dynamic_augmentation,Dynamic ERM,cnrs_parent_0124,pattern_348,triclinic,0,0.026909477291461426,0.008825513627517559,0,1,1,0,0,0.010406494140625,0.055816650390625,-0.04541015625,-0.979339599609375,-0.888519287109375,-0.0908203125,F8A025902A72E75DFA7AED00796912A3EF49C6B1BFEB320EB4C32FDCB71668C9
20260712,ordinary_dynamic_augmentation,Dynamic ERM,cnrs_parent_0147,pattern_417,triclinic,0,0.0507514381490064,0.0413292999175459,0,0,0,1,1,0.99462890625,0.85986328125,0.134765625,0.9891586303710938,0.719482421875,0.26967620849609375,F8A025902A72E75DFA7AED00796912A3EF49C6B1BFEB320EB4C32FDCB71668C9
20260712,ordinary_dynamic_augmentation,Dynamic ERM,cnrs_parent_0148,pattern_423,triclinic,0,0.10284353141717206,0.09482410774666934,0,0,0,1,1,0.99462890625,0.72314453125,0.271484375,0.9890289306640625,0.446533203125,0.5424957275390625,F8A025902A72E75DFA7AED00796912A3EF49C6B1BFEB320EB4C32FDCB71668C9
20260712,ordinary_dynamic_augmentation,Dynamic ERM,cnrs_parent_0154,pattern_444,triclinic,0,0.1633378927517788,0.34126862291945037,1,1,0,0,1,0.226806640625,0.9375,-0.710693359375,-0.546142578125,0.906280517578125,-1.452423095703125,F8A025902A72E75DFA7AED00796912A3EF49C6B1BFEB320EB4C32FDCB71668C9
20260712,ordinary_dynamic_augmentation,Dynamic ERM,cnrs_parent_0158,pattern_456,triclinic,0,0.11181526300093758,0.0068683447433904215,0,0,0,1,1,0.79296875,0.87890625,-0.0859375,0.5860595703125,0.758056640625,-0.1719970703125,F8A025902A72E75DFA7AED00796912A3EF49C6B1BFEB320EB4C32FDCB71668C9
20260712,ordinary_dynamic_augmentation,Dynamic ERM,cnrs_parent_0161,pattern_464,triclinic,0,0.2901087253987493,0.014947377174979262,0,0,0,1,1,0.95751953125,1.0,-0.04248046875,0.915130615234375,0.9999980330467224,-0.08486741781234741,F8A025902A72E75DFA7AED00796912A3EF49C6B1BFEB320EB4C32FDCB71668C9
20260712,ordinary_dynamic_augmentation,Dynamic ERM,cnrs_parent_0207,pattern_585,triclinic,0,0.028482308809462564,0.02964414667222308,0,0,0,1,1,0.89453125,0.9931640625,-0.0986328125,0.7901611328125,0.9885635375976562,-0.19840240478515625,F8A025902A72E75DFA7AED00796912A3EF49C6B1BFEB320EB4C32FDCB71668C9
20260712,ordinary_dynamic_augmentation,Dynamic ERM,cnrs_parent_0233,pattern_653,triclinic,0,0.05625907739293101,0.05344486569470057,0,1,1,0,0,0.1519775390625,0.0008554458618164062,0.1511220932006836,-0.6956787109375,-0.9976797103881836,0.3020009994506836,F8A025902A72E75DFA7AED00796912A3EF49C6B1BFEB320EB4C32FDCB71668C9
20260712,ordinary_dynamic_augmentation,Dynamic ERM,cnrs_parent_0253,pattern_753,triclinic,0,0.020761171717325833,0.02497015130949859,0,1,1,0,0,0.01898193359375,0.1302490234375,-0.11126708984375,-0.96197509765625,-0.7393798828125,-0.22259521484375,F8A025902A72E75DFA7AED00796912A3EF49C6B1BFEB320EB4C32FDCB71668C9
20260712,ordinary_dynamic_augmentation,Dynamic ERM,cnrs_parent_0291,pattern_881,triclinic,0,0.12796403782160282,0.17329385410329795,1,1,0,0,1,0.03948974609375,0.5390625,-0.49957275390625,-0.92095947265625,0.078125,-0.99908447265625,F8A025902A72E75DFA7AED00796912A3EF49C6B1BFEB320EB4C32FDCB71668C9
20260712,ordinary_dynamic_augmentation,Dynamic ERM,cnrs_parent_0321,pattern_979,triclinic,0,0.119788174414305,0.35472572170930283,1,6,1,0,0,0.008270263671875,0.0946044921875,-0.086334228515625,-0.641143798828125,-0.8101806640625,0.169036865234375,F8A025902A72E75DFA7AED00796912A3EF49C6B1BFEB320EB4C32FDCB71668C9
20260712,ordinary_dynamic_augmentation,Dynamic ERM,cnrs_parent_0028,pattern_11,monoclinic,1,0.09564216016152327,0.5733700469427178,1,2,0,0,0,0.00010478496551513672,0.00017940998077392578,-7.462501525878906e-05,-0.9735280275344849,-0.9739416837692261,0.00041365623474121094,F8A025902A72E75DFA7AED00796912A3EF49C6B1BFEB320EB4C32FDCB71668C9
20260712,ordinary_dynamic_augmentation,Dynamic ERM,cnrs_parent_0049,pattern_15,monoclinic,1,0.05304879754422165,0.05719629393637474,0,1,1,1,1,0.66552734375,0.927734375,-0.26220703125,0.3310546875,0.856201171875,-0.525146484375,F8A025902A72E75DFA7AED00796912A3EF49C6B1BFEB320EB4C32FDCB71668C9
20260712,ordinary_dynamic_augmentation,Dynamic ERM,cnrs_parent_0115,pattern_32,monoclinic,1,0.0660049950403857,0.20838315828534612,1,0,1,0,1,0.412353515625,0.9638671875,-0.551513671875,-0.173583984375,0.931884765625,-1.10546875,F8A025902A72E75DFA7AED00796912A3EF49C6B1BFEB320EB4C32FDCB71668C9
20260712,ordinary_dynamic_augmentation,Dynamic ERM,cnrs_parent_0153,pattern_44,monoclinic,1,0.22199854844404954,0.11181688998328843,0,1,1,1,1,1.0,0.71240234375,0.28759765625,0.9999550580978394,0.424560546875,0.5753945112228394,F8A025902A72E75DFA7AED00796912A3EF49C6B1BFEB320EB4C32FDCB71668C9
20260712,ordinary_dynamic_augmentation,Dynamic ERM,cnrs_parent_0214,pattern_60,monoclinic,1,0.21441453557262713,0.5097796397838386,1,1,0,1,0,0.9580078125,0.048309326171875,0.909698486328125,0.916412353515625,-0.903350830078125,1.81976318359375,F8A025902A72E75DFA7AED00796912A3EF49C6B1BFEB320EB4C32FDCB71668C9
20260712,ordinary_dynamic_augmentation,Dynamic ERM,cnrs_parent_0236,pattern_67,monoclinic,1,0.15715019243694417,4.2400149545843754e-05,0,0,0,0,0,7.68899917602539e-06,2.0503997802734375e-05,-1.2814998626708984e-05,-0.999992311000824,-0.9999794960021973,-1.2814998626708984e-05,F8A025902A72E75DFA7AED00796912A3EF49C6B1BFEB320EB4C32FDCB71668C9
20260712,ordinary_dynamic_augmentation,Dynamic ERM,cnrs_parent_0005,pattern_102,monoclinic,1,0.04631794412709078,0.09558049168041194,1,1,0,1,0,0.623046875,0.22802734375,0.39501953125,0.270751953125,-0.54345703125,0.814208984375,F8A025902A72E75DFA7AED00796912A3EF49C6B1BFEB320EB4C32FDCB71668C9
20260712,ordinary_dynamic_augmentation,Dynamic ERM,cnrs_parent_0011,pattern_103,monoclinic,1,1.3034756094464666,0.6929240964248191,1,1,6,1,0,0.76171875,2.4437904357910156e-06,0.7617163062095642,0.5238037109375,-0.9887670874595642,1.5125707983970642,F8A025902A72E75DFA7AED00796912A3EF49C6B1BFEB320EB4C32FDCB71668C9
20260712,ordinary_dynamic_augmentation,Dynamic ERM,cnrs_parent_0027,pattern_109,monoclinic,1,0.034733739710624434,0.005007063974370925,0,1,1,1,1,0.83544921875,0.90234375,-0.06689453125,0.6708984375,0.804931640625,-0.134033203125,F8A025902A72E75DFA7AED00796912A3EF49C6B1BFEB320EB4C32FDCB71668C9
20260712,ordinary_dynamic_augmentation,Dynamic ERM,cnrs_parent_0030,pattern_112,monoclinic,1,0.14206440317331037,0.013626194995418953,0,0,0,0,0,0.03875732421875,5.364418029785156e-07,0.03875678777694702,-0.92266845703125,-0.999999463558197,0.07733100652694702,F8A025902A72E75DFA7AED00796912A3EF49C6B1BFEB320EB4C32FDCB71668C9
20260712,ordinary_dynamic_augmentation,Dynamic ERM,cnrs_parent_0031,pattern_113,monoclinic,1,0.49712066720444115,0.3301202550711035,1,2,4,0,0,0.391357421875,0.060699462890625,0.330657958984375,-0.162841796875,-0.532073974609375,0.369232177734375,F8A025902A72E75DFA7AED00796912A3EF49C6B1BFEB320EB4C32FDCB71668C9
20260712,ordinary_dynamic_augmentation,Dynamic ERM,cnrs_parent_0039,pattern_125,monoclinic,1,0.04916422920623342,0.06337940893851912,0,0,0,0,0,0.197998046875,0.0106658935546875,0.1873321533203125,-0.514892578125,-0.9346466064453125,0.4197540283203125,F8A025902A72E75DFA7AED00796912A3EF49C6B1BFEB320EB4C32FDCB71668C9
20260712,ordinary_dynamic_augmentation,Dynamic ERM,cnrs_parent_0042,pattern_129,monoclinic,1,0.35983923093356474,0.6890516507570495,1,1,0,1,0,0.99951171875,0.0002613067626953125,0.9992504119873047,0.9988131523132324,-0.9992504119873047,1.998063564300537,F8A025902A72E75DFA7AED00796912A3EF49C6B1BFEB320EB4C32FDCB71668C9
20260712,ordinary_dynamic_augmentation,Dynamic ERM,cnrs_parent_0051,pattern_151,monoclinic,1,0.6471957581931522,0.6347121435709628,1,1,4,1,0,0.87158203125,7.748603820800781e-05,0.871504545211792,0.7430419921875,-0.940840482711792,1.683882474899292,F8A025902A72E75DFA7AED00796912A3EF49C6B1BFEB320EB4C32FDCB71668C9
20260712,ordinary_dynamic_augmentation,Dynamic ERM,cnrs_parent_0060,pattern_175,monoclinic,1,0.11545810256303768,0.00041741106617743204,0,0,0,0,0,0.001617431640625,0.0028438568115234375,-0.0012264251708984375,-0.995452880859375,-0.9942264556884766,-0.0012264251708984375,F8A025902A72E75DFA7AED00796912A3EF49C6B1BFEB320EB4C32FDCB71668C9
20260712,ordinary_dynamic_augmentation,Dynamic ERM,cnrs_parent_0066,pattern_192,monoclinic,1,0.24282779391870202,0.01058381615833223,0,1,1,1,1,1.0,0.96875,0.03125,0.9999004602432251,0.941375732421875,0.0585247278213501,F8A025902A72E75DFA7AED00796912A3EF49C6B1BFEB320EB4C32FDCB71668C9
20260712,ordinary_dynamic_augmentation,Dynamic ERM,cnrs_parent_0072,pattern_205,monoclinic,1,0.5619162399172816,0.4846404396520657,1,4,1,0,1,0.0560302734375,0.52392578125,-0.4678955078125,-0.5186767578125,0.122314453125,-0.6409912109375,F8A025902A72E75DFA7AED00796912A3EF49C6B1BFEB320EB4C32FDCB71668C9
20260712,ordinary_dynamic_augmentation,Dynamic ERM,cnrs_parent_0074,pattern_208,monoclinic,1,0.12575864931724912,0.46183137151499876,1,2,0,0,0,0.080810546875,0.004192352294921875,0.07661819458007812,-0.692138671875,-0.9904365539550781,0.2982978820800781,F8A025902A72E75DFA7AED00796912A3EF49C6B1BFEB320EB4C32FDCB71668C9
20260712,ordinary_dynamic_augmentation,Dynamic ERM,cnrs_parent_0080,pattern_225,monoclinic,1,0.09105694109937545,0.08063677278533832,0,1,1,1,1,0.9951171875,0.76220703125,0.23291015625,0.9913845062255859,0.53515625,0.45622825622558594,F8A025902A72E75DFA7AED00796912A3EF49C6B1BFEB320EB4C32FDCB71668C9
20260712,ordinary_dynamic_augmentation,Dynamic ERM,cnrs_parent_0081,pattern_226,monoclinic,1,0.26343463047223625,0.5141782944027086,1,1,0,1,0,0.955078125,0.054595947265625,0.900482177734375,0.9217529296875,-0.890716552734375,1.812469482421875,F8A025902A72E75DFA7AED00796912A3EF49C6B1BFEB320EB4C32FDCB71668C9
20260712,ordinary_dynamic_augmentation,Dynamic ERM,cnrs_parent_0084,pattern_233,monoclinic,1,0.08158126054084902,0.1811753961414792,1,1,0,1,0,0.974609375,0.484375,0.490234375,0.951141357421875,-0.03125,0.982391357421875,F8A025902A72E75DFA7AED00796912A3EF49C6B1BFEB320EB4C32FDCB71668C9
20260712,ordinary_dynamic_augmentation,Dynamic ERM,cnrs_parent_0089,pattern_241,monoclinic,1,0.11876393602217894,0.5555958979922977,1,2,1,0,1,0.056640625,0.97998046875,-0.92333984375,-0.80859375,0.961029052734375,-1.769622802734375,F8A025902A72E75DFA7AED00796912A3EF49C6B1BFEB320EB4C32FDCB71668C9
20260712,ordinary_dynamic_augmentation,Dynamic ERM,cnrs_parent_0091,pattern_243,monoclinic,1,0.21662467484951664,0.6248432688456715,1,4,0,0,0,0.016021728515625,0.00807952880859375,0.00794219970703125,-0.967376708984375,-0.9592056274414062,-0.00817108154296875,F8A025902A72E75DFA7AED00796912A3EF49C6B1BFEB320EB4C32FDCB71668C9
20260712,ordinary_dynamic_augmentation,Dynamic ERM,cnrs_parent_0092,pattern_244,monoclinic,1,0.013863525807208843,0.0011451305259190371,0,0,0,0,0,0.0031375885009765625,9.083747863769531e-05,0.003046751022338867,-0.9905147552490234,-0.9984443187713623,0.007929563522338867,F8A025902A72E75DFA7AED00796912A3EF49C6B1BFEB320EB4C32FDCB71668C9
20260712,ordinary_dynamic_augmentation,Dynamic ERM,cnrs_parent_0094,pattern_250,monoclinic,1,0.6745534343648428,0.6706134135068917,1,4,0,0,0,0.08087158203125,0.01666259765625,0.064208984375,-0.60418701171875,-0.96673583984375,0.362548828125,F8A025902A72E75DFA7AED00796912A3EF49C6B1BFEB320EB4C32FDCB71668C9
20260712,ordinary_dynamic_augmentation,Dynamic ERM,cnrs_parent_0095,pattern_255,monoclinic,1,0.31423503512095496,0.36458969064781366,1,1,0,1,0,0.62255859375,0.0002199411392211914,0.6223386526107788,0.353759765625,-0.9997800588607788,1.3535398244857788,F8A025902A72E75DFA7AED00796912A3EF49C6B1BFEB320EB4C32FDCB71668C9
20260712,ordinary_dynamic_augmentation,Dynamic ERM,cnrs_parent_0098,pattern_262,monoclinic,1,0.028630873956593916,0.0004789815707034233,0,0,0,0,0,0.0014896392822265625,1.6570091247558594e-05,0.001473069190979004,-0.9970455169677734,-0.9999834299087524,0.002937912940979004,F8A025902A72E75DFA7AED00796912A3EF49C6B1BFEB320EB4C32FDCB71668C9
20260712,ordinary_dynamic_augmentation,Dynamic ERM,cnrs_parent_0099,pattern_266,monoclinic,1,0.4466853123010579,0.026963157276646933,0,2,2,0,0,2.759695053100586e-05,0.0017309188842773438,-0.0017033219337463379,-0.996554434299469,-0.9216089248657227,-0.07494550943374634,F8A025902A72E75DFA7AED00796912A3EF49C6B1BFEB320EB4C32FDCB71668C9
20260712,ordinary_dynamic_augmentation,Dynamic ERM,cnrs_parent_0102,pattern_273,monoclinic,1,0.15431348385718624,0.20991229334842412,0,0,0,0,0,0.489501953125,0.0034027099609375,0.4860992431640625,-0.00390625,-0.9931793212890625,0.9892730712890625,F8A025902A72E75DFA7AED00796912A3EF49C6B1BFEB320EB4C32FDCB71668C9
20260712,ordinary_dynamic_augmentation,Dynamic ERM,cnrs_parent_0110,pattern_303,monoclinic,1,0.16284506162388945,0.45584729495198834,1,1,0,1,0,0.83349609375,0.0011243820190429688,0.832371711730957,0.673095703125,-0.997899055480957,1.670994758605957,F8A025902A72E75DFA7AED00796912A3EF49C6B1BFEB320EB4C32FDCB71668C9
20260712,ordinary_dynamic_augmentation,Dynamic ERM,cnrs_parent_0111,pattern_307,monoclinic,1,0.021084745171969788,0.041964563884238804,0,1,1,1,1,0.8291015625,0.98486328125,-0.15576171875,0.6827392578125,0.96990966796875,-0.28717041015625,F8A025902A72E75DFA7AED00796912A3EF49C6B1BFEB320EB4C32FDCB71668C9
20260712,ordinary_dynamic_augmentation,Dynamic ERM,cnrs_parent_0121,pattern_342,monoclinic,1,0.1547792864825298,0.021273478249066648,0,1,1,1,1,0.78076171875,0.63427734375,0.146484375,0.562255859375,0.306640625,0.255615234375,F8A025902A72E75DFA7AED00796912A3EF49C6B1BFEB320EB4C32FDCB71668C9
20260712,ordinary_dynamic_augmentation,Dynamic ERM,cnrs_parent_0122,pattern_344,monoclinic,1,0.5791772906951584,0.6382205854090426,1,4,1,0,1,0.0221099853515625,0.99755859375,-0.9754486083984375,-0.4527435302734375,0.9953594207763672,-1.4481029510498047,F8A025902A72E75DFA7AED00796912A3EF49C6B1BFEB320EB4C32FDCB71668C9
20260712,ordinary_dynamic_augmentation,Dynamic ERM,cnrs_parent_0128,pattern_362,monoclinic,1,0.08449861119329194,0.013028473250848677,0,0,0,0,0,0.00534820556640625,0.0001252889633178711,0.005222916603088379,-0.9560775756835938,-0.9998747110366821,0.04379713535308838,F8A025902A72E75DFA7AED00796912A3EF49C6B1BFEB320EB4C32FDCB71668C9
20260712,ordinary_dynamic_augmentation,Dynamic ERM,cnrs_parent_0130,pattern_365,monoclinic,1,0.1260030187782698,0.0008912499294460096,0,0,0,0,0,0.007343292236328125,0.002269744873046875,0.00507354736328125,-0.9848442077636719,-0.9952888488769531,0.01044464111328125,F8A025902A72E75DFA7AED00796912A3EF49C6B1BFEB320EB4C32FDCB71668C9
20260712,ordinary_dynamic_augmentation,Dynamic ERM,cnrs_parent_0137,pattern_388,monoclinic,1,0.0834732994592895,0.00019916138310954073,0,0,0,0,0,0.0005745887756347656,0.0,0.0005745887756347656,-0.9989371299743652,-1.0,0.0010628700256347656,F8A025902A72E75DFA7AED00796912A3EF49C6B1BFEB320EB4C32FDCB71668C9
20260712,ordinary_dynamic_augmentation,Dynamic ERM,cnrs_parent_0140,pattern_397,monoclinic,1,0.16867727059405202,0.6159231126000964,1,1,0,1,0,0.9794921875,0.034088134765625,0.945404052734375,0.959625244140625,-0.931732177734375,1.891357421875,F8A025902A72E75DFA7AED00796912A3EF49C6B1BFEB320EB4C32FDCB71668C9
20260712,ordinary_dynamic_augmentation,Dynamic ERM,cnrs_parent_0151,pattern_431,monoclinic,1,0.08586312348537528,0.00862195586883293,0,1,1,1,1,0.9150390625,0.82763671875,0.08740234375,0.8299560546875,0.655517578125,0.1744384765625,F8A025902A72E75DFA7AED00796912A3EF49C6B1BFEB320EB4C32FDCB71668C9
20260712,ordinary_dynamic_augmentation,Dynamic ERM,cnrs_parent_0162,pattern_469,monoclinic,1,0.23949403938138947,0.5970811031341451,1,1,0,1,0,0.978515625,0.017852783203125,0.960662841796875,0.9573974609375,-0.964080810546875,1.921478271484375,F8A025902A72E75DFA7AED00796912A3EF49C6B1BFEB320EB4C32FDCB71668C9
20260712,ordinary_dynamic_augmentation,Dynamic ERM,cnrs_parent_0165,pattern_474,monoclinic,1,0.2661549029248691,0.49954182666459496,1,1,4,1,0,0.97802734375,0.08953857421875,0.88848876953125,0.9659576416015625,-0.80743408203125,1.7733917236328125,F8A025902A72E75DFA7AED00796912A3EF49C6B1BFEB320EB4C32FDCB71668C9
20260712,ordinary_dynamic_augmentation,Dynamic ERM,cnrs_parent_0169,pattern_480,monoclinic,1,0.01241940931820229,1.1718933696077655e-05,0,0,0,0,0,7.784366607666016e-05,1.4901161193847656e-05,6.29425048828125e-05,-0.9999221563339233,-0.9999850988388062,6.29425048828125e-05,F8A025902A72E75DFA7AED00796912A3EF49C6B1BFEB320EB4C32FDCB71668C9
20260712,ordinary_dynamic_augmentation,Dynamic ERM,cnrs_parent_0170,pattern_482,monoclinic,1,0.09991597257927909,0.35147571623956125,1,0,1,0,1,0.0655517578125,0.83837890625,-0.7728271484375,-0.8680419921875,0.68212890625,-1.5501708984375,F8A025902A72E75DFA7AED00796912A3EF49C6B1BFEB320EB4C32FDCB71668C9
20260712,ordinary_dynamic_augmentation,Dynamic ERM,cnrs_parent_0174,pattern_491,monoclinic,1,0.03058913792219342,0.0003829039252174091,0,1,1,1,1,1.0,0.99853515625,0.00146484375,0.9999561905860901,0.997319221496582,0.0026369690895080566,F8A025902A72E75DFA7AED00796912A3EF49C6B1BFEB320EB4C32FDCB71668C9
20260712,ordinary_dynamic_augmentation,Dynamic ERM,cnrs_parent_0176,pattern_497,monoclinic,1,0.01003785971097626,0.12302578354052399,1,1,0,1,0,0.921875,0.48828125,0.43359375,0.84381103515625,-0.0234375,0.86724853515625,F8A025902A72E75DFA7AED00796912A3EF49C6B1BFEB320EB4C32FDCB71668C9
20260712,ordinary_dynamic_augmentation,Dynamic ERM,cnrs_parent_0180,pattern_513,monoclinic,1,0.8614301281419967,0.6667230615512902,1,1,4,1,0,0.9794921875,4.291534423828125e-06,0.9794878959655762,0.9675369262695312,-0.7377886772155762,1.7053256034851074,F8A025902A72E75DFA7AED00796912A3EF49C6B1BFEB320EB4C32FDCB71668C9
20260712,ordinary_dynamic_augmentation,Dynamic ERM,cnrs_parent_0181,pattern_514,monoclinic,1,0.03785687376138225,4.3598603956545015e-06,0,0,0,0,0,5.364418029785156e-06,5.960464477539063e-08,5.304813385009766e-06,-0.9999946355819702,-0.9999999403953552,5.304813385009766e-06,F8A025902A72E75DFA7AED00796912A3EF49C6B1BFEB320EB4C32FDCB71668C9
20260712,ordinary_dynamic_augmentation,Dynamic ERM,cnrs_parent_0182,pattern_516,monoclinic,1,0.029986992919974753,0.0058905655798130365,0,0,0,0,0,0.281494140625,0.1895751953125,0.0919189453125,-0.437255859375,-0.6209716796875,0.1837158203125,F8A025902A72E75DFA7AED00796912A3EF49C6B1BFEB320EB4C32FDCB71668C9
20260712,ordinary_dynamic_augmentation,Dynamic ERM,cnrs_parent_0186,pattern_538,monoclinic,1,0.9359756111162268,0.39172831233289984,1,3,0,0,0,0.0242462158203125,0.004947662353515625,0.019298553466796875,-0.5997772216796875,-0.9774742126464844,0.3776969909667969,F8A025902A72E75DFA7AED00796912A3EF49C6B1BFEB320EB4C32FDCB71668C9
20260712,ordinary_dynamic_augmentation,Dynamic ERM,cnrs_parent_0190,pattern_551,monoclinic,1,0.31898096585672875,0.010670349558405089,0,0,0,0,0,0.004405975341796875,0.000751495361328125,0.00365447998046875,-0.9677619934082031,-0.9846000671386719,0.01683807373046875,F8A025902A72E75DFA7AED00796912A3EF49C6B1BFEB320EB4C32FDCB71668C9
20260712,ordinary_dynamic_augmentation,Dynamic ERM,cnrs_parent_0191,pattern_552,monoclinic,1,0.27540628730343475,0.0009175385557246057,0,0,0,0,0,0.0025005340576171875,0.0,0.0025005340576171875,-0.9950580596923828,-1.0,0.0049419403076171875,F8A025902A72E75DFA7AED00796912A3EF49C6B1BFEB320EB4C32FDCB71668C9
20260712,ordinary_dynamic_augmentation,Dynamic ERM,cnrs_parent_0193,pattern_554,monoclinic,1,0.06466887115430642,0.24779262346874936,1,1,0,1,0,0.97412109375,0.363037109375,0.611083984375,0.9483642578125,-0.274169921875,1.2225341796875,F8A025902A72E75DFA7AED00796912A3EF49C6B1BFEB320EB4C32FDCB71668C9
20260712,ordinary_dynamic_augmentation,Dynamic ERM,cnrs_parent_0195,pattern_560,monoclinic,1,0.06322978084341058,0.5851560786557974,1,1,0,1,0,0.98388671875,0.029541015625,0.954345703125,0.9677276611328125,-0.941162109375,1.9088897705078125,F8A025902A72E75DFA7AED00796912A3EF49C6B1BFEB320EB4C32FDCB71668C9
20260712,ordinary_dynamic_augmentation,Dynamic ERM,cnrs_parent_0198,pattern_568,monoclinic,1,0.02805992518685363,0.0005040492703642461,0,0,0,0,0,0.0002397298812866211,0.002323150634765625,-0.002083420753479004,-0.9992719888687134,-0.9952354431152344,-0.004036545753479004,F8A025902A72E75DFA7AED00796912A3EF49C6B1BFEB320EB4C32FDCB71668C9
20260712,ordinary_dynamic_augmentation,Dynamic ERM,cnrs_parent_0209,pattern_588,monoclinic,1,0.115359341120304,0.0015478925117333791,0,0,0,0,0,0.00013339519500732422,0.005218505859375,-0.005085110664367676,-0.9998666048049927,-0.989410400390625,-0.010456204414367676,F8A025902A72E75DFA7AED00796912A3EF49C6B1BFEB320EB4C32FDCB71668C9
20260712,ordinary_dynamic_augmentation,Dynamic ERM,cnrs_parent_0210,pattern_590,monoclinic,1,0.041537905660687935,0.07018781126771509,1,0,1,0,1,0.195556640625,0.552734375,-0.357177734375,-0.608642578125,0.105224609375,-0.7138671875,F8A025902A72E75DFA7AED00796912A3EF49C6B1BFEB320EB4C32FDCB71668C9
20260712,ordinary_dynamic_augmentation,Dynamic ERM,cnrs_parent_0212,pattern_595,monoclinic,1,0.05160104544353472,0.005790073700086261,0,1,1,1,1,0.9541015625,0.98876953125,-0.03466796875,0.908416748046875,0.977569580078125,-0.06915283203125,F8A025902A72E75DFA7AED00796912A3EF49C6B1BFEB320EB4C32FDCB71668C9
20260712,ordinary_dynamic_augmentation,Dynamic ERM,cnrs_parent_0213,pattern_599,monoclinic,1,0.0549687322432435,0.11354220255582426,1,1,0,1,0,0.5087890625,0.10888671875,0.39990234375,0.04541015625,-0.78173828125,0.8271484375,F8A025902A72E75DFA7AED00796912A3EF49C6B1BFEB320EB4C32FDCB71668C9
20260712,ordinary_dynamic_augmentation,Dynamic ERM,cnrs_parent_0219,pattern_616,monoclinic,1,0.07472737580551825,0.15451758554845685,1,0,1,0,1,0.05706787109375,0.509765625,-0.45269775390625,-0.88580322265625,0.045654296875,-0.93145751953125,F8A025902A72E75DFA7AED00796912A3EF49C6B1BFEB320EB4C32FDCB71668C9
20260712,ordinary_dynamic_augmentation,Dynamic ERM,cnrs_parent_0221,pattern_618,monoclinic,1,0.3369473679511197,0.038991307827518036,0,1,1,1,1,0.7734375,0.763671875,0.009765625,0.6392822265625,0.5272216796875,0.112060546875,F8A025902A72E75DFA7AED00796912A3EF49C6B1BFEB320EB4C32FDCB71668C9
20260712,ordinary_dynamic_augmentation,Dynamic ERM,cnrs_parent_0240,pattern_684,monoclinic,1,0.36301713607742747,0.6682838655728057,1,1,0,1,0,1.0,0.0082550048828125,0.9917449951171875,0.9998073577880859,-0.9834442138671875,1.9832515716552734,F8A025902A72E75DFA7AED00796912A3EF49C6B1BFEB320EB4C32FDCB71668C9
20260712,ordinary_dynamic_augmentation,Dynamic ERM,cnrs_parent_0243,pattern_710,monoclinic,1,0.021407706114385472,0.00041928679102587484,0,0,0,0,0,0.0010156631469726562,2.4378299713134766e-05,0.0009912848472595215,-0.9936132431030273,-0.9975342154502869,0.0039209723472595215,F8A025902A72E75DFA7AED00796912A3EF49C6B1BFEB320EB4C32FDCB71668C9
20260712,ordinary_dynamic_augmentation,Dynamic ERM,cnrs_parent_0251,pattern_745,monoclinic,1,0.07231735538120965,0.01451217941555529,0,2,2,0,0,0.0906982421875,0.18798828125,-0.0972900390625,-0.8077392578125,-0.603515625,-0.2042236328125,F8A025902A72E75DFA7AED00796912A3EF49C6B1BFEB320EB4C32FDCB71668C9
20260712,ordinary_dynamic_augmentation,Dynamic ERM,cnrs_parent_0254,pattern_756,monoclinic,1,0.08545107036472432,0.22451210457306542,1,1,0,1,0,0.998046875,0.472412109375,0.525634765625,0.9958896636962891,-0.054443359375,1.050333023071289,F8A025902A72E75DFA7AED00796912A3EF49C6B1BFEB320EB4C32FDCB71668C9
20260712,ordinary_dynamic_augmentation,Dynamic ERM,cnrs_parent_0259,pattern_779,monoclinic,1,0.02026704120390621,0.07671141220855726,1,1,0,1,0,0.7646484375,0.3828125,0.3818359375,0.5296630859375,-0.2333984375,0.7630615234375,F8A025902A72E75DFA7AED00796912A3EF49C6B1BFEB320EB4C32FDCB71668C9
20260712,ordinary_dynamic_augmentation,Dynamic ERM,cnrs_parent_0269,pattern_815,monoclinic,1,1.0061515638642067,0.6906654766216394,1,2,4,0,0,5.960464477539063e-08,0.00035858154296875,-0.0003585219383239746,-0.9985350966453552,-0.7530593872070312,-0.24547570943832397,F8A025902A72E75DFA7AED00796912A3EF49C6B1BFEB320EB4C32FDCB71668C9
20260712,ordinary_dynamic_augmentation,Dynamic ERM,cnrs_parent_0271,pattern_825,monoclinic,1,0.2864517129804388,0.00017581349896549114,0,0,0,0,0,0.0008559226989746094,0.00029587745666503906,0.0005600452423095703,-0.9981675148010254,-0.999215841293335,0.0010483264923095703,F8A025902A72E75DFA7AED00796912A3EF49C6B1BFEB320EB4C32FDCB71668C9
20260712,ordinary_dynamic_augmentation,Dynamic ERM,cnrs_parent_0273,pattern_831,monoclinic,1,0.04867255978754148,0.005337880655364502,0,1,1,1,1,0.990234375,0.98681640625,0.00341796875,0.9833488464355469,0.9735946655273438,0.009754180908203125,F8A025902A72E75DFA7AED00796912A3EF49C6B1BFEB320EB4C32FDCB71668C9
20260712,ordinary_dynamic_augmentation,Dynamic ERM,cnrs_parent_0274,pattern_833,monoclinic,1,0.026171165168763943,0.013081922392169838,0,1,1,1,1,0.939453125,0.83984375,0.099609375,0.878936767578125,0.6795654296875,0.199371337890625,F8A025902A72E75DFA7AED00796912A3EF49C6B1BFEB320EB4C32FDCB71668C9
20260712,ordinary_dynamic_augmentation,Dynamic ERM,cnrs_parent_0284,pattern_857,monoclinic,1,0.028475393988501074,0.04893459439014178,0,1,1,1,1,0.87255859375,0.60205078125,0.2705078125,0.744873046875,0.2041015625,0.540771484375,F8A025902A72E75DFA7AED00796912A3EF49C6B1BFEB320EB4C32FDCB71668C9
20260712,ordinary_dynamic_augmentation,Dynamic ERM,cnrs_parent_0285,pattern_859,monoclinic,1,0.23130930203761157,0.07093729077734202,0,1,1,1,1,0.99755859375,0.80419921875,0.193359375,0.9961328506469727,0.608642578125,0.38749027252197266,F8A025902A72E75DFA7AED00796912A3EF49C6B1BFEB320EB4C32FDCB71668C9
20260712,ordinary_dynamic_augmentation,Dynamic ERM,cnrs_parent_0292,pattern_885,monoclinic,1,0.013567179560964981,6.144707995398413e-07,0,1,1,1,1,1.0,1.0,0.0,0.9999576807022095,0.9999662637710571,-8.58306884765625e-06,F8A025902A72E75DFA7AED00796912A3EF49C6B1BFEB320EB4C32FDCB71668C9
20260712,ordinary_dynamic_augmentation,Dynamic ERM,cnrs_parent_0294,pattern_890,monoclinic,1,0.3920126107907149,0.6828846145015617,1,1,0,1,0,0.9970703125,3.5762786865234375e-06,0.9970667362213135,0.9940662384033203,-0.9999964237213135,1.9940626621246338,F8A025902A72E75DFA7AED00796912A3EF49C6B1BFEB320EB4C32FDCB71668C9
20260712,ordinary_dynamic_augmentation,Dynamic ERM,cnrs_parent_0295,pattern_895,monoclinic,1,0.12439910886634853,5.716041466420913e-05,0,0,0,0,0,0.0002512931823730469,2.1338462829589844e-05,0.00022995471954345703,-0.999260425567627,-0.9999786615371704,0.000718235969543457,F8A025902A72E75DFA7AED00796912A3EF49C6B1BFEB320EB4C32FDCB71668C9
20260712,ordinary_dynamic_augmentation,Dynamic ERM,cnrs_parent_0296,pattern_896,monoclinic,1,0.07011923823108857,0.0028725937421097995,0,2,2,0,0,0.06988525390625,0.04754638671875,0.0223388671875,-0.85784912109375,-0.89239501953125,0.0345458984375,F8A025902A72E75DFA7AED00796912A3EF49C6B1BFEB320EB4C32FDCB71668C9
20260712,ordinary_dynamic_augmentation,Dynamic ERM,cnrs_parent_0297,pattern_906,monoclinic,1,0.09333652354362743,0.054233870956009234,0,0,0,0,0,0.08447265625,0.34521484375,-0.2607421875,-0.8310546875,-0.30712890625,-0.52392578125,F8A025902A72E75DFA7AED00796912A3EF49C6B1BFEB320EB4C32FDCB71668C9
20260712,ordinary_dynamic_augmentation,Dynamic ERM,cnrs_parent_0298,pattern_907,monoclinic,1,0.0743773670658997,0.0392625879378648,0,0,0,0,0,0.11505126953125,0.0009174346923828125,0.11413383483886719,-0.76873779296875,-0.9971294403076172,0.2283916473388672,F8A025902A72E75DFA7AED00796912A3EF49C6B1BFEB320EB4C32FDCB71668C9
20260712,ordinary_dynamic_augmentation,Dynamic ERM,cnrs_parent_0301,pattern_912,monoclinic,1,0.0815379416852704,0.008079261122730198,0,1,1,1,1,0.99951171875,0.97607421875,0.0234375,0.9991979598999023,0.952850341796875,0.046347618103027344,F8A025902A72E75DFA7AED00796912A3EF49C6B1BFEB320EB4C32FDCB71668C9
20260712,ordinary_dynamic_augmentation,Dynamic ERM,cnrs_parent_0305,pattern_930,monoclinic,1,0.4306354314975729,0.6649556914115704,1,4,0,0,0,0.0065155029296875,8.940696716308594e-07,0.006514608860015869,-0.9759063720703125,-0.9999991059303284,0.02409273386001587,F8A025902A72E75DFA7AED00796912A3EF49C6B1BFEB320EB4C32FDCB71668C9
20260712,ordinary_dynamic_augmentation,Dynamic ERM,cnrs_parent_0306,pattern_938,monoclinic,1,0.18327323484997982,0.16955446001012436,1,1,0,1,0,0.86083984375,0.3056640625,0.55517578125,0.721435546875,-0.388671875,1.110107421875,F8A025902A72E75DFA7AED00796912A3EF49C6B1BFEB320EB4C32FDCB71668C9
20260712,ordinary_dynamic_augmentation,Dynamic ERM,cnrs_parent_0314,pattern_961,monoclinic,1,0.07280835184517798,0.018063918625414548,0,0,0,0,0,0.0457763671875,8.52346420288086e-06,0.04576784372329712,-0.9029541015625,-0.9999914765357971,0.09703737497329712,F8A025902A72E75DFA7AED00796912A3EF49C6B1BFEB320EB4C32FDCB71668C9
20260712,ordinary_dynamic_augmentation,Dynamic ERM,cnrs_parent_0320,pattern_977,monoclinic,1,0.09905938964514738,0.34431243434128656,1,4,1,0,1,0.263427734375,0.98974609375,-0.726318359375,-0.464111328125,0.979736328125,-1.44384765625,F8A025902A72E75DFA7AED00796912A3EF49C6B1BFEB320EB4C32FDCB71668C9
20260712,ordinary_dynamic_augmentation,Dynamic ERM,cnrs_parent_0323,pattern_998,monoclinic,1,0.6542307722619385,0.5902517736691881,1,2,0,0,0,2.676248550415039e-05,0.005352020263671875,-0.005325257778167725,-0.6860083937644958,-0.9341011047363281,0.24809271097183228,F8A025902A72E75DFA7AED00796912A3EF49C6B1BFEB320EB4C32FDCB71668C9
20260712,ordinary_dynamic_augmentation,Dynamic ERM,cnrs_parent_0007,pattern_1021,monoclinic,1,0.5488155477878559,0.026291975411770738,0,0,0,0,0,0.0024261474609375,0.0001609325408935547,0.0022652149200439453,-0.9819488525390625,-0.9251320362091064,-0.056816816329956055,F8A025902A72E75DFA7AED00796912A3EF49C6B1BFEB320EB4C32FDCB71668C9
20260712,ordinary_dynamic_augmentation,Dynamic ERM,cnrs_parent_0008,pattern_1023,monoclinic,1,0.16383136230181083,0.4418066864696609,1,1,0,1,0,0.8896484375,0.03497314453125,0.85467529296875,0.78253173828125,-0.86199951171875,1.64453125,F8A025902A72E75DFA7AED00796912A3EF49C6B1BFEB320EB4C32FDCB71668C9
20260712,ordinary_dynamic_augmentation,Dynamic ERM,cnrs_parent_0014,pattern_1034,monoclinic,1,0.1304217519518054,0.00023637371784928182,0,4,4,0,0,0.0032825469970703125,0.003482818603515625,-0.0002002716064453125,-0.9923229217529297,-0.9930992126464844,0.0007762908935546875,F8A025902A72E75DFA7AED00796912A3EF49C6B1BFEB320EB4C32FDCB71668C9
20260712,ordinary_dynamic_augmentation,Dynamic ERM,cnrs_parent_0020,pattern_1044,monoclinic,1,0.02539393514113697,0.0030256980597561794,1,0,1,0,1,0.43408203125,0.51171875,-0.07763671875,-0.1318359375,0.0234375,-0.1552734375,F8A025902A72E75DFA7AED00796912A3EF49C6B1BFEB320EB4C32FDCB71668C9
20260712,ordinary_dynamic_augmentation,Dynamic ERM,cnrs_parent_0021,pattern_1045,monoclinic,1,0.0258939114180482,0.06523803601927888,0,0,0,0,0,0.093994140625,0.39599609375,-0.302001953125,-0.811767578125,-0.2080078125,-0.603759765625,F8A025902A72E75DFA7AED00796912A3EF49C6B1BFEB320EB4C32FDCB71668C9
20260712,ordinary_dynamic_augmentation,Dynamic ERM,cnrs_parent_0070,pattern_20,orthorhombic,2,0.188094561432811,0.05624093095342492,0,0,0,0,0,1.5079975128173828e-05,0.0007648468017578125,-0.0007497668266296387,-0.7187349200248718,-0.9533367156982422,0.23460179567337036,F8A025902A72E75DFA7AED00796912A3EF49C6B1BFEB320EB4C32FDCB71668C9
20260712,ordinary_dynamic_augmentation,Dynamic ERM,cnrs_parent_0163,pattern_47,orthorhombic,2,0.13477935376924421,0.12376853312658592,0,0,0,0,0,0.04010009765625,0.0005068778991699219,0.03959321975708008,-0.60443115234375,-0.9902157783508301,0.3857846260070801,F8A025902A72E75DFA7AED00796912A3EF49C6B1BFEB320EB4C32FDCB71668C9
20260712,ordinary_dynamic_augmentation,Dynamic ERM,cnrs_parent_0173,pattern_49,orthorhombic,2,0.08739826171813847,0.2560643644833865,1,1,0,0,0,7.301568984985352e-05,1.4424324035644531e-05,5.8591365814208984e-05,-0.5868410468101501,-0.9965676069259644,0.4097265601158142,F8A025902A72E75DFA7AED00796912A3EF49C6B1BFEB320EB4C32FDCB71668C9
20260712,ordinary_dynamic_augmentation,Dynamic ERM,cnrs_parent_0224,pattern_63,orthorhombic,2,0.3999778919407332,0.0015138177702878424,0,2,2,1,1,0.9990234375,0.99658203125,0.00244140625,0.9979457855224609,0.9941978454589844,0.0037479400634765625,F8A025902A72E75DFA7AED00796912A3EF49C6B1BFEB320EB4C32FDCB71668C9
20260712,ordinary_dynamic_augmentation,Dynamic ERM,cnrs_parent_0234,pattern_66,orthorhombic,2,0.04211067929287449,0.002311208422031966,0,0,0,0,0,0.0031414031982421875,0.00021517276763916016,0.0029262304306030273,-0.9875812530517578,-0.9992965459823608,0.011715292930603027,F8A025902A72E75DFA7AED00796912A3EF49C6B1BFEB320EB4C32FDCB71668C9
20260712,ordinary_dynamic_augmentation,Dynamic ERM,cnrs_parent_0245,pattern_72,orthorhombic,2,0.4735771825792282,0.6803710993446835,1,2,0,1,0,0.7607421875,0.0037364959716796875,0.7570056915283203,0.5213623046875,-0.9923572540283203,1.5137195587158203,F8A025902A72E75DFA7AED00796912A3EF49C6B1BFEB320EB4C32FDCB71668C9
20260712,ordinary_dynamic_augmentation,Dynamic ERM,cnrs_parent_0293,pattern_89,orthorhombic,2,0.9576677202771493,0.6928161069099587,1,4,0,0,0,0.13330078125,5.960464477539063e-08,0.13330072164535522,-0.708984375,-0.9999999403953552,0.2910155653953552,F8A025902A72E75DFA7AED00796912A3EF49C6B1BFEB320EB4C32FDCB71668C9
20260712,ordinary_dynamic_augmentation,Dynamic ERM,cnrs_parent_0025,pattern_106,orthorhombic,2,1.4409599986615018,0.6929775513618388,1,1,4,0,0,3.790855407714844e-05,5.364418029785156e-07,3.737211227416992e-05,-0.9872667789459229,-0.989257276058197,0.00199049711227417,F8A025902A72E75DFA7AED00796912A3EF49C6B1BFEB320EB4C32FDCB71668C9
20260712,ordinary_dynamic_augmentation,Dynamic ERM,cnrs_parent_0032,pattern_114,orthorhombic,2,0.46447069418691567,0.5194030403235995,1,2,1,1,0,0.9228515625,0.01490020751953125,0.9079513549804688,0.84588623046875,-0.9020919799804688,1.7479782104492188,F8A025902A72E75DFA7AED00796912A3EF49C6B1BFEB320EB4C32FDCB71668C9
20260712,ordinary_dynamic_augmentation,Dynamic ERM,cnrs_parent_0033,pattern_116,orthorhombic,2,0.16014741464629445,0.40529753315311706,1,1,0,0,0,0.0017604827880859375,8.940696716308594e-07,0.0017595887184143066,-0.8981418609619141,-0.8935537934303284,-0.004588067531585693,F8A025902A72E75DFA7AED00796912A3EF49C6B1BFEB320EB4C32FDCB71668C9
20260712,ordinary_dynamic_augmentation,Dynamic ERM,cnrs_parent_0034,pattern_117,orthorhombic,2,0.33928075760823484,0.09355153283934117,0,0,0,0,0,0.2039794921875,1.3113021850585938e-06,0.20397818088531494,-0.5509033203125,-0.9999986886978149,0.44909536838531494,F8A025902A72E75DFA7AED00796912A3EF49C6B1BFEB320EB4C32FDCB71668C9
20260712,ordinary_dynamic_augmentation,Dynamic ERM,cnrs_parent_0037,pattern_123,orthorhombic,2,0.561231081269741,0.536422546062555,1,0,2,0,1,0.0229949951171875,0.654296875,-0.6313018798828125,-0.8432159423828125,0.429931640625,-1.2731475830078125,F8A025902A72E75DFA7AED00796912A3EF49C6B1BFEB320EB4C32FDCB71668C9
20260712,ordinary_dynamic_augmentation,Dynamic ERM,cnrs_parent_0043,pattern_131,orthorhombic,2,0.296468299396765,0.08158067570234659,0,1,1,0,0,0.0,2.1457672119140625e-06,-2.1457672119140625e-06,-1.0,-0.7827126979827881,-0.21728730201721191,F8A025902A72E75DFA7AED00796912A3EF49C6B1BFEB320EB4C32FDCB71668C9
20260712,ordinary_dynamic_augmentation,Dynamic ERM,cnrs_parent_0044,pattern_132,orthorhombic,2,0.015104148970257136,9.926876376123677e-07,0,0,0,0,0,5.960464477539062e-07,5.960464477539062e-07,0.0,-0.9999994039535522,-0.9999994039535522,0.0,F8A025902A72E75DFA7AED00796912A3EF49C6B1BFEB320EB4C32FDCB71668C9
20260712,ordinary_dynamic_augmentation,Dynamic ERM,cnrs_parent_0045,pattern_135,orthorhombic,2,0.29318309044563773,0.03259843757380633,0,0,0,0,0,9.804964065551758e-05,1.7881393432617188e-07,9.78708267211914e-05,-0.9178707003593445,-0.9814451336860657,0.06357443332672119,F8A025902A72E75DFA7AED00796912A3EF49C6B1BFEB320EB4C32FDCB71668C9
20260712,ordinary_dynamic_augmentation,Dynamic ERM,cnrs_parent_0046,pattern_136,orthorhombic,2,0.2923877061396033,0.04829898209400034,0,4,4,0,0,5.310773849487305e-05,0.058349609375,-0.05829650163650513,-0.9935992360115051,-0.812744140625,-0.18085509538650513,F8A025902A72E75DFA7AED00796912A3EF49C6B1BFEB320EB4C32FDCB71668C9
20260712,ordinary_dynamic_augmentation,Dynamic ERM,cnrs_parent_0048,pattern_148,orthorhombic,2,0.604039789917806,0.6889357026219589,1,1,3,0,0,0.268798828125,2.8192996978759766e-05,0.26877063512802124,-0.450439453125,-0.9989952445030212,0.5485557913780212,F8A025902A72E75DFA7AED00796912A3EF49C6B1BFEB320EB4C32FDCB71668C9
20260712,ordinary_dynamic_augmentation,Dynamic ERM,cnrs_parent_0054,pattern_166,orthorhombic,2,0.07605499615165279,0.027212729674967802,0,1,1,0,0,0.0,1.1920928955078125e-07,-1.1920928955078125e-07,-0.9921875,-0.8925780057907104,-0.09960949420928955,F8A025902A72E75DFA7AED00796912A3EF49C6B1BFEB320EB4C32FDCB71668C9
20260712,ordinary_dynamic_augmentation,Dynamic ERM,cnrs_parent_0055,pattern_167,orthorhombic,2,0.12039974551328558,0.010362043365193795,0,0,0,0,0,0.0004756450653076172,2.384185791015625e-07,0.0004754066467285156,-0.6167118549346924,-0.7041013240814209,0.08738946914672852,F8A025902A72E75DFA7AED00796912A3EF49C6B1BFEB320EB4C32FDCB71668C9
20260712,ordinary_dynamic_augmentation,Dynamic ERM,cnrs_parent_0059,pattern_174,orthorhombic,2,0.752512472018128,0.686140574812649,1,1,4,0,0,0.0020313262939453125,0.276611328125,-0.2745800018310547,-0.9940624237060547,-0.446533203125,-0.5475292205810547,F8A025902A72E75DFA7AED00796912A3EF49C6B1BFEB320EB4C32FDCB71668C9
20260712,ordinary_dynamic_augmentation,Dynamic ERM,cnrs_parent_0064,pattern_188,orthorhombic,2,1.4814621153213885,0.6931420546960947,1,1,4,0,0,3.5762786865234375e-07,0.005191802978515625,-0.005191445350646973,-0.9995113611221313,-0.8214683532714844,-0.17804300785064697,F8A025902A72E75DFA7AED00796912A3EF49C6B1BFEB320EB4C32FDCB71668C9
20260712,ordinary_dynamic_augmentation,Dynamic ERM,cnrs_parent_0076,pattern_212,orthorhombic,2,0.10758874328406742,0.053612743382340386,0,0,0,0,0,0.0281524658203125,6.568431854248047e-05,0.02808678150177002,-0.8238983154296875,-0.9999343156814575,0.17603600025177002,F8A025902A72E75DFA7AED00796912A3EF49C6B1BFEB320EB4C32FDCB71668C9
20260712,ordinary_dynamic_augmentation,Dynamic ERM,cnrs_parent_0078,pattern_220,orthorhombic,2,0.036661853427380264,0.14084234262415268,1,1,0,0,0,8.445978164672852e-05,0.00103759765625,-0.0009531378746032715,-0.7967905402183533,-0.71673583984375,-0.08005470037460327,F8A025902A72E75DFA7AED00796912A3EF49C6B1BFEB320EB4C32FDCB71668C9
20260712,ordinary_dynamic_augmentation,Dynamic ERM,cnrs_parent_0079,pattern_223,orthorhombic,2,0.10188620426645179,0.002408978231393856,0,1,1,0,0,5.125999450683594e-06,0.0025787353515625,-0.0025736093521118164,-0.9999948740005493,-0.9900970458984375,-0.009897828102111816,F8A025902A72E75DFA7AED00796912A3EF49C6B1BFEB320EB4C32FDCB71668C9
20260712,ordinary_dynamic_augmentation,Dynamic ERM,cnrs_parent_0082,pattern_227,orthorhombic,2,0.24725485515259438,0.09206166042132637,0,0,0,0,0,0.0004973411560058594,1.4662742614746094e-05,0.0004826784133911133,-0.7568268775939941,-0.9999853372573853,0.2431584596633911,F8A025902A72E75DFA7AED00796912A3EF49C6B1BFEB320EB4C32FDCB71668C9
20260712,ordinary_dynamic_augmentation,Dynamic ERM,cnrs_parent_0086,pattern_238,orthorhombic,2,0.10242590622448633,0.641172504921339,1,1,0,0,0,1.7881393432617188e-07,0.0,1.7881393432617188e-07,-0.9970701336860657,-0.9833984375,-0.013671696186065674,F8A025902A72E75DFA7AED00796912A3EF49C6B1BFEB320EB4C32FDCB71668C9
20260712,ordinary_dynamic_augmentation,Dynamic ERM,cnrs_parent_0090,pattern_242,orthorhombic,2,0.029598566054694797,0.032722291659973465,0,2,2,1,1,0.81982421875,0.91064453125,-0.0908203125,0.697021484375,0.829833984375,-0.1328125,F8A025902A72E75DFA7AED00796912A3EF49C6B1BFEB320EB4C32FDCB71668C9
20260712,ordinary_dynamic_augmentation,Dynamic ERM,cnrs_parent_0100,pattern_268,orthorhombic,2,0.5596514240891659,0.681624433828117,1,2,1,1,0,0.83056640625,0.00010293722152709961,0.8304634690284729,0.6650390625,-0.8963814377784729,1.561420500278473,F8A025902A72E75DFA7AED00796912A3EF49C6B1BFEB320EB4C32FDCB71668C9
20260712,ordinary_dynamic_augmentation,Dynamic ERM,cnrs_parent_0114,pattern_319,orthorhombic,2,0.7643219341404142,0.3195690960426422,1,4,2,0,1,1.7881393432617188e-06,0.41259765625,-0.41259586811065674,-0.9931622743606567,0.079833984375,-1.0729962587356567,F8A025902A72E75DFA7AED00796912A3EF49C6B1BFEB320EB4C32FDCB71668C9
20260712,ordinary_dynamic_augmentation,Dynamic ERM,cnrs_parent_0119,pattern_334,orthorhombic,2,0.07415971484561457,4.091091874868916e-08,0,0,0,0,0,5.960464477539063e-08,0.0,5.960464477539063e-08,-0.9999999403953552,-1.0,5.960464477539063e-08,F8A025902A72E75DFA7AED00796912A3EF49C6B1BFEB320EB4C32FDCB71668C9
20260712,ordinary_dynamic_augmentation,Dynamic ERM,cnrs_parent_0120,pattern_341,orthorhombic,2,0.45221470453371837,0.25046110156920076,0,0,0,0,0,0.1566162109375,0.0,0.1566162109375,-0.2825927734375,-1.0,0.7174072265625,F8A025902A72E75DFA7AED00796912A3EF49C6B1BFEB320EB4C32FDCB71668C9
20260712,ordinary_dynamic_augmentation,Dynamic ERM,cnrs_parent_0136,pattern_382,orthorhombic,2,0.2814923018594129,0.07489267409592906,0,1,1,0,0,0.0001996755599975586,0.0,0.0001996755599975586,-0.7869096994400024,-0.99755859375,0.21064889430999756,F8A025902A72E75DFA7AED00796912A3EF49C6B1BFEB320EB4C32FDCB71668C9
20260712,ordinary_dynamic_augmentation,Dynamic ERM,cnrs_parent_0139,pattern_395,orthorhombic,2,0.04880790679058855,0.11060971341984172,0,1,1,0,0,3.5762786865234375e-05,0.00017368793487548828,-0.0001379251480102539,-0.9911751747131348,-0.6736544370651245,-0.31752073764801025,F8A025902A72E75DFA7AED00796912A3EF49C6B1BFEB320EB4C32FDCB71668C9
20260712,ordinary_dynamic_augmentation,Dynamic ERM,cnrs_parent_0150,pattern_427,orthorhombic,2,0.2928262391745491,0.5544811532391478,1,1,0,0,0,4.172325134277344e-07,5.960464477539063e-08,3.5762786865234375e-07,-0.9633784890174866,-0.9741210341453552,0.010742545127868652,F8A025902A72E75DFA7AED00796912A3EF49C6B1BFEB320EB4C32FDCB71668C9
20260712,ordinary_dynamic_augmentation,Dynamic ERM,cnrs_parent_0152,pattern_439,orthorhombic,2,0.559971027866297,0.6380512600011823,1,4,0,0,0,0.00569915771484375,0.05523681640625,-0.04953765869140625,-0.9869766235351562,-0.46478271484375,-0.5221939086914062,F8A025902A72E75DFA7AED00796912A3EF49C6B1BFEB320EB4C32FDCB71668C9
20260712,ordinary_dynamic_augmentation,Dynamic ERM,cnrs_parent_0156,pattern_451,orthorhombic,2,0.560260273790472,0.2788605201552281,0,0,0,0,0,0.2646484375,0.0,0.2646484375,-0.1279296875,-1.0,0.8720703125,F8A025902A72E75DFA7AED00796912A3EF49C6B1BFEB320EB4C32FDCB71668C9
20260712,ordinary_dynamic_augmentation,Dynamic ERM,cnrs_parent_0164,pattern_470,orthorhombic,2,1.3854556678338732,0.6882586936815513,1,1,4,0,0,1.609325408935547e-05,6.794929504394531e-06,9.298324584960938e-06,-0.9736167192459106,-0.9497002363204956,-0.02391648292541504,F8A025902A72E75DFA7AED00796912A3EF49C6B1BFEB320EB4C32FDCB71668C9
20260712,ordinary_dynamic_augmentation,Dynamic ERM,cnrs_parent_0167,pattern_476,orthorhombic,2,0.21601087611060754,0.13937648723501053,0,4,4,0,0,0.00043201446533203125,0.0755615234375,-0.07512950897216797,-0.998591423034668,-0.5718994140625,-0.42669200897216797,F8A025902A72E75DFA7AED00796912A3EF49C6B1BFEB320EB4C32FDCB71668C9
20260712,ordinary_dynamic_augmentation,Dynamic ERM,cnrs_parent_0168,pattern_479,orthorhombic,2,0.23737406791544258,0.03567937365532994,0,0,0,0,0,0.00965118408203125,1.7881393432617188e-07,0.009651005268096924,-0.8887863159179688,-0.9995115399360657,0.11072522401809692,F8A025902A72E75DFA7AED00796912A3EF49C6B1BFEB320EB4C32FDCB71668C9
20260712,ordinary_dynamic_augmentation,Dynamic ERM,cnrs_parent_0171,pattern_485,orthorhombic,2,0.43732857027512484,0.4447613244134889,1,2,0,1,0,1.0,0.176025390625,0.823974609375,0.9999779462814331,-0.18798828125,1.187966227531433,F8A025902A72E75DFA7AED00796912A3EF49C6B1BFEB320EB4C32FDCB71668C9
20260712,ordinary_dynamic_augmentation,Dynamic ERM,cnrs_parent_0172,pattern_487,orthorhombic,2,0.06268677037043502,0.002113199813374638,0,1,1,0,0,8.344650268554688e-07,5.960464477539063e-08,7.748603820800781e-07,-0.9999991655349731,-0.9931640028953552,-0.00683516263961792,F8A025902A72E75DFA7AED00796912A3EF49C6B1BFEB320EB4C32FDCB71668C9
20260712,ordinary_dynamic_augmentation,Dynamic ERM,cnrs_parent_0177,pattern_498,orthorhombic,2,0.3839733881555868,0.13470825791121038,0,3,3,0,0,5.066394805908203e-06,0.0031719207763671875,-0.0031668543815612793,-0.8330027461051941,-0.7404804229736328,-0.09252232313156128,F8A025902A72E75DFA7AED00796912A3EF49C6B1BFEB320EB4C32FDCB71668C9
20260712,ordinary_dynamic_augmentation,Dynamic ERM,cnrs_parent_0184,pattern_532,orthorhombic,2,0.23303011768893733,0.5036796746038943,1,1,0,0,0,6.4373016357421875e-06,0.0,6.4373016357421875e-06,-0.9975521564483643,-0.8876953125,-0.10985684394836426,F8A025902A72E75DFA7AED00796912A3EF49C6B1BFEB320EB4C32FDCB71668C9
20260712,ordinary_dynamic_augmentation,Dynamic ERM,cnrs_parent_0187,pattern_541,orthorhombic,2,0.05882509245648171,8.020924478024112e-07,0,1,1,0,0,0.0,0.0,0.0,-0.99951171875,-0.9990234375,-0.00048828125,F8A025902A72E75DFA7AED00796912A3EF49C6B1BFEB320EB4C32FDCB71668C9
20260712,ordinary_dynamic_augmentation,Dynamic ERM,cnrs_parent_0192,pattern_553,orthorhombic,2,0.12998330661833668,0.0664273017649533,0,0,0,0,0,0.01198577880859375,7.814168930053711e-05,0.011907637119293213,-0.7614517211914062,-0.9882031083106995,0.2267513871192932,F8A025902A72E75DFA7AED00796912A3EF49C6B1BFEB320EB4C32FDCB71668C9
20260712,ordinary_dynamic_augmentation,Dynamic ERM,cnrs_parent_0194,pattern_559,orthorhombic,2,0.6974929297580581,0.6866899868113905,1,1,4,0,0,2.7060508728027344e-05,0.0011539459228515625,-0.0011268854141235352,-0.998996376991272,-0.5227718353271484,-0.47622454166412354,F8A025902A72E75DFA7AED00796912A3EF49C6B1BFEB320EB4C32FDCB71668C9
20260712,ordinary_dynamic_augmentation,Dynamic ERM,cnrs_parent_0197,pattern_566,orthorhombic,2,0.17886395307128544,0.07038136705099857,0,4,4,0,0,1.5020370483398438e-05,0.177490234375,-0.1774752140045166,-0.9985201358795166,-0.630615234375,-0.3679049015045166,F8A025902A72E75DFA7AED00796912A3EF49C6B1BFEB320EB4C32FDCB71668C9
20260712,ordinary_dynamic_augmentation,Dynamic ERM,cnrs_parent_0202,pattern_577,orthorhombic,2,0.006935799263642073,0.0008551866991637269,0,0,0,0,0,2.980232238769531e-07,3.5762786865234375e-07,-5.960464477539063e-08,-0.9980465769767761,-0.9921871423721313,-0.005859434604644775,F8A025902A72E75DFA7AED00796912A3EF49C6B1BFEB320EB4C32FDCB71668C9
20260712,ordinary_dynamic_augmentation,Dynamic ERM,cnrs_parent_0204,pattern_581,orthorhombic,2,0.11011856535943199,0.036311696550157695,0,1,1,0,0,0.027923583984375,0.0006661415100097656,0.027257442474365234,-0.941314697265625,-0.9046072959899902,-0.036707401275634766,F8A025902A72E75DFA7AED00796912A3EF49C6B1BFEB320EB4C32FDCB71668C9
20260712,ordinary_dynamic_augmentation,Dynamic ERM,cnrs_parent_0206,pattern_583,orthorhombic,2,0.00914349975258022,0.02464915854560331,0,3,3,0,0,0.013458251953125,0.0011625289916992188,0.012295722961425781,-0.812713623046875,-0.9573335647583008,0.14461994171142578,F8A025902A72E75DFA7AED00796912A3EF49C6B1BFEB320EB4C32FDCB71668C9
20260712,ordinary_dynamic_augmentation,Dynamic ERM,cnrs_parent_0227,pattern_634,orthorhombic,2,0.4180753375467431,0.23292714859484182,1,1,0,0,0,0.0,0.0,0.0,-0.5146484375,-0.99853515625,0.48388671875,F8A025902A72E75DFA7AED00796912A3EF49C6B1BFEB320EB4C32FDCB71668C9
20260712,ordinary_dynamic_augmentation,Dynamic ERM,cnrs_parent_0230,pattern_646,orthorhombic,2,0.39001937584907276,0.15893130219062668,0,1,1,0,0,0.00600433349609375,5.960464477539063e-08,0.006004273891448975,-0.32944488525390625,-0.6186522841453552,0.289207398891449,F8A025902A72E75DFA7AED00796912A3EF49C6B1BFEB320EB4C32FDCB71668C9
20260712,ordinary_dynamic_augmentation,Dynamic ERM,cnrs_parent_0235,pattern_660,orthorhombic,2,0.3245570041275848,0.6166840770958097,1,3,1,0,0,0.041107177734375,0.0016698837280273438,0.039437294006347656,-0.502838134765625,-0.9558496475219727,0.45301151275634766,F8A025902A72E75DFA7AED00796912A3EF49C6B1BFEB320EB4C32FDCB71668C9
20260712,ordinary_dynamic_augmentation,Dynamic ERM,cnrs_parent_0242,pattern_697,orthorhombic,2,0.024086349323664713,7.776057825086206e-05,0,0,0,0,0,0.0,0.0,0.0,-1.0,-1.0,0.0,F8A025902A72E75DFA7AED00796912A3EF49C6B1BFEB320EB4C32FDCB71668C9
20260712,ordinary_dynamic_augmentation,Dynamic ERM,cnrs_parent_0256,pattern_760,orthorhombic,2,1.4047797391680945,0.6887500600592174,1,0,4,0,0,0.00171661376953125,4.172325134277344e-07,0.0017161965370178223,-0.9157638549804688,-0.9340816140174866,0.018317759037017822,F8A025902A72E75DFA7AED00796912A3EF49C6B1BFEB320EB4C32FDCB71668C9
20260712,ordinary_dynamic_augmentation,Dynamic ERM,cnrs_parent_0261,pattern_781,orthorhombic,2,0.37325484664252995,0.4647115060027288,1,2,0,1,0,0.71435546875,2.0265579223632812e-06,0.7143534421920776,0.5587158203125,-0.9999979734420776,1.5587137937545776,F8A025902A72E75DFA7AED00796912A3EF49C6B1BFEB320EB4C32FDCB71668C9
20260712,ordinary_dynamic_augmentation,Dynamic ERM,cnrs_parent_0262,pattern_784,orthorhombic,2,0.8444244220465973,0.6753099296580591,1,2,0,1,0,0.98779296875,6.55055046081543e-05,0.9877274632453918,0.9799652099609375,-0.7748368382453918,1.7548020482063293,F8A025902A72E75DFA7AED00796912A3EF49C6B1BFEB320EB4C32FDCB71668C9
20260712,ordinary_dynamic_augmentation,Dynamic ERM,cnrs_parent_0267,pattern_800,orthorhombic,2,0.03751947225027674,0.17529732328059391,1,1,0,0,0,0.00023055076599121094,0.001007080078125,-0.0007765293121337891,-0.8435194492340088,-0.723114013671875,-0.12040543556213379,F8A025902A72E75DFA7AED00796912A3EF49C6B1BFEB320EB4C32FDCB71668C9
20260712,ordinary_dynamic_augmentation,Dynamic ERM,cnrs_parent_0281,pattern_845,orthorhombic,2,0.38492885055662984,0.10152332384600413,0,0,0,0,0,0.1866455078125,0.002651214599609375,0.18399429321289062,-0.5345458984375,-0.9944190979003906,0.4598731994628906,F8A025902A72E75DFA7AED00796912A3EF49C6B1BFEB320EB4C32FDCB71668C9
20260712,ordinary_dynamic_augmentation,Dynamic ERM,cnrs_parent_0283,pattern_855,orthorhombic,2,0.17027403022086496,0.4907802485142273,1,3,4,0,0,0.0001493692398071289,0.0006594657897949219,-0.000510096549987793,-0.9998506307601929,-0.5364499092102051,-0.4634007215499878,F8A025902A72E75DFA7AED00796912A3EF49C6B1BFEB320EB4C32FDCB71668C9
20260712,ordinary_dynamic_augmentation,Dynamic ERM,cnrs_parent_0286,pattern_861,orthorhombic,2,0.04295271037213244,0.00012219076267584286,0,0,0,0,0,7.152557373046875e-07,1.1205673217773438e-05,-1.049041748046875e-05,-0.9995110034942627,-0.9999887943267822,0.00047779083251953125,F8A025902A72E75DFA7AED00796912A3EF49C6B1BFEB320EB4C32FDCB71668C9
20260712,ordinary_dynamic_augmentation,Dynamic ERM,cnrs_parent_0287,pattern_868,orthorhombic,2,0.11334456993654729,0.08885487720882951,0,0,0,0,0,0.0011110305786132812,7.3909759521484375e-06,0.0011036396026611328,-0.7420530319213867,-0.9955980777740479,0.25354504585266113,F8A025902A72E75DFA7AED00796912A3EF49C6B1BFEB320EB4C32FDCB71668C9
20260712,ordinary_dynamic_augmentation,Dynamic ERM,cnrs_parent_0299,pattern_908,orthorhombic,2,0.28783567489362516,0.00101277733398227,0,3,3,0,0,0.00011944770812988281,0.0004429817199707031,-0.0003235340118408203,-0.9964625835418701,-0.9980921745300293,0.0016295909881591797,F8A025902A72E75DFA7AED00796912A3EF49C6B1BFEB320EB4C32FDCB71668C9
20260712,ordinary_dynamic_augmentation,Dynamic ERM,cnrs_parent_0307,pattern_939,orthorhombic,2,0.3043520492114039,0.05841838774723727,0,1,1,0,0,0.0085906982421875,1.7285346984863281e-06,0.008588969707489014,-0.7335968017578125,-0.8393537402153015,0.10575693845748901,F8A025902A72E75DFA7AED00796912A3EF49C6B1BFEB320EB4C32FDCB71668C9
20260712,ordinary_dynamic_augmentation,Dynamic ERM,cnrs_parent_0310,pattern_950,orthorhombic,2,0.32396887868587143,0.3055060010970281,1,4,1,0,0,5.7220458984375e-06,7.152557373046875e-07,5.0067901611328125e-06,-0.43944740295410156,-0.5356438159942627,0.09619641304016113,F8A025902A72E75DFA7AED00796912A3EF49C6B1BFEB320EB4C32FDCB71668C9
20260712,ordinary_dynamic_augmentation,Dynamic ERM,cnrs_parent_0312,pattern_958,orthorhombic,2,0.09693727703728605,0.0007689658523375358,0,1,1,0,0,0.0003337860107421875,0.00018346309661865234,0.00015032291412353516,-0.9986896514892578,-0.9959102869033813,-0.002779364585876465,F8A025902A72E75DFA7AED00796912A3EF49C6B1BFEB320EB4C32FDCB71668C9
20260712,ordinary_dynamic_augmentation,Dynamic ERM,cnrs_parent_0318,pattern_972,orthorhombic,2,0.5156859136818017,0.6911828405399703,1,4,0,0,0,6.896257400512695e-05,0.0,6.896257400512695e-05,-0.9994427561759949,-1.0,0.000557243824005127,F8A025902A72E75DFA7AED00796912A3EF49C6B1BFEB320EB4C32FDCB71668C9
20260712,ordinary_dynamic_augmentation,Dynamic ERM,cnrs_parent_0002,pattern_1010,orthorhombic,2,0.3508011897953649,0.0024094390463329346,0,4,4,0,0,0.0002770423889160156,3.057718276977539e-05,0.00024646520614624023,-0.992398738861084,-0.9999694228172302,0.00757068395614624,F8A025902A72E75DFA7AED00796912A3EF49C6B1BFEB320EB4C32FDCB71668C9
20260712,ordinary_dynamic_augmentation,Dynamic ERM,cnrs_parent_0003,pattern_1013,orthorhombic,2,0.24634304316274303,0.48368609444863775,1,1,0,0,0,1.4185905456542969e-05,1.049041748046875e-05,3.6954879760742188e-06,-0.9994975328445435,-0.8652238845825195,-0.13427364826202393,F8A025902A72E75DFA7AED00796912A3EF49C6B1BFEB320EB4C32FDCB71668C9
20260712,ordinary_dynamic_augmentation,Dynamic ERM,cnrs_parent_0004,pattern_1018,orthorhombic,2,0.36328120691321464,0.5831910243559555,1,1,0,0,0,0.01285552978515625,0.0194549560546875,-0.00659942626953125,-0.8406600952148438,-0.9346466064453125,0.09398651123046875,F8A025902A72E75DFA7AED00796912A3EF49C6B1BFEB320EB4C32FDCB71668C9
20260712,ordinary_dynamic_augmentation,Dynamic ERM,cnrs_parent_0009,pattern_1024,orthorhombic,2,0.5781214550706193,0.6177086100015594,1,4,2,0,1,0.038360595703125,0.6240234375,-0.585662841796875,-0.912811279296875,0.260009765625,-1.172821044921875,F8A025902A72E75DFA7AED00796912A3EF49C6B1BFEB320EB4C32FDCB71668C9
20260712,ordinary_dynamic_augmentation,Dynamic ERM,cnrs_parent_0010,pattern_1028,orthorhombic,2,0.12323627520660219,0.3670217508533752,1,1,0,0,0,3.504753112792969e-05,5.2094459533691406e-05,-1.704692840576172e-05,-0.9179337024688721,-0.8798307180404663,-0.03810298442840576,F8A025902A72E75DFA7AED00796912A3EF49C6B1BFEB320EB4C32FDCB71668C9
20260712,ordinary_dynamic_augmentation,Dynamic ERM,cnrs_parent_0013,pattern_1032,orthorhombic,2,0.008118991779511364,0.000261710556185489,0,1,1,0,0,7.009506225585938e-05,0.0002104043960571289,-0.00014030933380126953,-0.8969025611877441,-0.8826020956039429,-0.01430046558380127,F8A025902A72E75DFA7AED00796912A3EF49C6B1BFEB320EB4C32FDCB71668C9
20260712,ordinary_dynamic_augmentation,Dynamic ERM,cnrs_parent_0016,pattern_1038,orthorhombic,2,0.18782480500221865,0.055229274814232225,0,4,4,0,0,7.826089859008789e-05,0.0185699462890625,-0.018491685390472412,-0.9989451766014099,-0.8266448974609375,-0.1723002791404724,F8A025902A72E75DFA7AED00796912A3EF49C6B1BFEB320EB4C32FDCB71668C9
20260712,ordinary_dynamic_augmentation,Dynamic ERM,cnrs_parent_0017,pattern_1039,orthorhombic,2,0.23518070874134012,0.5360456899616056,1,1,0,0,0,0.0004432201385498047,0.0,0.0004432201385498047,-0.9072716236114502,-1.0,0.0927283763885498,F8A025902A72E75DFA7AED00796912A3EF49C6B1BFEB320EB4C32FDCB71668C9
20260712,ordinary_dynamic_augmentation,Dynamic ERM,cnrs_parent_0018,pattern_1040,orthorhombic,2,0.5910666248880116,0.13011497375674436,0,2,2,1,1,0.9833984375,0.66162109375,0.32177734375,0.9720001220703125,0.441650390625,0.5303497314453125,F8A025902A72E75DFA7AED00796912A3EF49C6B1BFEB320EB4C32FDCB71668C9
20260712,ordinary_dynamic_augmentation,Dynamic ERM,cnrs_parent_0019,pattern_1043,orthorhombic,2,0.02806373774541404,0.00694046575456567,0,0,0,0,0,0.0159454345703125,0.00928497314453125,0.00666046142578125,-0.6256561279296875,-0.7402267456054688,0.11457061767578125,F8A025902A72E75DFA7AED00796912A3EF49C6B1BFEB320EB4C32FDCB71668C9
20260712,ordinary_dynamic_augmentation,Dynamic ERM,cnrs_parent_0133,pattern_37,tetragonal,3,0.5231736571704906,0.6631599812427684,1,3,0,1,0,0.98583984375,0.0099334716796875,0.9759063720703125,0.9735260009765625,-0.5662384033203125,1.539764404296875,F8A025902A72E75DFA7AED00796912A3EF49C6B1BFEB320EB4C32FDCB71668C9
20260712,ordinary_dynamic_augmentation,Dynamic ERM,cnrs_parent_0203,pattern_58,tetragonal,3,0.23180087726331855,0.2828733797839128,1,3,4,1,0,0.765625,0.0740966796875,0.6915283203125,0.555419921875,-0.7940673828125,1.3494873046875,F8A025902A72E75DFA7AED00796912A3EF49C6B1BFEB320EB4C32FDCB71668C9
20260712,ordinary_dynamic_augmentation,Dynamic ERM,cnrs_parent_0222,pattern_62,tetragonal,3,0.2807192162576905,0.272306342307443,1,1,2,0,0,0.0,6.598234176635742e-05,-6.598234176635742e-05,-0.99755859375,-0.40496331453323364,-0.5925952792167664,F8A025902A72E75DFA7AED00796912A3EF49C6B1BFEB320EB4C32FDCB71668C9
20260712,ordinary_dynamic_augmentation,Dynamic ERM,cnrs_parent_0264,pattern_79,tetragonal,3,0.09055384172894176,1.7971874708780437e-06,0,3,3,1,1,1.0,1.0,0.0,1.0,0.9999951124191284,4.887580871582031e-06,F8A025902A72E75DFA7AED00796912A3EF49C6B1BFEB320EB4C32FDCB71668C9
20260712,ordinary_dynamic_augmentation,Dynamic ERM,cnrs_parent_0023,pattern_105,tetragonal,3,0.8715388577391499,0.2752393482630101,1,3,1,1,0,0.99853515625,0.39599609375,0.6025390625,0.9977407455444336,-0.004638671875,1.0023794174194336,F8A025902A72E75DFA7AED00796912A3EF49C6B1BFEB320EB4C32FDCB71668C9
20260712,ordinary_dynamic_augmentation,Dynamic ERM,cnrs_parent_0038,pattern_124,tetragonal,3,0.35848014246764914,0.6864516538062682,1,4,0,0,0,2.0265579223632812e-06,0.0,2.0265579223632812e-06,-0.8154276609420776,-1.0,0.18457233905792236,F8A025902A72E75DFA7AED00796912A3EF49C6B1BFEB320EB4C32FDCB71668C9
20260712,ordinary_dynamic_augmentation,Dynamic ERM,cnrs_parent_0052,pattern_156,tetragonal,3,0.14529099471022733,0.04441399129641101,0,1,1,0,0,0.00014328956604003906,0.0,0.00014328956604003906,-0.67026686668396,-0.9072265625,0.23695969581604004,F8A025902A72E75DFA7AED00796912A3EF49C6B1BFEB320EB4C32FDCB71668C9
20260712,ordinary_dynamic_augmentation,Dynamic ERM,cnrs_parent_0071,pattern_203,tetragonal,3,0.35602872539685626,0.19212418331925146,0,3,3,1,1,1.0,0.54296875,0.45703125,0.9999001026153564,0.126708984375,0.8731911182403564,F8A025902A72E75DFA7AED00796912A3EF49C6B1BFEB320EB4C32FDCB71668C9
20260712,ordinary_dynamic_augmentation,Dynamic ERM,cnrs_parent_0103,pattern_274,tetragonal,3,0.16917437229997723,0.04481906382705368,0,4,4,0,0,0.095947265625,0.0017995834350585938,0.0941476821899414,-0.769287109375,-0.9962472915649414,0.2269601821899414,F8A025902A72E75DFA7AED00796912A3EF49C6B1BFEB320EB4C32FDCB71668C9
20260712,ordinary_dynamic_augmentation,Dynamic ERM,cnrs_parent_0104,pattern_278,tetragonal,3,0.08506545074295702,0.14235132694945504,0,4,4,0,0,0.00011372566223144531,5.924701690673828e-05,5.447864532470703e-05,-0.9910972118377686,-0.6112688779830933,-0.3798283338546753,F8A025902A72E75DFA7AED00796912A3EF49C6B1BFEB320EB4C32FDCB71668C9
20260712,ordinary_dynamic_augmentation,Dynamic ERM,cnrs_parent_0106,pattern_283,tetragonal,3,0.0944924852145943,0.044013881612464445,0,0,0,0,0,5.9723854064941406e-05,7.152557373046875e-07,5.900859832763672e-05,-0.8495496511459351,-0.9492180347442627,0.09966838359832764,F8A025902A72E75DFA7AED00796912A3EF49C6B1BFEB320EB4C32FDCB71668C9
20260712,ordinary_dynamic_augmentation,Dynamic ERM,cnrs_parent_0107,pattern_288,tetragonal,3,0.545545893237139,0.6390949687951029,1,4,0,0,0,0.0007500648498535156,0.0,0.0007500648498535156,-0.8591132164001465,-0.96875,0.10963678359985352,F8A025902A72E75DFA7AED00796912A3EF49C6B1BFEB320EB4C32FDCB71668C9
20260712,ordinary_dynamic_augmentation,Dynamic ERM,cnrs_parent_0108,pattern_294,tetragonal,3,1.3602656179283752,0.6928700153310312,1,4,1,0,0,0.0009222030639648438,0.0,0.0009222030639648438,-0.9639215469360352,-0.9462890625,-0.017632484436035156,F8A025902A72E75DFA7AED00796912A3EF49C6B1BFEB320EB4C32FDCB71668C9
20260712,ordinary_dynamic_augmentation,Dynamic ERM,cnrs_parent_0117,pattern_324,tetragonal,3,0.22484539259773706,0.00021693470002060743,0,3,3,1,1,1.0,0.99951171875,0.00048828125,0.9999706745147705,0.9989280700683594,0.0010426044464111328,F8A025902A72E75DFA7AED00796912A3EF49C6B1BFEB320EB4C32FDCB71668C9
20260712,ordinary_dynamic_augmentation,Dynamic ERM,cnrs_parent_0118,pattern_327,tetragonal,3,0.7683602102324301,0.25143971780089774,1,3,2,1,0,0.9853515625,0.4375,0.5478515625,0.9762725830078125,-0.0986328125,1.0749053955078125,F8A025902A72E75DFA7AED00796912A3EF49C6B1BFEB320EB4C32FDCB71668C9
20260712,ordinary_dynamic_augmentation,Dynamic ERM,cnrs_parent_0144,pattern_409,tetragonal,3,0.5842134128144791,0.6440784500747512,1,4,0,0,0,0.25830078125,0.0,0.25830078125,-0.4609375,-0.9580078125,0.4970703125,F8A025902A72E75DFA7AED00796912A3EF49C6B1BFEB320EB4C32FDCB71668C9
20260712,ordinary_dynamic_augmentation,Dynamic ERM,cnrs_parent_0155,pattern_448,tetragonal,3,0.4211392769961946,0.00977327661032584,0,3,3,1,1,0.9951171875,0.970703125,0.0244140625,0.9905624389648438,0.945831298828125,0.04473114013671875,F8A025902A72E75DFA7AED00796912A3EF49C6B1BFEB320EB4C32FDCB71668C9
20260712,ordinary_dynamic_augmentation,Dynamic ERM,cnrs_parent_0166,pattern_475,tetragonal,3,0.23688027749376273,0.1599971225819798,0,4,4,0,0,0.08587646484375,0.004581451416015625,0.08129501342773438,-0.46539306640625,-0.9807701110839844,0.5153770446777344,F8A025902A72E75DFA7AED00796912A3EF49C6B1BFEB320EB4C32FDCB71668C9
20260712,ordinary_dynamic_augmentation,Dynamic ERM,cnrs_parent_0185,pattern_533,tetragonal,3,1.2410536212537382,0.6923737753065229,1,3,0,1,0,0.83251953125,0.0,0.83251953125,0.707763671875,-0.607421875,1.315185546875,F8A025902A72E75DFA7AED00796912A3EF49C6B1BFEB320EB4C32FDCB71668C9
20260712,ordinary_dynamic_augmentation,Dynamic ERM,cnrs_parent_0201,pattern_576,tetragonal,3,0.26866511435914764,0.06677620827632876,0,4,4,0,0,0.1005859375,0.00676727294921875,0.09381866455078125,-0.68310546875,-0.9839553833007812,0.30084991455078125,F8A025902A72E75DFA7AED00796912A3EF49C6B1BFEB320EB4C32FDCB71668C9
20260712,ordinary_dynamic_augmentation,Dynamic ERM,cnrs_parent_0215,pattern_606,tetragonal,3,0.046260104173958205,0.061182767993649925,0,0,0,0,0,0.09918212890625,0.000507354736328125,0.09867477416992188,-0.70257568359375,-0.9911918640136719,0.2886161804199219,F8A025902A72E75DFA7AED00796912A3EF49C6B1BFEB320EB4C32FDCB71668C9
20260712,ordinary_dynamic_augmentation,Dynamic ERM,cnrs_parent_0218,pattern_615,tetragonal,3,0.2788119318214882,0.3200480957599715,1,2,4,0,0,0.10186767578125,0.0041961669921875,0.0976715087890625,-0.51873779296875,-0.9640655517578125,0.4453277587890625,F8A025902A72E75DFA7AED00796912A3EF49C6B1BFEB320EB4C32FDCB71668C9
20260712,ordinary_dynamic_augmentation,Dynamic ERM,cnrs_parent_0225,pattern_631,tetragonal,3,0.581081836930937,0.6354947814307981,1,2,0,0,0,0.0001379251480102539,1.8477439880371094e-06,0.0001360774040222168,-0.9466394186019897,-0.737791121006012,-0.20884829759597778,F8A025902A72E75DFA7AED00796912A3EF49C6B1BFEB320EB4C32FDCB71668C9
20260712,ordinary_dynamic_augmentation,Dynamic ERM,cnrs_parent_0226,pattern_633,tetragonal,3,0.18522284120618393,0.2852500748099166,1,3,4,1,0,0.9970703125,0.38037109375,0.61669921875,0.9945602416992188,-0.234375,1.2289352416992188,F8A025902A72E75DFA7AED00796912A3EF49C6B1BFEB320EB4C32FDCB71668C9
20260712,ordinary_dynamic_augmentation,Dynamic ERM,cnrs_parent_0228,pattern_638,tetragonal,3,0.13455268329644143,0.07628263473172238,1,3,1,1,0,0.444091796875,0.160400390625,0.28369140625,0.011962890625,-0.435302734375,0.447265625,F8A025902A72E75DFA7AED00796912A3EF49C6B1BFEB320EB4C32FDCB71668C9
20260712,ordinary_dynamic_augmentation,Dynamic ERM,cnrs_parent_0231,pattern_648,tetragonal,3,0.36191583820747886,0.42014470595315045,1,4,0,0,0,0.0077667236328125,0.0005903244018554688,0.007176399230957031,-0.7788543701171875,-0.8119096755981445,0.03305530548095703,F8A025902A72E75DFA7AED00796912A3EF49C6B1BFEB320EB4C32FDCB71668C9
20260712,ordinary_dynamic_augmentation,Dynamic ERM,cnrs_parent_0239,pattern_682,tetragonal,3,0.2600530613953276,0.1820418379258969,0,0,0,0,0,0.089111328125,4.112720489501953e-06,0.0891072154045105,-0.36962890625,-0.9194294810295105,0.5498005747795105,F8A025902A72E75DFA7AED00796912A3EF49C6B1BFEB320EB4C32FDCB71668C9
20260712,ordinary_dynamic_augmentation,Dynamic ERM,cnrs_parent_0247,pattern_724,tetragonal,3,0.15768651583659865,0.0026015232385811415,0,3,3,1,1,1.0,0.9921875,0.0078125,0.9999175071716309,0.9841537475585938,0.01576375961303711,F8A025902A72E75DFA7AED00796912A3EF49C6B1BFEB320EB4C32FDCB71668C9
20260712,ordinary_dynamic_augmentation,Dynamic ERM,cnrs_parent_0250,pattern_744,tetragonal,3,0.33561337026907045,0.05453752206594588,0,4,4,0,0,0.04339599609375,0.00058746337890625,0.04280853271484375,-0.87164306640625,-0.8929672241210938,0.02132415771484375,F8A025902A72E75DFA7AED00796912A3EF49C6B1BFEB320EB4C32FDCB71668C9
20260712,ordinary_dynamic_augmentation,Dynamic ERM,cnrs_parent_0252,pattern_751,tetragonal,3,1.076654905915715,0.6918604195141734,1,6,2,0,0,5.960464477539063e-08,0.39697265625,-0.3969725966453552,-0.9995116591453552,-0.102783203125,-0.8967284560203552,F8A025902A72E75DFA7AED00796912A3EF49C6B1BFEB320EB4C32FDCB71668C9
20260712,ordinary_dynamic_augmentation,Dynamic ERM,cnrs_parent_0258,pattern_772,tetragonal,3,0.3809006598386876,0.10342212072504861,0,4,4,0,0,0.15234375,2.7418136596679688e-06,0.15234100818634033,-0.4990234375,-0.9321261644363403,0.43310272693634033,F8A025902A72E75DFA7AED00796912A3EF49C6B1BFEB320EB4C32FDCB71668C9
20260712,ordinary_dynamic_augmentation,Dynamic ERM,cnrs_parent_0263,pattern_785,tetragonal,3,0.5693904153616802,0.6008863517627387,1,2,0,0,0,5.7756900787353516e-05,5.960464477539062e-07,5.716085433959961e-05,-0.7416414618492126,-0.7749017477035522,0.0332602858543396,F8A025902A72E75DFA7AED00796912A3EF49C6B1BFEB320EB4C32FDCB71668C9
20260712,ordinary_dynamic_augmentation,Dynamic ERM,cnrs_parent_0275,pattern_837,tetragonal,3,0.6295535085808583,0.6490032561605136,1,3,4,1,0,0.9814453125,1.0728836059570312e-05,0.9814345836639404,0.9632568359375,-0.8041884899139404,1.7674453258514404,F8A025902A72E75DFA7AED00796912A3EF49C6B1BFEB320EB4C32FDCB71668C9
20260712,ordinary_dynamic_augmentation,Dynamic ERM,cnrs_parent_0279,pattern_841,tetragonal,3,0.41798479879463857,0.14151033108264527,0,4,4,0,0,0.005222320556640625,2.4974346160888672e-05,0.005197346210479736,-0.8048362731933594,-0.7431390881538391,-0.061697185039520264,F8A025902A72E75DFA7AED00796912A3EF49C6B1BFEB320EB4C32FDCB71668C9
20260712,ordinary_dynamic_augmentation,Dynamic ERM,cnrs_parent_0280,pattern_844,tetragonal,3,0.510892109074963,0.2662841580785148,1,4,0,0,0,0.03997802734375,1.1920928955078125e-07,0.03997790813446045,-0.81158447265625,-0.5190428495407104,-0.29254162311553955,F8A025902A72E75DFA7AED00796912A3EF49C6B1BFEB320EB4C32FDCB71668C9
20260712,ordinary_dynamic_augmentation,Dynamic ERM,cnrs_parent_0304,pattern_928,tetragonal,3,0.6208230458237884,0.6621672539975558,1,4,0,0,0,0.048553466796875,0.0,0.048553466796875,-0.777618408203125,-0.9775390625,0.199920654296875,F8A025902A72E75DFA7AED00796912A3EF49C6B1BFEB320EB4C32FDCB71668C9
20260712,ordinary_dynamic_augmentation,Dynamic ERM,cnrs_parent_0315,pattern_963,tetragonal,3,0.40308683688259106,0.09630059105456713,0,4,4,0,0,0.0217742919921875,0.0003504753112792969,0.021423816680908203,-0.9059600830078125,-0.7774815559387207,-0.1284785270690918,F8A025902A72E75DFA7AED00796912A3EF49C6B1BFEB320EB4C32FDCB71668C9
20260712,ordinary_dynamic_augmentation,Dynamic ERM,cnrs_parent_0317,pattern_966,tetragonal,3,0.5778309506444166,0.1944401322922269,0,4,4,0,0,0.419189453125,7.569789886474609e-06,0.4191818833351135,-0.08056640625,-0.9155197739601135,0.8349533677101135,F8A025902A72E75DFA7AED00796912A3EF49C6B1BFEB320EB4C32FDCB71668C9
20260712,ordinary_dynamic_augmentation,Dynamic ERM,cnrs_parent_0319,pattern_975,tetragonal,3,0.08732953791043219,0.4128128136577609,1,1,4,0,0,0.00030159950256347656,0.0004897117614746094,-0.0001881122589111328,-0.8517491817474365,-0.9018540382385254,0.05010485649108887,F8A025902A72E75DFA7AED00796912A3EF49C6B1BFEB320EB4C32FDCB71668C9
20260712,ordinary_dynamic_augmentation,Dynamic ERM,cnrs_parent_0006,pattern_1020,tetragonal,3,0.6736206611329634,0.5630950021943806,1,3,0,1,0,0.66357421875,2.384185791015625e-07,0.6635739803314209,0.46044921875,-0.6596677303314209,1.120116949081421,F8A025902A72E75DFA7AED00796912A3EF49C6B1BFEB320EB4C32FDCB71668C9
20260712,ordinary_dynamic_augmentation,Dynamic ERM,cnrs_parent_0022,pattern_1049,tetragonal,3,0.1347363577067454,0.08126967995831255,0,3,3,1,1,0.94482421875,0.76025390625,0.1845703125,0.9061279296875,0.6015625,0.3045654296875,F8A025902A72E75DFA7AED00796912A3EF49C6B1BFEB320EB4C32FDCB71668C9
20260712,ordinary_dynamic_augmentation,Dynamic ERM,cnrs_parent_0075,pattern_21,trigonal,4,0.48075513254724556,0.36060527081038907,1,1,0,0,0,5.507469177246094e-05,0.0005540847778320312,-0.0004990100860595703,-0.9999449253082275,-0.44695568084716797,-0.5529892444610596,F8A025902A72E75DFA7AED00796912A3EF49C6B1BFEB320EB4C32FDCB71668C9
20260712,ordinary_dynamic_augmentation,Dynamic ERM,cnrs_parent_0309,pattern_95,trigonal,4,0.5240339829193047,0.4728704058216182,1,1,0,0,0,2.682209014892578e-05,0.00229644775390625,-0.0022696256637573242,-0.9999731779098511,-0.6935043334960938,-0.3064688444137573,F8A025902A72E75DFA7AED00796912A3EF49C6B1BFEB320EB4C32FDCB71668C9
20260712,ordinary_dynamic_augmentation,Dynamic ERM,cnrs_parent_0026,pattern_107,trigonal,4,0.5830172351879833,0.6087971620371306,1,4,5,1,0,0.96630859375,0.01392364501953125,0.9523849487304688,0.9513473510742188,-0.8034591674804688,1.7548065185546875,F8A025902A72E75DFA7AED00796912A3EF49C6B1BFEB320EB4C32FDCB71668C9
20260712,ordinary_dynamic_augmentation,Dynamic ERM,cnrs_parent_0041,pattern_127,trigonal,4,0.6520490905247955,0.6576580811471318,1,4,1,1,0,0.99609375,0.01100921630859375,0.9850845336914062,0.9937381744384766,-0.9606704711914062,1.9544086456298828,F8A025902A72E75DFA7AED00796912A3EF49C6B1BFEB320EB4C32FDCB71668C9
20260712,ordinary_dynamic_augmentation,Dynamic ERM,cnrs_parent_0047,pattern_142,trigonal,4,0.3294581921795965,0.39339957037229195,1,4,1,1,0,0.9619140625,0.235107421875,0.726806640625,0.925537109375,-0.529541015625,1.455078125,F8A025902A72E75DFA7AED00796912A3EF49C6B1BFEB320EB4C32FDCB71668C9
20260712,ordinary_dynamic_augmentation,Dynamic ERM,cnrs_parent_0050,pattern_150,trigonal,4,0.8433565585312824,0.6867967396166008,1,4,0,1,0,0.9970703125,0.0016841888427734375,0.9953861236572266,0.9948635101318359,-0.9963626861572266,1.9912261962890625,F8A025902A72E75DFA7AED00796912A3EF49C6B1BFEB320EB4C32FDCB71668C9
20260712,ordinary_dynamic_augmentation,Dynamic ERM,cnrs_parent_0058,pattern_171,trigonal,4,0.22986522836203116,0.2092676400543048,0,0,0,0,0,0.0201263427734375,7.808208465576172e-06,0.020118534564971924,-0.4915924072265625,-0.9999921917915344,0.5083997845649719,F8A025902A72E75DFA7AED00796912A3EF49C6B1BFEB320EB4C32FDCB71668C9
20260712,ordinary_dynamic_augmentation,Dynamic ERM,cnrs_parent_0068,pattern_194,trigonal,4,0.19256729206013834,0.004855518631844906,0,1,1,0,0,0.00493621826171875,9.47713851928711e-06,0.004926741123199463,-0.9696731567382812,-0.9516506791114807,-0.018022477626800537,F8A025902A72E75DFA7AED00796912A3EF49C6B1BFEB320EB4C32FDCB71668C9
20260712,ordinary_dynamic_augmentation,Dynamic ERM,cnrs_parent_0112,pattern_308,trigonal,4,0.2723234482227227,0.021395757888662794,0,1,1,0,0,2.6047229766845703e-05,0.0003597736358642578,-0.0003337264060974121,-0.9384505152702332,-0.9991519451141357,0.06070142984390259,F8A025902A72E75DFA7AED00796912A3EF49C6B1BFEB320EB4C32FDCB71668C9
20260712,ordinary_dynamic_augmentation,Dynamic ERM,cnrs_parent_0116,pattern_323,trigonal,4,0.96232523298744,0.6926503500686831,1,4,3,1,0,1.0,9.28044319152832e-05,0.9999071955680847,0.9999787211418152,-0.8627001643180847,1.8626788854599,F8A025902A72E75DFA7AED00796912A3EF49C6B1BFEB320EB4C32FDCB71668C9
20260712,ordinary_dynamic_augmentation,Dynamic ERM,cnrs_parent_0125,pattern_354,trigonal,4,0.7863338567980147,0.6203446518152571,1,2,6,0,0,0.0013093948364257812,0.08648681640625,-0.08517742156982422,-0.7477140426635742,-0.79388427734375,0.04617023468017578,F8A025902A72E75DFA7AED00796912A3EF49C6B1BFEB320EB4C32FDCB71668C9
20260712,ordinary_dynamic_augmentation,Dynamic ERM,cnrs_parent_0126,pattern_357,trigonal,4,0.9278542334452392,0.6750809201859913,1,1,4,0,1,0.0057830810546875,0.83642578125,-0.8306427001953125,-0.9883575439453125,0.736572265625,-1.7249298095703125,F8A025902A72E75DFA7AED00796912A3EF49C6B1BFEB320EB4C32FDCB71668C9
20260712,ordinary_dynamic_augmentation,Dynamic ERM,cnrs_parent_0141,pattern_398,trigonal,4,0.7245906141552669,0.6898140474342799,1,4,0,1,0,0.94580078125,0.00064849853515625,0.9451522827148438,0.8916015625,-0.9754257202148438,1.8670272827148438,F8A025902A72E75DFA7AED00796912A3EF49C6B1BFEB320EB4C32FDCB71668C9
20260712,ordinary_dynamic_augmentation,Dynamic ERM,cnrs_parent_0145,pattern_413,trigonal,4,0.15187150730354482,0.020200258696789004,0,1,1,0,0,0.0004372596740722656,6.783008575439453e-05,0.0003694295883178711,-0.9985861778259277,-0.9403618574142456,-0.05822432041168213,F8A025902A72E75DFA7AED00796912A3EF49C6B1BFEB320EB4C32FDCB71668C9
20260712,ordinary_dynamic_augmentation,Dynamic ERM,cnrs_parent_0146,pattern_415,trigonal,4,0.6613870715944785,0.4129674148482083,1,0,1,0,0,0.1033935546875,0.0014619827270507812,0.10193157196044922,-0.5679931640625,-0.9960966110229492,0.4281034469604492,F8A025902A72E75DFA7AED00796912A3EF49C6B1BFEB320EB4C32FDCB71668C9
20260712,ordinary_dynamic_augmentation,Dynamic ERM,cnrs_parent_0157,pattern_452,trigonal,4,0.25627539392129495,0.16230355687495385,0,1,1,0,0,4.351139068603516e-06,0.0003535747528076172,-0.00034922361373901367,-0.9999956488609314,-0.6021854877471924,-0.397810161113739,F8A025902A72E75DFA7AED00796912A3EF49C6B1BFEB320EB4C32FDCB71668C9
20260712,ordinary_dynamic_augmentation,Dynamic ERM,cnrs_parent_0179,pattern_506,trigonal,4,0.7138421812560587,0.6836193404480394,1,4,2,1,0,1.0,0.0027618408203125,0.9972381591796875,0.9999618530273438,-0.3976287841796875,1.3975906372070312,F8A025902A72E75DFA7AED00796912A3EF49C6B1BFEB320EB4C32FDCB71668C9
20260712,ordinary_dynamic_augmentation,Dynamic ERM,cnrs_parent_0208,pattern_587,trigonal,4,0.04429886729053922,5.691415856576641e-05,0,0,0,0,0,4.172325134277344e-06,3.0517578125e-05,-2.6345252990722656e-05,-0.9999958276748657,-0.999969482421875,-2.6345252990722656e-05,F8A025902A72E75DFA7AED00796912A3EF49C6B1BFEB320EB4C32FDCB71668C9
20260712,ordinary_dynamic_augmentation,Dynamic ERM,cnrs_parent_0211,pattern_591,trigonal,4,0.28597079084643795,0.00037410079476853444,0,0,0,0,0,1.5497207641601562e-06,2.980232238769531e-07,1.2516975402832031e-06,-0.9995101690292358,-0.9980465769767761,-0.0014635920524597168,F8A025902A72E75DFA7AED00796912A3EF49C6B1BFEB320EB4C32FDCB71668C9
20260712,ordinary_dynamic_augmentation,Dynamic ERM,cnrs_parent_0220,pattern_617,trigonal,4,0.4677208235843937,0.5179302931929197,1,1,2,0,0,0.004608154296875,6.186962127685547e-05,0.0045462846755981445,-0.990020751953125,-0.8558951616287231,-0.13412559032440186,F8A025902A72E75DFA7AED00796912A3EF49C6B1BFEB320EB4C32FDCB71668C9
20260712,ordinary_dynamic_augmentation,Dynamic ERM,cnrs_parent_0237,pattern_673,trigonal,4,1.1690230293959132,0.6924226337159747,1,6,0,0,0,4.172325134277344e-07,2.1636486053466797e-05,-2.1219253540039062e-05,-0.9995113015174866,-0.9955838322639465,-0.003927469253540039,F8A025902A72E75DFA7AED00796912A3EF49C6B1BFEB320EB4C32FDCB71668C9
20260712,ordinary_dynamic_augmentation,Dynamic ERM,cnrs_parent_0246,pattern_722,trigonal,4,0.09409290203031151,0.062324493952926725,0,2,2,0,0,0.0261383056640625,0.1846923828125,-0.1585540771484375,-0.9470062255859375,-0.5662841796875,-0.3807220458984375,F8A025902A72E75DFA7AED00796912A3EF49C6B1BFEB320EB4C32FDCB71668C9
20260712,ordinary_dynamic_augmentation,Dynamic ERM,cnrs_parent_0248,pattern_736,trigonal,4,0.17804140103813593,0.053459042406296745,0,1,1,0,0,1.0132789611816406e-05,0.00027823448181152344,-0.00026810169219970703,-0.9921773672103882,-0.8244287967681885,-0.1677485704421997,F8A025902A72E75DFA7AED00796912A3EF49C6B1BFEB320EB4C32FDCB71668C9
20260712,ordinary_dynamic_augmentation,Dynamic ERM,cnrs_parent_0270,pattern_820,trigonal,4,0.5773709791580556,0.6708226195487835,1,3,0,0,0,0.315185546875,0.008758544921875,0.306427001953125,-0.367919921875,-0.622100830078125,0.254180908203125,F8A025902A72E75DFA7AED00796912A3EF49C6B1BFEB320EB4C32FDCB71668C9
20260712,ordinary_dynamic_augmentation,Dynamic ERM,cnrs_parent_0272,pattern_826,trigonal,4,0.6194847782528474,0.6924822126621781,1,2,1,0,0,0.003376007080078125,2.980232238769531e-07,0.003375709056854248,-0.9932060241699219,-0.6206051707267761,-0.37260085344314575,F8A025902A72E75DFA7AED00796912A3EF49C6B1BFEB320EB4C32FDCB71668C9
20260712,ordinary_dynamic_augmentation,Dynamic ERM,cnrs_parent_0276,pattern_838,trigonal,4,0.27521174302204887,0.47132391234839144,1,1,0,0,0,7.18235969543457e-05,0.00036406517028808594,-0.00029224157333374023,-0.9994398951530457,-0.7828390598297119,-0.21660083532333374,F8A025902A72E75DFA7AED00796912A3EF49C6B1BFEB320EB4C32FDCB71668C9
20260712,ordinary_dynamic_augmentation,Dynamic ERM,cnrs_parent_0277,pattern_839,trigonal,4,1.1369861659272273,0.6931262405015033,1,4,0,1,0,0.89501953125,0.0,0.89501953125,0.79217529296875,-0.998046875,1.79022216796875,F8A025902A72E75DFA7AED00796912A3EF49C6B1BFEB320EB4C32FDCB71668C9
20260712,ordinary_dynamic_augmentation,Dynamic ERM,cnrs_parent_0278,pattern_840,trigonal,4,0.3700566434694711,0.011880706164376361,0,0,0,0,0,9.5367431640625e-07,6.645917892456055e-05,-6.55055046081543e-05,-0.9985342025756836,-0.9579413533210754,-0.040592849254608154,F8A025902A72E75DFA7AED00796912A3EF49C6B1BFEB320EB4C32FDCB71668C9
20260712,ordinary_dynamic_augmentation,Dynamic ERM,cnrs_parent_0289,pattern_878,trigonal,4,0.581166928321401,0.47980384722199243,1,1,0,0,0,5.304813385009766e-06,0.0014190673828125,-0.0014137625694274902,-0.999506413936615,-0.6147918701171875,-0.3847145438194275,F8A025902A72E75DFA7AED00796912A3EF49C6B1BFEB320EB4C32FDCB71668C9
20260712,ordinary_dynamic_augmentation,Dynamic ERM,cnrs_parent_0302,pattern_915,trigonal,4,0.6329385264264622,0.6923928994533816,1,4,0,1,0,0.99951171875,9.47713851928711e-05,0.9994169473648071,0.9993036985397339,-0.9974638223648071,1.996767520904541,F8A025902A72E75DFA7AED00796912A3EF49C6B1BFEB320EB4C32FDCB71668C9
20260712,ordinary_dynamic_augmentation,Dynamic ERM,cnrs_parent_0308,pattern_943,trigonal,4,0.30711111727995255,0.6088651198450287,1,1,0,0,0,8.940696716308594e-07,0.0,8.940696716308594e-07,-0.9624014496803284,-0.9990234375,0.03662198781967163,F8A025902A72E75DFA7AED00796912A3EF49C6B1BFEB320EB4C32FDCB71668C9
20260712,ordinary_dynamic_augmentation,Dynamic ERM,cnrs_parent_0313,pattern_960,trigonal,4,0.23733578896311902,3.0137465814412528e-05,0,4,4,1,1,1.0,1.0,0.0,0.9999999403953552,0.9999282956123352,7.164478302001953e-05,F8A025902A72E75DFA7AED00796912A3EF49C6B1BFEB320EB4C32FDCB71668C9
20260712,ordinary_dynamic_augmentation,Dynamic ERM,cnrs_parent_0012,pattern_1030,trigonal,4,0.03192726992338846,0.23559237790294765,1,6,3,0,0,0.003116607666015625,0.002353668212890625,0.000762939453125,-0.5725669860839844,-0.9849510192871094,0.412384033203125,F8A025902A72E75DFA7AED00796912A3EF49C6B1BFEB320EB4C32FDCB71668C9
20260712,ordinary_dynamic_augmentation,Dynamic ERM,cnrs_parent_0057,pattern_17,hexagonal,5,0.4353344349198546,0.18612161627011672,0,4,4,0,0,0.00070953369140625,6.198883056640625e-06,0.0007033348083496094,-0.9988021850585938,-0.5561461448669434,-0.4426560401916504,F8A025902A72E75DFA7AED00796912A3EF49C6B1BFEB320EB4C32FDCB71668C9
20260712,ordinary_dynamic_augmentation,Dynamic ERM,cnrs_parent_0065,pattern_19,hexagonal,5,0.36279312696033184,0.5613458659867276,1,4,3,0,0,7.748603820800781e-07,5.161762237548828e-05,-5.08427619934082e-05,-0.9282218813896179,-0.9711397886276245,0.04291790723800659,F8A025902A72E75DFA7AED00796912A3EF49C6B1BFEB320EB4C32FDCB71668C9
20260712,ordinary_dynamic_augmentation,Dynamic ERM,cnrs_parent_0061,pattern_176,hexagonal,5,0.17010265727661267,0.12540708222455219,0,3,3,0,0,0.004299163818359375,1.1920928955078125e-06,0.004297971725463867,-0.6138648986816406,-0.9721667766571045,0.35830187797546387,F8A025902A72E75DFA7AED00796912A3EF49C6B1BFEB320EB4C32FDCB71668C9
20260712,ordinary_dynamic_augmentation,Dynamic ERM,cnrs_parent_0073,pattern_207,hexagonal,5,0.6166780568013824,0.6780126816410614,1,4,0,0,0,0.0,0.0,0.0,-0.419677734375,-0.8994140625,0.479736328125,F8A025902A72E75DFA7AED00796912A3EF49C6B1BFEB320EB4C32FDCB71668C9
20260712,ordinary_dynamic_augmentation,Dynamic ERM,cnrs_parent_0093,pattern_249,hexagonal,5,0.15047908504052343,0.004167437497928719,0,4,4,0,0,0.0024433135986328125,0.0003457069396972656,0.002097606658935547,-0.9951152801513672,-0.9879355430603027,-0.007179737091064453,F8A025902A72E75DFA7AED00796912A3EF49C6B1BFEB320EB4C32FDCB71668C9
20260712,ordinary_dynamic_augmentation,Dynamic ERM,cnrs_parent_0096,pattern_257,hexagonal,5,0.5213146928250791,0.03429062952853203,0,4,4,0,0,6.145238876342773e-05,0.0001678466796875,-0.00010639429092407227,-0.9999385476112366,-0.9041290283203125,-0.09580951929092407,F8A025902A72E75DFA7AED00796912A3EF49C6B1BFEB320EB4C32FDCB71668C9
20260712,ordinary_dynamic_augmentation,Dynamic ERM,cnrs_parent_0132,pattern_367,hexagonal,5,0.21944963206519996,0.5860762599121752,1,0,1,0,0,0.0,0.0,0.0,-0.90478515625,-0.99951171875,0.0947265625,F8A025902A72E75DFA7AED00796912A3EF49C6B1BFEB320EB4C32FDCB71668C9
20260712,ordinary_dynamic_augmentation,Dynamic ERM,cnrs_parent_0159,pattern_457,hexagonal,5,0.8024554816626925,0.6664430179302046,1,3,0,0,0,0.0005311965942382812,2.7894973754882812e-05,0.0005033016204833984,-0.9809141159057617,-0.7236049175262451,-0.2573091983795166,F8A025902A72E75DFA7AED00796912A3EF49C6B1BFEB320EB4C32FDCB71668C9
20260712,ordinary_dynamic_augmentation,Dynamic ERM,cnrs_parent_0216,pattern_608,hexagonal,5,0.9584241977493106,0.6930849427516245,1,4,0,0,0,2.205371856689453e-06,0.0,2.205371856689453e-06,-0.9999977946281433,-1.0,2.205371856689453e-06,F8A025902A72E75DFA7AED00796912A3EF49C6B1BFEB320EB4C32FDCB71668C9
20260712,ordinary_dynamic_augmentation,Dynamic ERM,cnrs_parent_0223,pattern_627,hexagonal,5,0.7279964635562037,0.5913866988897397,1,4,3,0,0,0.0157928466796875,0.226318359375,-0.2105255126953125,-0.7132110595703125,-0.295654296875,-0.4175567626953125,F8A025902A72E75DFA7AED00796912A3EF49C6B1BFEB320EB4C32FDCB71668C9
20260712,ordinary_dynamic_augmentation,Dynamic ERM,cnrs_parent_0288,pattern_873,hexagonal,5,0.6157739093228496,0.35323064328105336,1,2,1,0,0,0.0287322998046875,5.14984130859375e-05,0.028680801391601562,-0.4839630126953125,-0.6254367828369141,0.14147377014160156,F8A025902A72E75DFA7AED00796912A3EF49C6B1BFEB320EB4C32FDCB71668C9
20260712,ordinary_dynamic_augmentation,Dynamic ERM,cnrs_parent_0300,pattern_909,hexagonal,5,0.20076356543039753,0.027676756815257143,0,4,4,0,0,0.00177001953125,0.00015795230865478516,0.0016120672225952148,-0.52410888671875,-0.4534553289413452,-0.07065355777740479,F8A025902A72E75DFA7AED00796912A3EF49C6B1BFEB320EB4C32FDCB71668C9
20260712,ordinary_dynamic_augmentation,Dynamic ERM,cnrs_parent_0069,pattern_2,cubic,6,0.994895326189553,0.6931452437793242,1,6,0,1,0,1.0,0.0,1.0,0.9998470544815063,-1.0,1.9998470544815063,F8A025902A72E75DFA7AED00796912A3EF49C6B1BFEB320EB4C32FDCB71668C9
20260712,ordinary_dynamic_augmentation,Dynamic ERM,cnrs_parent_0083,pattern_23,cubic,6,0.40369089553241655,0.6751666737138757,1,0,1,0,0,0.0,0.0,0.0,-0.99462890625,-0.99951171875,0.0048828125,F8A025902A72E75DFA7AED00796912A3EF49C6B1BFEB320EB4C32FDCB71668C9
20260712,ordinary_dynamic_augmentation,Dynamic ERM,cnrs_parent_0097,pattern_26,cubic,6,0.48290873949281643,0.4913038450739037,1,6,3,1,0,0.99951171875,0.1282958984375,0.8712158203125,0.9987850189208984,-0.6436767578125,1.6424617767333984,F8A025902A72E75DFA7AED00796912A3EF49C6B1BFEB320EB4C32FDCB71668C9
20260712,ordinary_dynamic_augmentation,Dynamic ERM,cnrs_parent_0101,pattern_27,cubic,6,1.132486272301597,0.6931180797678053,1,6,1,1,0,1.0,0.0,1.0,0.9999949932098389,-0.8271484375,1.8271434307098389,F8A025902A72E75DFA7AED00796912A3EF49C6B1BFEB320EB4C32FDCB71668C9
20260712,ordinary_dynamic_augmentation,Dynamic ERM,cnrs_parent_0142,pattern_40,cubic,6,0.5060328271492773,0.06209267804072121,0,6,6,1,1,1.0,0.83203125,0.16796875,0.9999989867210388,0.666259765625,0.3337392210960388,F8A025902A72E75DFA7AED00796912A3EF49C6B1BFEB320EB4C32FDCB71668C9
20260712,ordinary_dynamic_augmentation,Dynamic ERM,cnrs_parent_0199,pattern_57,cubic,6,1.0107769894916208,0.6931434721095916,1,6,0,1,0,0.99951171875,0.0,0.99951171875,0.99908447265625,-1.0,1.99908447265625,F8A025902A72E75DFA7AED00796912A3EF49C6B1BFEB320EB4C32FDCB71668C9
20260712,ordinary_dynamic_augmentation,Dynamic ERM,cnrs_parent_0241,pattern_69,cubic,6,0.35991629435114925,0.05727135013957145,0,6,6,1,1,1.0,0.84423828125,0.15576171875,0.9999999403953552,0.77130126953125,0.22869867086410522,F8A025902A72E75DFA7AED00796912A3EF49C6B1BFEB320EB4C32FDCB71668C9
20260712,ordinary_dynamic_augmentation,Dynamic ERM,cnrs_parent_0290,pattern_88,cubic,6,0.35190767060486305,0.10333966910126059,0,1,1,0,0,5.364418029785156e-07,3.2186508178710938e-06,-2.682209014892578e-06,-0.684081494808197,-0.9882780313491821,0.3041965365409851,F8A025902A72E75DFA7AED00796912A3EF49C6B1BFEB320EB4C32FDCB71668C9
20260712,ordinary_dynamic_augmentation,Dynamic ERM,cnrs_parent_0029,pattern_110,cubic,6,0.48884817522929647,0.6083051115503544,1,6,2,1,0,1.0,0.0400390625,0.9599609375,0.9999940395355225,-0.826171875,1.8261659145355225,F8A025902A72E75DFA7AED00796912A3EF49C6B1BFEB320EB4C32FDCB71668C9
20260712,ordinary_dynamic_augmentation,Dynamic ERM,cnrs_parent_0035,pattern_119,cubic,6,1.154884911781155,0.6887508572869293,1,6,1,1,0,0.998046875,7.152557373046875e-07,0.9980461597442627,0.9960899353027344,-0.6752922534942627,1.671382188796997,F8A025902A72E75DFA7AED00796912A3EF49C6B1BFEB320EB4C32FDCB71668C9
20260712,ordinary_dynamic_augmentation,Dynamic ERM,cnrs_parent_0040,pattern_126,cubic,6,1.4834576988844983,0.6670624280144458,1,4,3,0,0,0.006809234619140625,0.01103973388671875,-0.004230499267578125,-0.6626243591308594,-0.9298782348632812,0.2672538757324219,F8A025902A72E75DFA7AED00796912A3EF49C6B1BFEB320EB4C32FDCB71668C9
20260712,ordinary_dynamic_augmentation,Dynamic ERM,cnrs_parent_0062,pattern_178,cubic,6,0.4312071249680808,0.46369913223122244,1,1,0,0,0,5.960464477539063e-08,0.0,5.960464477539063e-08,-0.8432616591453552,-1.0,0.15673834085464478,F8A025902A72E75DFA7AED00796912A3EF49C6B1BFEB320EB4C32FDCB71668C9
20260712,ordinary_dynamic_augmentation,Dynamic ERM,cnrs_parent_0067,pattern_193,cubic,6,0.2244636405733439,0.09314305480497316,0,4,4,0,0,0.1671142578125,0.0007538795471191406,0.16636037826538086,-0.6654052734375,-0.8893828392028809,0.22397756576538086,F8A025902A72E75DFA7AED00796912A3EF49C6B1BFEB320EB4C32FDCB71668C9
20260712,ordinary_dynamic_augmentation,Dynamic ERM,cnrs_parent_0077,pattern_215,cubic,6,1.2745011331772373,0.6930453868297715,1,6,0,1,0,1.0,8.106231689453125e-06,0.9999918937683105,0.9999867081642151,-0.7387614250183105,1.7387481331825256,F8A025902A72E75DFA7AED00796912A3EF49C6B1BFEB320EB4C32FDCB71668C9
20260712,ordinary_dynamic_augmentation,Dynamic ERM,cnrs_parent_0085,pattern_236,cubic,6,0.2621950617577815,0.581214151570439,1,6,4,1,0,0.99609375,0.049468994140625,0.946624755859375,0.9922389984130859,-0.785491943359375,1.777730941772461,F8A025902A72E75DFA7AED00796912A3EF49C6B1BFEB320EB4C32FDCB71668C9
20260712,ordinary_dynamic_augmentation,Dynamic ERM,cnrs_parent_0105,pattern_279,cubic,6,1.0729612500774153,0.6928925379846251,1,6,2,1,0,0.99951171875,6.020069122314453e-06,0.9995056986808777,0.9992086887359619,-0.5097596049308777,1.5089682936668396,F8A025902A72E75DFA7AED00796912A3EF49C6B1BFEB320EB4C32FDCB71668C9
20260712,ordinary_dynamic_augmentation,Dynamic ERM,cnrs_parent_0127,pattern_360,cubic,6,1.3280200015218955,0.6930967923188529,1,6,2,1,0,1.0,7.748603820800781e-07,0.9999992251396179,0.9999570846557617,-0.9853507876396179,1.9853078722953796,F8A025902A72E75DFA7AED00796912A3EF49C6B1BFEB320EB4C32FDCB71668C9
20260712,ordinary_dynamic_augmentation,Dynamic ERM,cnrs_parent_0129,pattern_363,cubic,6,1.222295947698299,0.6910692496178716,1,6,1,1,0,0.994140625,3.5762786865234375e-06,0.9941370487213135,0.9889640808105469,-0.5888636112213135,1.5778276920318604,F8A025902A72E75DFA7AED00796912A3EF49C6B1BFEB320EB4C32FDCB71668C9
20260712,ordinary_dynamic_augmentation,Dynamic ERM,cnrs_parent_0131,pattern_366,cubic,6,0.5736840834430957,0.6805187386304039,1,6,0,1,0,0.994140625,5.960464477539063e-08,0.9941405653953552,0.9903907775878906,-0.9995116591453552,1.9899024367332458,F8A025902A72E75DFA7AED00796912A3EF49C6B1BFEB320EB4C32FDCB71668C9
20260712,ordinary_dynamic_augmentation,Dynamic ERM,cnrs_parent_0134,pattern_375,cubic,6,0.26867294680297726,0.07351560604674294,0,6,6,1,1,1.0,0.80322265625,0.19677734375,0.9999880790710449,0.64990234375,0.3500857353210449,F8A025902A72E75DFA7AED00796912A3EF49C6B1BFEB320EB4C32FDCB71668C9
20260712,ordinary_dynamic_augmentation,Dynamic ERM,cnrs_parent_0135,pattern_376,cubic,6,0.1082636939909194,0.03206171513529319,0,1,1,0,0,3.36766242980957e-05,0.00827789306640625,-0.008244216442108154,-0.9594389796257019,-0.7964096069335938,-0.16302937269210815,F8A025902A72E75DFA7AED00796912A3EF49C6B1BFEB320EB4C32FDCB71668C9
20260712,ordinary_dynamic_augmentation,Dynamic ERM,cnrs_parent_0138,pattern_394,cubic,6,1.1630881380639218,0.6928033693020703,1,4,0,0,0,0.0430908203125,0.0,0.0430908203125,-0.5706787109375,-1.0,0.4293212890625,F8A025902A72E75DFA7AED00796912A3EF49C6B1BFEB320EB4C32FDCB71668C9
20260712,ordinary_dynamic_augmentation,Dynamic ERM,cnrs_parent_0143,pattern_408,cubic,6,0.17512411326226196,0.1257865772383513,0,1,1,0,0,1.430511474609375e-06,0.0005106925964355469,-0.0005092620849609375,-0.6235337257385254,-0.8666768074035645,0.24314308166503906,F8A025902A72E75DFA7AED00796912A3EF49C6B1BFEB320EB4C32FDCB71668C9
20260712,ordinary_dynamic_augmentation,Dynamic ERM,cnrs_parent_0149,pattern_426,cubic,6,1.0454133599535196,0.6931151251967322,1,6,3,1,0,1.0,4.112720489501953e-06,0.9999958872795105,0.9999990463256836,-0.9467732310295105,1.946772277355194,F8A025902A72E75DFA7AED00796912A3EF49C6B1BFEB320EB4C32FDCB71668C9
20260712,ordinary_dynamic_augmentation,Dynamic ERM,cnrs_parent_0160,pattern_458,cubic,6,0.33922297052279304,0.377308721752048,1,1,4,0,0,0.01100921630859375,2.6166439056396484e-05,0.010983049869537354,-0.7428970336914062,-0.9804425835609436,0.23754554986953735,F8A025902A72E75DFA7AED00796912A3EF49C6B1BFEB320EB4C32FDCB71668C9
20260712,ordinary_dynamic_augmentation,Dynamic ERM,cnrs_parent_0175,pattern_493,cubic,6,0.11388463186023445,0.0016844338672133404,0,1,1,0,0,0.0,0.0,0.0,-0.9951171875,-0.99951171875,0.00439453125,F8A025902A72E75DFA7AED00796912A3EF49C6B1BFEB320EB4C32FDCB71668C9
20260712,ordinary_dynamic_augmentation,Dynamic ERM,cnrs_parent_0178,pattern_503,cubic,6,0.14788997532243786,0.13571862568137885,0,4,4,0,0,0.0011472702026367188,0.254150390625,-0.2530031204223633,-0.9456300735473633,-0.323486328125,-0.6221437454223633,F8A025902A72E75DFA7AED00796912A3EF49C6B1BFEB320EB4C32FDCB71668C9
20260712,ordinary_dynamic_augmentation,Dynamic ERM,cnrs_parent_0183,pattern_527,cubic,6,0.09599712839710839,0.3979473017472699,1,4,2,0,0,0.00792694091796875,0.000896453857421875,0.007030487060546875,-0.7664871215820312,-0.9903144836425781,0.22382736206054688,F8A025902A72E75DFA7AED00796912A3EF49C6B1BFEB320EB4C32FDCB71668C9
20260712,ordinary_dynamic_augmentation,Dynamic ERM,cnrs_parent_0188,pattern_545,cubic,6,0.11979812759473307,0.4998153989967301,1,0,1,0,0,1.7881393432617188e-07,9.387731552124023e-05,-9.369850158691406e-05,-0.9257810711860657,-0.8709998726844788,-0.054781198501586914,F8A025902A72E75DFA7AED00796912A3EF49C6B1BFEB320EB4C32FDCB71668C9
20260712,ordinary_dynamic_augmentation,Dynamic ERM,cnrs_parent_0196,pattern_565,cubic,6,0.2094886605776004,0.0008398929034305722,0,1,1,0,0,1.1920928955078125e-07,3.5762786865234375e-07,-2.384185791015625e-07,-0.9907225370407104,-0.9965816736221313,0.0058591365814208984,F8A025902A72E75DFA7AED00796912A3EF49C6B1BFEB320EB4C32FDCB71668C9
20260712,ordinary_dynamic_augmentation,Dynamic ERM,cnrs_parent_0200,pattern_570,cubic,6,0.15442204318480635,0.3520120523469143,1,1,0,0,0,0.0,0.0,0.0,-0.7373046875,-0.9931640625,0.255859375,F8A025902A72E75DFA7AED00796912A3EF49C6B1BFEB320EB4C32FDCB71668C9
20260712,ordinary_dynamic_augmentation,Dynamic ERM,cnrs_parent_0205,pattern_582,cubic,6,0.44231354766243536,0.6096929413775173,1,6,4,1,0,1.0,0.0391845703125,0.9608154296875,0.9999992251396179,-0.8934326171875,1.893431842327118,F8A025902A72E75DFA7AED00796912A3EF49C6B1BFEB320EB4C32FDCB71668C9
20260712,ordinary_dynamic_augmentation,Dynamic ERM,cnrs_parent_0217,pattern_609,cubic,6,0.3309623841849928,0.3876867274106273,1,0,1,0,0,0.0,0.0,0.0,-0.76025390625,-0.99951171875,0.2392578125,F8A025902A72E75DFA7AED00796912A3EF49C6B1BFEB320EB4C32FDCB71668C9
20260712,ordinary_dynamic_augmentation,Dynamic ERM,cnrs_parent_0229,pattern_644,cubic,6,0.25960279796438757,0.04805258046686769,1,1,0,0,0,1.4066696166992188e-05,5.960464477539063e-08,1.4007091522216797e-05,-0.581040620803833,-0.6601561903953552,0.07911556959152222,F8A025902A72E75DFA7AED00796912A3EF49C6B1BFEB320EB4C32FDCB71668C9
20260712,ordinary_dynamic_augmentation,Dynamic ERM,cnrs_parent_0238,pattern_678,cubic,6,0.23955860538636353,0.036800527900497884,0,0,0,0,0,2.3245811462402344e-06,0.0,2.3245811462402344e-06,-0.8974586129188538,-1.0,0.10254138708114624,F8A025902A72E75DFA7AED00796912A3EF49C6B1BFEB320EB4C32FDCB71668C9
20260712,ordinary_dynamic_augmentation,Dynamic ERM,cnrs_parent_0249,pattern_737,cubic,6,0.2746792182552994,0.6022544362305247,1,1,0,0,0,3.5762786865234375e-07,0.0,3.5762786865234375e-07,-0.9946285486221313,-0.96240234375,-0.03222620487213135,F8A025902A72E75DFA7AED00796912A3EF49C6B1BFEB320EB4C32FDCB71668C9
20260712,ordinary_dynamic_augmentation,Dynamic ERM,cnrs_parent_0255,pattern_759,cubic,6,0.21975501465844594,0.1166293640866095,0,6,6,1,1,0.99951171875,0.69873046875,0.30078125,0.99918532371521,0.424560546875,0.57462477684021,F8A025902A72E75DFA7AED00796912A3EF49C6B1BFEB320EB4C32FDCB71668C9
20260712,ordinary_dynamic_augmentation,Dynamic ERM,cnrs_parent_0257,pattern_770,cubic,6,0.23633199239342562,0.1383879597336288,0,4,4,0,0,0.0016584396362304688,1.9669532775878906e-05,0.0016387701034545898,-0.6487321853637695,-0.9994920492172241,0.3507598638534546,F8A025902A72E75DFA7AED00796912A3EF49C6B1BFEB320EB4C32FDCB71668C9
20260712,ordinary_dynamic_augmentation,Dynamic ERM,cnrs_parent_0265,pattern_790,cubic,6,0.9046951549625422,0.6909111954067035,1,6,1,1,0,1.0,0.0004987716674804688,0.9995012283325195,0.9999826550483704,-0.7812395095825195,1.78122216463089,F8A025902A72E75DFA7AED00796912A3EF49C6B1BFEB320EB4C32FDCB71668C9
20260712,ordinary_dynamic_augmentation,Dynamic ERM,cnrs_parent_0266,pattern_794,cubic,6,0.38359511365151755,0.13621019267888623,0,6,6,1,1,1.0,0.65771484375,0.34228515625,0.9999514818191528,0.43994140625,0.5600100755691528,F8A025902A72E75DFA7AED00796912A3EF49C6B1BFEB320EB4C32FDCB71668C9
20260712,ordinary_dynamic_augmentation,Dynamic ERM,cnrs_parent_0268,pattern_810,cubic,6,0.01738358286393149,0.03417792362526741,0,1,1,0,0,0.0011701583862304688,5.120038986206055e-05,0.0011189579963684082,-0.6917009353637695,-0.8783667683601379,0.1866658329963684,F8A025902A72E75DFA7AED00796912A3EF49C6B1BFEB320EB4C32FDCB71668C9
20260712,ordinary_dynamic_augmentation,Dynamic ERM,cnrs_parent_0282,pattern_851,cubic,6,0.7276917514216186,0.597504386055685,1,6,0,1,0,0.90185546875,0.0005955696105957031,0.9012598991394043,0.85479736328125,-0.4884181022644043,1.3432154655456543,F8A025902A72E75DFA7AED00796912A3EF49C6B1BFEB320EB4C32FDCB71668C9
20260712,ordinary_dynamic_augmentation,Dynamic ERM,cnrs_parent_0303,pattern_919,cubic,6,1.2980936979758246,0.6930233710123557,1,6,1,1,0,1.0,0.0,1.0,0.9999594688415527,-0.9521484375,1.9521079063415527,F8A025902A72E75DFA7AED00796912A3EF49C6B1BFEB320EB4C32FDCB71668C9
20260712,ordinary_dynamic_augmentation,Dynamic ERM,cnrs_parent_0311,pattern_956,cubic,6,0.3047547248125846,0.6723447312877344,1,0,1,0,0,0.0,0.0,0.0,-0.99365234375,-0.99951171875,0.005859375,F8A025902A72E75DFA7AED00796912A3EF49C6B1BFEB320EB4C32FDCB71668C9
20260712,ordinary_dynamic_augmentation,Dynamic ERM,cnrs_parent_0316,pattern_964,cubic,6,1.086278336345473,0.6931129723565312,1,6,0,1,0,1.0,2.384185791015625e-07,0.9999997615814209,0.9999943971633911,-0.4362790584564209,1.436273455619812,F8A025902A72E75DFA7AED00796912A3EF49C6B1BFEB320EB4C32FDCB71668C9
20260712,ordinary_dynamic_augmentation,Dynamic ERM,cnrs_parent_0001,pattern_1009,cubic,6,1.203629922436476,0.6931412670389692,1,6,2,1,0,1.0,7.152557373046875e-07,0.9999992847442627,0.9999996423721313,-0.7231438159942627,1.723143458366394,F8A025902A72E75DFA7AED00796912A3EF49C6B1BFEB320EB4C32FDCB71668C9
20260712,ordinary_dynamic_augmentation,Dynamic ERM,cnrs_parent_0024,pattern_1051,cubic,6,0.11209016215333456,0.0190947603786042,0,1,1,0,0,1.1920928955078125e-06,6.967782974243164e-05,-6.848573684692383e-05,-0.9707019329071045,-0.8680943846702576,-0.10260754823684692,F8A025902A72E75DFA7AED00796912A3EF49C6B1BFEB320EB4C32FDCB71668C9
20260712,js_consistency_transfer,JS Consistency,cnrs_parent_0087,pattern_24,triclinic,0,0.05400553322569246,0.03725815033385951,1,1,0,0,1,0.325927734375,0.59619140625,-0.270263671875,-0.347900390625,0.192626953125,-0.54052734375,AF06D30712879BDFE02D9C82E6C713BE6A66F1BD50937B2954EC66EE7A11171C
20260712,js_consistency_transfer,JS Consistency,cnrs_parent_0189,pattern_55,triclinic,0,0.06808813491464716,0.16043281619688957,0,1,1,0,0,0.00763702392578125,0.42822265625,-0.42058563232421875,-0.9845504760742188,-0.1435546875,-0.8409957885742188,AF06D30712879BDFE02D9C82E6C713BE6A66F1BD50937B2954EC66EE7A11171C
20260712,js_consistency_transfer,JS Consistency,cnrs_parent_0260,pattern_78,triclinic,0,0.2162044928562833,0.24800653613832377,1,1,0,0,1,0.01526641845703125,0.60888671875,-0.5936203002929688,-0.9666671752929688,0.223388671875,-1.1900558471679688,AF06D30712879BDFE02D9C82E6C713BE6A66F1BD50937B2954EC66EE7A11171C
20260712,js_consistency_transfer,JS Consistency,cnrs_parent_0322,pattern_99,triclinic,0,0.08630176764766495,0.0017157836878065465,0,0,0,1,1,0.99560546875,0.984375,0.01123046875,0.9912567138671875,0.9687042236328125,0.022552490234375,AF06D30712879BDFE02D9C82E6C713BE6A66F1BD50937B2954EC66EE7A11171C
20260712,js_consistency_transfer,JS Consistency,cnrs_parent_0036,pattern_120,triclinic,0,0.06377450274405161,0.0011187339338773956,0,0,0,1,1,0.9716796875,0.9833984375,-0.01171875,0.9446563720703125,0.9668731689453125,-0.022216796875,AF06D30712879BDFE02D9C82E6C713BE6A66F1BD50937B2954EC66EE7A11171C
20260712,js_consistency_transfer,JS Consistency,cnrs_parent_0053,pattern_157,triclinic,0,0.060778143251881245,0.022354717013661173,0,1,1,0,0,0.004791259765625,0.08245849609375,-0.077667236328125,-0.990325927734375,-0.83258056640625,-0.157745361328125,AF06D30712879BDFE02D9C82E6C713BE6A66F1BD50937B2954EC66EE7A11171C
20260712,js_consistency_transfer,JS Consistency,cnrs_parent_0063,pattern_180,triclinic,0,0.0377648925506211,0.009510120756232775,0,1,1,0,0,0.00015819072723388672,0.0264129638671875,-0.026254773139953613,-0.9983769655227661,-0.9418487548828125,-0.05652821063995361,AF06D30712879BDFE02D9C82E6C713BE6A66F1BD50937B2954EC66EE7A11171C
20260712,js_consistency_transfer,JS Consistency,cnrs_parent_0088,pattern_240,triclinic,0,0.04523165736782686,0.010172357289737248,0,0,0,1,1,0.95166015625,0.99462890625,-0.04296875,0.903167724609375,0.9892654418945312,-0.08609771728515625,AF06D30712879BDFE02D9C82E6C713BE6A66F1BD50937B2954EC66EE7A11171C
20260712,js_consistency_transfer,JS Consistency,cnrs_parent_0109,pattern_298,triclinic,0,0.08160779115773509,0.4829406027030251,1,2,1,0,0,0.039764404296875,0.2161865234375,-0.176422119140625,-0.901641845703125,-0.5093994140625,-0.392242431640625,AF06D30712879BDFE02D9C82E6C713BE6A66F1BD50937B2954EC66EE7A11171C
20260712,js_consistency_transfer,JS Consistency,cnrs_parent_0113,pattern_311,triclinic,0,0.02563700489990317,0.0009007553885992435,0,0,0,1,1,0.99609375,0.99951171875,-0.00341796875,0.9922695159912109,0.9992146492004395,-0.006945133209228516,AF06D30712879BDFE02D9C82E6C713BE6A66F1BD50937B2954EC66EE7A11171C
20260712,js_consistency_transfer,JS Consistency,cnrs_parent_0124,pattern_348,triclinic,0,0.052656439353755524,0.017050101042964172,0,1,1,0,0,0.417236328125,0.33837890625,0.078857421875,-0.144287109375,-0.2197265625,0.075439453125,AF06D30712879BDFE02D9C82E6C713BE6A66F1BD50937B2954EC66EE7A11171C
20260712,js_consistency_transfer,JS Consistency,cnrs_parent_0147,pattern_417,triclinic,0,0.033964945507412914,0.06857694816435297,1,0,1,1,0,0.78662109375,0.43017578125,0.3564453125,0.5732421875,-0.1396484375,0.712890625,AF06D30712879BDFE02D9C82E6C713BE6A66F1BD50937B2954EC66EE7A11171C
20260712,js_consistency_transfer,JS Consistency,cnrs_parent_0148,pattern_423,triclinic,0,0.048156521742416025,5.322681319210627e-05,0,0,0,1,1,0.9931640625,0.99462890625,-0.00146484375,0.9861793518066406,0.9892425537109375,-0.003063201904296875,AF06D30712879BDFE02D9C82E6C713BE6A66F1BD50937B2954EC66EE7A11171C
20260712,js_consistency_transfer,JS Consistency,cnrs_parent_0154,pattern_444,triclinic,0,0.05809079210884949,0.09804096768535817,0,0,0,1,1,0.6689453125,0.97998046875,-0.31103515625,0.337890625,0.9599609375,-0.6220703125,AF06D30712879BDFE02D9C82E6C713BE6A66F1BD50937B2954EC66EE7A11171C
20260712,js_consistency_transfer,JS Consistency,cnrs_parent_0158,pattern_456,triclinic,0,0.07771542362514539,0.014032886035882618,0,0,0,1,1,0.94775390625,0.99755859375,-0.0498046875,0.895538330078125,0.9949054718017578,-0.09936714172363281,AF06D30712879BDFE02D9C82E6C713BE6A66F1BD50937B2954EC66EE7A11171C
20260712,js_consistency_transfer,JS Consistency,cnrs_parent_0161,pattern_464,triclinic,0,0.053268501138694635,0.04241618006939005,0,0,0,1,1,0.71875,0.93310546875,-0.21435546875,0.437255859375,0.86602783203125,-0.42877197265625,AF06D30712879BDFE02D9C82E6C713BE6A66F1BD50937B2954EC66EE7A11171C
20260712,js_consistency_transfer,JS Consistency,cnrs_parent_0207,pattern_585,triclinic,0,0.03568658916933942,0.00208792024303694,0,0,0,1,1,0.99560546875,0.98291015625,0.0126953125,0.9913749694824219,0.9658660888671875,0.025508880615234375,AF06D30712879BDFE02D9C82E6C713BE6A66F1BD50937B2954EC66EE7A11171C
20260712,js_consistency_transfer,JS Consistency,cnrs_parent_0233,pattern_653,triclinic,0,0.05818066226210339,0.033606773904834304,0,1,1,0,0,0.00970458984375,0.1319580078125,-0.12225341796875,-0.98052978515625,-0.7357177734375,-0.24481201171875,AF06D30712879BDFE02D9C82E6C713BE6A66F1BD50937B2954EC66EE7A11171C
20260712,js_consistency_transfer,JS Consistency,cnrs_parent_0253,pattern_753,triclinic,0,0.02333459749639344,0.012993749540986584,0,0,0,1,1,0.9365234375,0.99267578125,-0.05615234375,0.873291015625,0.9852142333984375,-0.1119232177734375,AF06D30712879BDFE02D9C82E6C713BE6A66F1BD50937B2954EC66EE7A11171C
20260712,js_consistency_transfer,JS Consistency,cnrs_parent_0291,pattern_881,triclinic,0,0.14185400780956015,0.045600836555922536,0,1,1,0,0,0.0279693603515625,0.21337890625,-0.1854095458984375,-0.9427337646484375,-0.5732421875,-0.3694915771484375,AF06D30712879BDFE02D9C82E6C713BE6A66F1BD50937B2954EC66EE7A11171C
20260712,js_consistency_transfer,JS Consistency,cnrs_parent_0321,pattern_979,triclinic,0,0.2508895812053179,0.6555628908507654,1,4,1,0,0,1.4901161193847656e-06,1.4424324035644531e-05,-1.2934207916259766e-05,-0.5493149161338806,-0.9994972944259644,0.45018237829208374,AF06D30712879BDFE02D9C82E6C713BE6A66F1BD50937B2954EC66EE7A11171C
20260712,js_consistency_transfer,JS Consistency,cnrs_parent_0028,pattern_11,monoclinic,1,0.032773011593016044,0.21244405454493742,1,1,0,1,0,0.65673828125,0.06463623046875,0.59210205078125,0.3134765625,-0.87042236328125,1.18389892578125,AF06D30712879BDFE02D9C82E6C713BE6A66F1BD50937B2954EC66EE7A11171C
20260712,js_consistency_transfer,JS Consistency,cnrs_parent_0049,pattern_15,monoclinic,1,0.11914140435536713,0.012228777874117615,0,0,0,0,0,0.10400390625,0.0288238525390625,0.0751800537109375,-0.791015625,-0.9409027099609375,0.1498870849609375,AF06D30712879BDFE02D9C82E6C713BE6A66F1BD50937B2954EC66EE7A11171C
20260712,js_consistency_transfer,JS Consistency,cnrs_parent_0115,pattern_32,monoclinic,1,0.048531953258505456,0.0017231201476659115,0,1,1,1,1,0.97119140625,0.970703125,0.00048828125,0.9433135986328125,0.94830322265625,-0.0049896240234375,AF06D30712879BDFE02D9C82E6C713BE6A66F1BD50937B2954EC66EE7A11171C
20260712,js_consistency_transfer,JS Consistency,cnrs_parent_0153,pattern_44,monoclinic,1,0.3457182138958479,0.6319108441796831,1,1,0,1,0,0.71923828125,0.0212860107421875,0.6979522705078125,0.44287109375,-0.9572296142578125,1.4001007080078125,AF06D30712879BDFE02D9C82E6C713BE6A66F1BD50937B2954EC66EE7A11171C
20260712,js_consistency_transfer,JS Consistency,cnrs_parent_0214,pattern_60,monoclinic,1,0.08019253379313562,0.0018949415418173005,0,1,1,1,1,0.61669921875,0.55615234375,0.060546875,0.233642578125,0.112548828125,0.12109375,AF06D30712879BDFE02D9C82E6C713BE6A66F1BD50937B2954EC66EE7A11171C
20260712,js_consistency_transfer,JS Consistency,cnrs_parent_0236,pattern_67,monoclinic,1,0.11907096930547045,0.007447834837803067,0,0,0,0,0,0.0021686553955078125,0.0010652542114257812,0.0011034011840820312,-0.9743938446044922,-0.9979581832885742,0.02356433868408203,AF06D30712879BDFE02D9C82E6C713BE6A66F1BD50937B2954EC66EE7A11171C
20260712,js_consistency_transfer,JS Consistency,cnrs_parent_0005,pattern_102,monoclinic,1,0.0674641996133587,0.3268318347949411,1,2,0,0,0,0.009063720703125,0.0003497600555419922,0.008713960647583008,-0.661834716796875,-0.998185396194458,0.336350679397583,AF06D30712879BDFE02D9C82E6C713BE6A66F1BD50937B2954EC66EE7A11171C
20260712,js_consistency_transfer,JS Consistency,cnrs_parent_0011,pattern_103,monoclinic,1,0.6038116080616862,0.15107573625242388,0,1,1,1,1,0.78271484375,0.49658203125,0.2861328125,0.626220703125,0.16455078125,0.461669921875,AF06D30712879BDFE02D9C82E6C713BE6A66F1BD50937B2954EC66EE7A11171C
20260712,js_consistency_transfer,JS Consistency,cnrs_parent_0027,pattern_109,monoclinic,1,0.027688517495264464,0.29285284648219756,1,0,1,0,1,0.055419921875,0.75927734375,-0.703857421875,-0.889404296875,0.5185546875,-1.407958984375,AF06D30712879BDFE02D9C82E6C713BE6A66F1BD50937B2954EC66EE7A11171C
20260712,js_consistency_transfer,JS Consistency,cnrs_parent_0030,pattern_112,monoclinic,1,0.12595004251604536,0.10004703708041915,1,0,1,0,1,0.338134765625,0.7744140625,-0.436279296875,-0.323974609375,0.5489501953125,-0.8729248046875,AF06D30712879BDFE02D9C82E6C713BE6A66F1BD50937B2954EC66EE7A11171C
20260712,js_consistency_transfer,JS Consistency,cnrs_parent_0031,pattern_113,monoclinic,1,0.08525524724386224,0.00015769547682091154,0,3,3,0,0,0.01316070556640625,0.0132904052734375,-0.00012969970703125,-0.6860580444335938,-0.6927642822265625,0.00670623779296875,AF06D30712879BDFE02D9C82E6C713BE6A66F1BD50937B2954EC66EE7A11171C
20260712,js_consistency_transfer,JS Consistency,cnrs_parent_0039,pattern_125,monoclinic,1,0.04262533510392841,0.3141954836261071,1,1,0,1,0,0.8291015625,0.0869140625,0.7421875,0.6593017578125,-0.826171875,1.4854736328125,AF06D30712879BDFE02D9C82E6C713BE6A66F1BD50937B2954EC66EE7A11171C
20260712,js_consistency_transfer,JS Consistency,cnrs_parent_0042,pattern_129,monoclinic,1,0.6830881071264743,0.6927038373499872,1,1,0,1,0,1.0,1.3113021850585938e-06,0.9999986886978149,0.9999164938926697,-0.9999986886978149,1.9999151825904846,AF06D30712879BDFE02D9C82E6C713BE6A66F1BD50937B2954EC66EE7A11171C
20260712,js_consistency_transfer,JS Consistency,cnrs_parent_0051,pattern_151,monoclinic,1,0.27967851482223394,0.09542684984613403,0,0,0,0,0,0.1785888671875,0.0002853870391845703,0.17830348014831543,-0.5616455078125,-0.9977614879608154,0.43611598014831543,AF06D30712879BDFE02D9C82E6C713BE6A66F1BD50937B2954EC66EE7A11171C
20260712,js_consistency_transfer,JS Consistency,cnrs_parent_0060,pattern_175,monoclinic,1,0.19372487324456344,0.21001048941545392,1,1,0,1,0,0.79248046875,0.438232421875,0.354248046875,0.629638671875,-0.122314453125,0.751953125,AF06D30712879BDFE02D9C82E6C713BE6A66F1BD50937B2954EC66EE7A11171C
20260712,js_consistency_transfer,JS Consistency,cnrs_parent_0066,pattern_192,monoclinic,1,0.2940275484125038,0.00974022510866684,0,1,1,1,1,1.0,0.9716796875,0.0283203125,0.9999704360961914,0.9454803466796875,0.054490089416503906,AF06D30712879BDFE02D9C82E6C713BE6A66F1BD50937B2954EC66EE7A11171C
20260712,js_consistency_transfer,JS Consistency,cnrs_parent_0072,pattern_205,monoclinic,1,0.3203754687885063,0.24310087769036962,1,1,0,1,0,0.64990234375,0.4658203125,0.18408203125,0.4429931640625,-0.0224609375,0.4654541015625,AF06D30712879BDFE02D9C82E6C713BE6A66F1BD50937B2954EC66EE7A11171C
20260712,js_consistency_transfer,JS Consistency,cnrs_parent_0074,pattern_208,monoclinic,1,0.03594082028830037,0.003165569269887361,0,1,1,1,1,0.95947265625,0.92236328125,0.037109375,0.9189453125,0.845458984375,0.073486328125,AF06D30712879BDFE02D9C82E6C713BE6A66F1BD50937B2954EC66EE7A11171C
20260712,js_consistency_transfer,JS Consistency,cnrs_parent_0080,pattern_225,monoclinic,1,0.088575327798053,0.0026584337183409804,0,0,0,0,0,0.255615234375,0.2147216796875,0.0408935546875,-0.484130859375,-0.5704345703125,0.0863037109375,AF06D30712879BDFE02D9C82E6C713BE6A66F1BD50937B2954EC66EE7A11171C
20260712,js_consistency_transfer,JS Consistency,cnrs_parent_0081,pattern_226,monoclinic,1,0.30011265220817784,0.19858038799574232,0,1,1,1,1,0.73779296875,0.6474609375,0.09033203125,0.48193359375,0.29833984375,0.18359375,AF06D30712879BDFE02D9C82E6C713BE6A66F1BD50937B2954EC66EE7A11171C
20260712,js_consistency_transfer,JS Consistency,cnrs_parent_0084,pattern_233,monoclinic,1,0.060565585685744217,0.05649750641828965,0,2,2,0,0,0.022857666015625,0.07379150390625,-0.050933837890625,-0.952728271484375,-0.71331787109375,-0.239410400390625,AF06D30712879BDFE02D9C82E6C713BE6A66F1BD50937B2954EC66EE7A11171C
20260712,js_consistency_transfer,JS Consistency,cnrs_parent_0089,pattern_241,monoclinic,1,0.06635948761817922,0.3198400026963466,1,1,0,1,0,0.853515625,0.1015625,0.751953125,0.70751953125,-0.79638671875,1.50390625,AF06D30712879BDFE02D9C82E6C713BE6A66F1BD50937B2954EC66EE7A11171C
20260712,js_consistency_transfer,JS Consistency,cnrs_parent_0091,pattern_243,monoclinic,1,0.7568924398445966,0.563446701348677,1,4,0,0,0,0.01271820068359375,0.300048828125,-0.28733062744140625,-0.9618911743164062,-0.325439453125,-0.6364517211914062,AF06D30712879BDFE02D9C82E6C713BE6A66F1BD50937B2954EC66EE7A11171C
20260712,js_consistency_transfer,JS Consistency,cnrs_parent_0092,pattern_244,monoclinic,1,0.012152623224112036,0.0015313853510997499,0,1,1,1,1,0.9189453125,0.88916015625,0.02978515625,0.876129150390625,0.829132080078125,0.0469970703125,AF06D30712879BDFE02D9C82E6C713BE6A66F1BD50937B2954EC66EE7A11171C
20260712,js_consistency_transfer,JS Consistency,cnrs_parent_0094,pattern_250,monoclinic,1,0.19844711459335784,0.22448694961469373,1,1,0,1,0,0.994140625,0.484130859375,0.510009765625,0.9893341064453125,-0.031494140625,1.0208282470703125,AF06D30712879BDFE02D9C82E6C713BE6A66F1BD50937B2954EC66EE7A11171C
20260712,js_consistency_transfer,JS Consistency,cnrs_parent_0095,pattern_255,monoclinic,1,0.4264273663944861,0.5173936900341903,1,1,0,1,0,0.81689453125,0.05743408203125,0.75946044921875,0.72198486328125,-0.88397216796875,1.60595703125,AF06D30712879BDFE02D9C82E6C713BE6A66F1BD50937B2954EC66EE7A11171C
20260712,js_consistency_transfer,JS Consistency,cnrs_parent_0098,pattern_262,monoclinic,1,0.09539974928346218,0.03023475204989834,1,0,1,0,1,0.355712890625,0.60009765625,-0.244384765625,-0.288330078125,0.2001953125,-0.488525390625,AF06D30712879BDFE02D9C82E6C713BE6A66F1BD50937B2954EC66EE7A11171C
20260712,js_consistency_transfer,JS Consistency,cnrs_parent_0099,pattern_266,monoclinic,1,0.11747595937713184,0.2251589392063731,1,1,0,1,0,0.9921875,0.45703125,0.53515625,0.9863090515136719,-0.0859375,1.0722465515136719,AF06D30712879BDFE02D9C82E6C713BE6A66F1BD50937B2954EC66EE7A11171C
20260712,js_consistency_transfer,JS Consistency,cnrs_parent_0102,pattern_273,monoclinic,1,0.4082233605297406,0.6453715484521474,1,1,0,1,0,0.7421875,0.00031757354736328125,0.7418699264526367,0.503173828125,-0.9991941452026367,1.5023679733276367,AF06D30712879BDFE02D9C82E6C713BE6A66F1BD50937B2954EC66EE7A11171C
20260712,js_consistency_transfer,JS Consistency,cnrs_parent_0110,pattern_303,monoclinic,1,0.3842921076997673,0.4527609573855391,1,1,0,1,0,0.51318359375,0.233642578125,0.279541015625,0.07080078125,-0.532470703125,0.603271484375,AF06D30712879BDFE02D9C82E6C713BE6A66F1BD50937B2954EC66EE7A11171C
20260712,js_consistency_transfer,JS Consistency,cnrs_parent_0111,pattern_307,monoclinic,1,0.027387734496040927,0.03645586534675641,0,1,1,1,1,0.96826171875,0.806640625,0.16162109375,0.9373779296875,0.613525390625,0.3238525390625,AF06D30712879BDFE02D9C82E6C713BE6A66F1BD50937B2954EC66EE7A11171C
20260712,js_consistency_transfer,JS Consistency,cnrs_parent_0121,pattern_342,monoclinic,1,0.048918131380880525,0.1143924309641118,0,1,1,1,1,0.59765625,0.65185546875,-0.05419921875,0.222412109375,0.378173828125,-0.15576171875,AF06D30712879BDFE02D9C82E6C713BE6A66F1BD50937B2954EC66EE7A11171C
20260712,js_consistency_transfer,JS Consistency,cnrs_parent_0122,pattern_344,monoclinic,1,0.35568479665438313,0.1701372350808586,0,2,2,0,0,0.06298828125,0.304931640625,-0.241943359375,-0.51318359375,-0.387451171875,-0.125732421875,AF06D30712879BDFE02D9C82E6C713BE6A66F1BD50937B2954EC66EE7A11171C
20260712,js_consistency_transfer,JS Consistency,cnrs_parent_0128,pattern_362,monoclinic,1,0.0266974126158116,0.003034470046751621,0,0,0,0,0,0.04705810546875,0.019561767578125,0.027496337890625,-0.90557861328125,-0.960906982421875,0.055328369140625,AF06D30712879BDFE02D9C82E6C713BE6A66F1BD50937B2954EC66EE7A11171C
20260712,js_consistency_transfer,JS Consistency,cnrs_parent_0130,pattern_365,monoclinic,1,0.6720858881040509,0.029858431140448193,0,0,0,0,0,8.940696716308594e-07,0.08087158203125,-0.08087068796157837,-0.9970694184303284,-0.83758544921875,-0.15948396921157837,AF06D30712879BDFE02D9C82E6C713BE6A66F1BD50937B2954EC66EE7A11171C
20260712,js_consistency_transfer,JS Consistency,cnrs_parent_0137,pattern_388,monoclinic,1,0.13700616402896248,0.006682779912094162,0,0,0,0,0,0.0025043487548828125,0.0006284713745117188,0.0018758773803710938,-0.9764995574951172,-0.9983949661254883,0.021895408630371094,AF06D30712879BDFE02D9C82E6C713BE6A66F1BD50937B2954EC66EE7A11171C
20260712,js_consistency_transfer,JS Consistency,cnrs_parent_0140,pattern_397,monoclinic,1,0.062024678315771964,0.04501312864101402,0,1,1,1,1,0.998046875,0.865234375,0.1328125,0.9962854385375977,0.73046875,0.26581668853759766,AF06D30712879BDFE02D9C82E6C713BE6A66F1BD50937B2954EC66EE7A11171C
20260712,js_consistency_transfer,JS Consistency,cnrs_parent_0151,pattern_431,monoclinic,1,0.025115354700650627,0.017112310981108308,0,1,1,1,1,0.7138671875,0.86328125,-0.1494140625,0.427734375,0.7266845703125,-0.2989501953125,AF06D30712879BDFE02D9C82E6C713BE6A66F1BD50937B2954EC66EE7A11171C
20260712,js_consistency_transfer,JS Consistency,cnrs_parent_0162,pattern_469,monoclinic,1,0.07781240104880593,0.26530941705115707,1,1,0,1,0,0.74755859375,0.07159423828125,0.67596435546875,0.4951171875,-0.85662841796875,1.35174560546875,AF06D30712879BDFE02D9C82E6C713BE6A66F1BD50937B2954EC66EE7A11171C
20260712,js_consistency_transfer,JS Consistency,cnrs_parent_0165,pattern_474,monoclinic,1,0.32569519726586693,0.03224903178542375,0,1,1,1,1,0.90966796875,0.98486328125,-0.0751953125,0.82733154296875,0.975738525390625,-0.148406982421875,AF06D30712879BDFE02D9C82E6C713BE6A66F1BD50937B2954EC66EE7A11171C
20260712,js_consistency_transfer,JS Consistency,cnrs_parent_0169,pattern_480,monoclinic,1,0.0076922354493380585,0.0021688152532935863,0,0,0,0,0,0.040374755859375,0.033172607421875,0.0072021484375,-0.889312744140625,-0.921417236328125,0.0321044921875,AF06D30712879BDFE02D9C82E6C713BE6A66F1BD50937B2954EC66EE7A11171C
20260712,js_consistency_transfer,JS Consistency,cnrs_parent_0170,pattern_482,monoclinic,1,0.07410376088922954,0.28454063470920454,1,2,0,0,0,0.0028476715087890625,0.01861572265625,-0.015768051147460938,-0.8374843597412109,-0.83734130859375,-0.0001430511474609375,AF06D30712879BDFE02D9C82E6C713BE6A66F1BD50937B2954EC66EE7A11171C
20260712,js_consistency_transfer,JS Consistency,cnrs_parent_0174,pattern_491,monoclinic,1,0.12249284258250148,0.3049809199108713,1,4,1,0,1,0.300537109375,0.96533203125,-0.664794921875,-0.302001953125,0.934539794921875,-1.236541748046875,AF06D30712879BDFE02D9C82E6C713BE6A66F1BD50937B2954EC66EE7A11171C
20260712,js_consistency_transfer,JS Consistency,cnrs_parent_0176,pattern_497,monoclinic,1,0.016110530661825995,0.025469334300963764,0,0,0,0,0,0.304443359375,0.12310791015625,0.18133544921875,-0.386962890625,-0.75189208984375,0.36492919921875,AF06D30712879BDFE02D9C82E6C713BE6A66F1BD50937B2954EC66EE7A11171C
20260712,js_consistency_transfer,JS Consistency,cnrs_parent_0180,pattern_513,monoclinic,1,0.4496974827964213,0.5589308754024411,1,1,4,1,0,0.603515625,0.0013446807861328125,0.6021709442138672,0.3973388671875,-0.8331279754638672,1.2304668426513672,AF06D30712879BDFE02D9C82E6C713BE6A66F1BD50937B2954EC66EE7A11171C
20260712,js_consistency_transfer,JS Consistency,cnrs_parent_0181,pattern_514,monoclinic,1,0.10681105981889982,0.0012618393066799924,0,0,0,0,0,0.00466156005859375,0.0003287792205810547,0.004332780838012695,-0.9899673461914062,-0.999182939529419,0.009215593338012695,AF06D30712879BDFE02D9C82E6C713BE6A66F1BD50937B2954EC66EE7A11171C
20260712,js_consistency_transfer,JS Consistency,cnrs_parent_0182,pattern_516,monoclinic,1,0.00920491250588007,0.00023075320828605457,0,1,1,1,1,0.99951171875,0.99755859375,0.001953125,0.9988603591918945,0.9953498840332031,0.0035104751586914062,AF06D30712879BDFE02D9C82E6C713BE6A66F1BD50937B2954EC66EE7A11171C
20260712,js_consistency_transfer,JS Consistency,cnrs_parent_0186,pattern_538,monoclinic,1,0.30626864242165763,0.20050008704853356,0,0,0,0,0,0.031829833984375,0.0006818771362304688,0.03114795684814453,-0.489166259765625,-0.9978532791137695,0.5086870193481445,AF06D30712879BDFE02D9C82E6C713BE6A66F1BD50937B2954EC66EE7A11171C
20260712,js_consistency_transfer,JS Consistency,cnrs_parent_0190,pattern_551,monoclinic,1,0.14736729086223477,0.08400173511468907,0,0,0,0,0,0.08941650390625,0.0030956268310546875,0.08632087707519531,-0.66790771484375,-0.9929981231689453,0.3250904083251953,AF06D30712879BDFE02D9C82E6C713BE6A66F1BD50937B2954EC66EE7A11171C
20260712,js_consistency_transfer,JS Consistency,cnrs_parent_0191,pattern_552,monoclinic,1,0.2769512864473037,0.0048650239539878935,0,0,0,0,0,0.0020503997802734375,1.2516975402832031e-06,0.0020491480827331543,-0.9837894439697266,-0.9999987483024597,0.016209304332733154,AF06D30712879BDFE02D9C82E6C713BE6A66F1BD50937B2954EC66EE7A11171C
20260712,js_consistency_transfer,JS Consistency,cnrs_parent_0193,pattern_554,monoclinic,1,0.056317534021908755,0.00965499768508731,0,0,0,0,0,0.11151123046875,0.04022216796875,0.0712890625,-0.77618408203125,-0.91925048828125,0.14306640625,AF06D30712879BDFE02D9C82E6C713BE6A66F1BD50937B2954EC66EE7A11171C
20260712,js_consistency_transfer,JS Consistency,cnrs_parent_0195,pattern_560,monoclinic,1,0.04460931628831788,0.35216830679395417,1,1,0,1,0,0.9736328125,0.21728515625,0.75634765625,0.9472808837890625,-0.5654296875,1.5127105712890625,AF06D30712879BDFE02D9C82E6C713BE6A66F1BD50937B2954EC66EE7A11171C
20260712,js_consistency_transfer,JS Consistency,cnrs_parent_0198,pattern_568,monoclinic,1,0.02530576031569176,0.057852236866095925,1,1,0,1,0,0.74560546875,0.437744140625,0.307861328125,0.495849609375,-0.05419921875,0.550048828125,AF06D30712879BDFE02D9C82E6C713BE6A66F1BD50937B2954EC66EE7A11171C
20260712,js_consistency_transfer,JS Consistency,cnrs_parent_0209,pattern_588,monoclinic,1,0.13672451742517344,0.23545907319265563,1,1,0,1,0,0.9619140625,0.356201171875,0.605712890625,0.92401123046875,-0.283935546875,1.20794677734375,AF06D30712879BDFE02D9C82E6C713BE6A66F1BD50937B2954EC66EE7A11171C
20260712,js_consistency_transfer,JS Consistency,cnrs_parent_0210,pattern_590,monoclinic,1,0.03248377196612018,0.04920394016146949,0,0,0,0,0,0.37939453125,0.11572265625,0.263671875,-0.236328125,-0.7666015625,0.5302734375,AF06D30712879BDFE02D9C82E6C713BE6A66F1BD50937B2954EC66EE7A11171C
20260712,js_consistency_transfer,JS Consistency,cnrs_parent_0212,pattern_595,monoclinic,1,0.03820669195232662,0.007965815451005111,0,1,1,1,1,0.7470703125,0.84765625,-0.1005859375,0.494873046875,0.6956787109375,-0.2008056640625,AF06D30712879BDFE02D9C82E6C713BE6A66F1BD50937B2954EC66EE7A11171C
20260712,js_consistency_transfer,JS Consistency,cnrs_parent_0213,pattern_599,monoclinic,1,0.032360920556599004,0.001718119764492181,0,0,0,0,0,0.24072265625,0.29248046875,-0.0517578125,-0.5185546875,-0.4150390625,-0.103515625,AF06D30712879BDFE02D9C82E6C713BE6A66F1BD50937B2954EC66EE7A11171C
20260712,js_consistency_transfer,JS Consistency,cnrs_parent_0219,pattern_616,monoclinic,1,0.0911107776741954,0.40640592784994356,1,1,0,1,0,0.95263671875,0.1258544921875,0.8267822265625,0.90594482421875,-0.7481689453125,1.65411376953125,AF06D30712879BDFE02D9C82E6C713BE6A66F1BD50937B2954EC66EE7A11171C
20260712,js_consistency_transfer,JS Consistency,cnrs_parent_0221,pattern_618,monoclinic,1,0.30047284239938066,0.31758453165458916,1,1,0,1,0,0.94775390625,0.319091796875,0.628662109375,0.90185546875,-0.361572265625,1.263427734375,AF06D30712879BDFE02D9C82E6C713BE6A66F1BD50937B2954EC66EE7A11171C
20260712,js_consistency_transfer,JS Consistency,cnrs_parent_0240,pattern_684,monoclinic,1,0.2790985516045712,0.3251223810640932,1,1,0,1,0,1.0,0.322509765625,0.677490234375,0.999859094619751,-0.354736328125,1.354595422744751,AF06D30712879BDFE02D9C82E6C713BE6A66F1BD50937B2954EC66EE7A11171C
20260712,js_consistency_transfer,JS Consistency,cnrs_parent_0243,pattern_710,monoclinic,1,0.017041854637875775,2.6556559935244402e-05,0,0,0,0,0,0.04400634765625,0.0411376953125,0.00286865234375,-0.91204833984375,-0.9178466796875,0.00579833984375,AF06D30712879BDFE02D9C82E6C713BE6A66F1BD50937B2954EC66EE7A11171C
20260712,js_consistency_transfer,JS Consistency,cnrs_parent_0251,pattern_745,monoclinic,1,0.10479754606917768,0.08164876276592088,1,0,1,0,1,0.424072265625,0.802734375,-0.378662109375,-0.122802734375,0.60595703125,-0.728759765625,AF06D30712879BDFE02D9C82E6C713BE6A66F1BD50937B2954EC66EE7A11171C
20260712,js_consistency_transfer,JS Consistency,cnrs_parent_0254,pattern_756,monoclinic,1,0.039841593616366744,0.2608167236171599,1,1,0,1,0,0.8935546875,0.2109375,0.6826171875,0.79010009765625,-0.56689453125,1.35699462890625,AF06D30712879BDFE02D9C82E6C713BE6A66F1BD50937B2954EC66EE7A11171C
20260712,js_consistency_transfer,JS Consistency,cnrs_parent_0259,pattern_779,monoclinic,1,0.02455480436969748,0.035265319681082624,0,1,1,1,1,0.99072265625,0.8642578125,0.12646484375,0.9815292358398438,0.728515625,0.25301361083984375,AF06D30712879BDFE02D9C82E6C713BE6A66F1BD50937B2954EC66EE7A11171C
20260712,js_consistency_transfer,JS Consistency,cnrs_parent_0269,pattern_815,monoclinic,1,0.13904789309658827,0.009204993372473672,0,2,2,0,0,4.112720489501953e-06,9.40561294555664e-05,-8.994340896606445e-05,-0.9321247935295105,-0.9798864126205444,0.047761619091033936,AF06D30712879BDFE02D9C82E6C713BE6A66F1BD50937B2954EC66EE7A11171C
20260712,js_consistency_transfer,JS Consistency,cnrs_parent_0271,pattern_825,monoclinic,1,0.1770648585212996,0.0009127673493723998,0,0,0,0,0,0.03515625,0.0211181640625,0.0140380859375,-0.9296875,-0.9578857421875,0.0281982421875,AF06D30712879BDFE02D9C82E6C713BE6A66F1BD50937B2954EC66EE7A11171C
20260712,js_consistency_transfer,JS Consistency,cnrs_parent_0273,pattern_831,monoclinic,1,0.06641771415463638,0.31105847383094176,1,2,0,0,0,0.271484375,0.376220703125,-0.104736328125,-0.35009765625,-0.243896484375,-0.106201171875,AF06D30712879BDFE02D9C82E6C713BE6A66F1BD50937B2954EC66EE7A11171C
20260712,js_consistency_transfer,JS Consistency,cnrs_parent_0274,pattern_833,monoclinic,1,0.09108451363769354,0.05598277669180231,0,1,1,1,1,0.740234375,0.96533203125,-0.22509765625,0.48046875,0.930450439453125,-0.449981689453125,AF06D30712879BDFE02D9C82E6C713BE6A66F1BD50937B2954EC66EE7A11171C
20260712,js_consistency_transfer,JS Consistency,cnrs_parent_0284,pattern_857,monoclinic,1,0.0493517768521029,0.0006982899481611383,0,0,0,0,0,0.1497802734375,0.125,0.0247802734375,-0.6993408203125,-0.74951171875,0.0501708984375,AF06D30712879BDFE02D9C82E6C713BE6A66F1BD50937B2954EC66EE7A11171C
20260712,js_consistency_transfer,JS Consistency,cnrs_parent_0285,pattern_859,monoclinic,1,0.32146007335428795,0.4579743709487913,1,1,0,1,0,0.92333984375,0.0771484375,0.84619140625,0.8743896484375,-0.8447265625,1.7191162109375,AF06D30712879BDFE02D9C82E6C713BE6A66F1BD50937B2954EC66EE7A11171C
20260712,js_consistency_transfer,JS Consistency,cnrs_parent_0292,pattern_885,monoclinic,1,0.03871342852861437,0.0008170201352734063,0,1,1,1,1,0.99951171875,0.99658203125,0.0029296875,0.9989490509033203,0.9935970306396484,0.005352020263671875,AF06D30712879BDFE02D9C82E6C713BE6A66F1BD50937B2954EC66EE7A11171C
20260712,js_consistency_transfer,JS Consistency,cnrs_parent_0294,pattern_890,monoclinic,1,0.4311196105637304,0.6274597231469395,1,3,0,0,0,0.03985595703125,0.0012445449829101562,0.038611412048339844,-0.89227294921875,-0.9972906112670898,0.10501766204833984,AF06D30712879BDFE02D9C82E6C713BE6A66F1BD50937B2954EC66EE7A11171C
20260712,js_consistency_transfer,JS Consistency,cnrs_parent_0295,pattern_895,monoclinic,1,0.10706894027421587,0.010851639346639734,0,0,0,0,0,0.054840087890625,0.00818634033203125,0.04665374755859375,-0.887542724609375,-0.9835128784179688,0.09597015380859375,AF06D30712879BDFE02D9C82E6C713BE6A66F1BD50937B2954EC66EE7A11171C
20260712,js_consistency_transfer,JS Consistency,cnrs_parent_0296,pattern_896,monoclinic,1,0.04025227758569694,0.03638757381266179,0,1,1,1,1,0.58984375,0.83154296875,-0.24169921875,0.18115234375,0.6639404296875,-0.4827880859375,AF06D30712879BDFE02D9C82E6C713BE6A66F1BD50937B2954EC66EE7A11171C
20260712,js_consistency_transfer,JS Consistency,cnrs_parent_0297,pattern_906,monoclinic,1,0.05321836185273565,0.3096733816235752,1,1,0,1,0,0.796875,0.06610107421875,0.73077392578125,0.59375,-0.86798095703125,1.46173095703125,AF06D30712879BDFE02D9C82E6C713BE6A66F1BD50937B2954EC66EE7A11171C
20260712,js_consistency_transfer,JS Consistency,cnrs_parent_0298,pattern_907,monoclinic,1,0.10239966873544482,0.027089292165570218,0,0,0,0,0,0.049560546875,0.1527099609375,-0.1031494140625,-0.853271484375,-0.6925048828125,-0.1607666015625,AF06D30712879BDFE02D9C82E6C713BE6A66F1BD50937B2954EC66EE7A11171C
20260712,js_consistency_transfer,JS Consistency,cnrs_parent_0301,pattern_912,monoclinic,1,0.041554089034891106,0.00032451144290537414,0,1,1,1,1,0.99853515625,1.0,-0.00146484375,0.9971523284912109,0.9998822212219238,-0.0027298927307128906,AF06D30712879BDFE02D9C82E6C713BE6A66F1BD50937B2954EC66EE7A11171C
20260712,js_consistency_transfer,JS Consistency,cnrs_parent_0305,pattern_930,monoclinic,1,0.33193056999057524,0.6529262984862629,1,1,0,1,0,0.83154296875,0.0003859996795654297,0.8311569690704346,0.678955078125,-0.9991257190704346,1.6780807971954346,AF06D30712879BDFE02D9C82E6C713BE6A66F1BD50937B2954EC66EE7A11171C
20260712,js_consistency_transfer,JS Consistency,cnrs_parent_0306,pattern_938,monoclinic,1,0.046888386871522414,0.011690956635955149,0,0,0,0,0,0.045684814453125,0.00279998779296875,0.04288482666015625,-0.908416748046875,-0.9942703247070312,0.08585357666015625,AF06D30712879BDFE02D9C82E6C713BE6A66F1BD50937B2954EC66EE7A11171C
20260712,js_consistency_transfer,JS Consistency,cnrs_parent_0314,pattern_961,monoclinic,1,0.35169002967051244,0.5608249716048614,1,1,0,1,0,0.73681640625,0.0328369140625,0.7039794921875,0.505859375,-0.9344482421875,1.4403076171875,AF06D30712879BDFE02D9C82E6C713BE6A66F1BD50937B2954EC66EE7A11171C
20260712,js_consistency_transfer,JS Consistency,cnrs_parent_0320,pattern_977,monoclinic,1,0.13671003972211626,0.01213510197965989,0,1,1,1,1,0.98828125,0.96484375,0.0234375,0.9778671264648438,0.930511474609375,0.04735565185546875,AF06D30712879BDFE02D9C82E6C713BE6A66F1BD50937B2954EC66EE7A11171C
20260712,js_consistency_transfer,JS Consistency,cnrs_parent_0323,pattern_998,monoclinic,1,0.12798687892435334,0.2513467590768391,1,1,0,1,0,0.990234375,0.4091796875,0.5810546875,0.9832687377929688,-0.181640625,1.1649093627929688,AF06D30712879BDFE02D9C82E6C713BE6A66F1BD50937B2954EC66EE7A11171C
20260712,js_consistency_transfer,JS Consistency,cnrs_parent_0007,pattern_1021,monoclinic,1,0.6991337625706135,0.6905555914376591,1,1,0,1,0,0.9990234375,4.488229751586914e-05,0.9989785552024841,0.9984722137451172,-0.9999551177024841,1.9984273314476013,AF06D30712879BDFE02D9C82E6C713BE6A66F1BD50937B2954EC66EE7A11171C
20260712,js_consistency_transfer,JS Consistency,cnrs_parent_0008,pattern_1023,monoclinic,1,0.0745436693568502,0.0053953285822699645,0,0,0,0,0,0.019866943359375,0.0008969306945800781,0.018970012664794922,-0.960113525390625,-0.9981265068054199,0.03801298141479492,AF06D30712879BDFE02D9C82E6C713BE6A66F1BD50937B2954EC66EE7A11171C
20260712,js_consistency_transfer,JS Consistency,cnrs_parent_0014,pattern_1034,monoclinic,1,0.33600979226982397,0.003938607960642676,0,4,4,0,0,0.0024967193603515625,0.0004322528839111328,0.0020644664764404297,-0.9911556243896484,-0.9790599346160889,-0.01209568977355957,AF06D30712879BDFE02D9C82E6C713BE6A66F1BD50937B2954EC66EE7A11171C
20260712,js_consistency_transfer,JS Consistency,cnrs_parent_0020,pattern_1044,monoclinic,1,0.01155579254753758,0.0038572199598761884,1,0,1,0,1,0.445556640625,0.533203125,-0.087646484375,-0.109130859375,0.06640625,-0.175537109375,AF06D30712879BDFE02D9C82E6C713BE6A66F1BD50937B2954EC66EE7A11171C
20260712,js_consistency_transfer,JS Consistency,cnrs_parent_0021,pattern_1045,monoclinic,1,0.020418375822646384,0.1693190318418325,1,0,1,0,1,0.08447265625,0.615234375,-0.53076171875,-0.8310546875,0.230224609375,-1.061279296875,AF06D30712879BDFE02D9C82E6C713BE6A66F1BD50937B2954EC66EE7A11171C
20260712,js_consistency_transfer,JS Consistency,cnrs_parent_0070,pattern_20,orthorhombic,2,0.22441157471200956,0.4292012545029967,1,1,0,0,0,0.0007171630859375,0.0005941390991210938,0.00012302398681640625,-0.8903961181640625,-0.9549722671508789,0.0645761489868164,AF06D30712879BDFE02D9C82E6C713BE6A66F1BD50937B2954EC66EE7A11171C
20260712,js_consistency_transfer,JS Consistency,cnrs_parent_0163,pattern_47,orthorhombic,2,0.357021976345532,0.5387493613089606,1,2,0,1,0,0.6328125,0.0004405975341796875,0.6323719024658203,0.4661865234375,-0.8662586212158203,1.3324451446533203,AF06D30712879BDFE02D9C82E6C713BE6A66F1BD50937B2954EC66EE7A11171C
20260712,js_consistency_transfer,JS Consistency,cnrs_parent_0173,pattern_49,orthorhombic,2,0.04568713283052517,0.00197502921346462,0,1,1,0,0,1.7881393432617188e-06,8.624792098999023e-05,-8.445978164672852e-05,-0.9970685243606567,-0.98575359582901,-0.011314928531646729,AF06D30712879BDFE02D9C82E6C713BE6A66F1BD50937B2954EC66EE7A11171C
20260712,js_consistency_transfer,JS Consistency,cnrs_parent_0224,pattern_63,orthorhombic,2,0.42614344324288234,0.6228620845973345,1,4,1,0,0,0.0242462158203125,0.06365966796875,-0.0394134521484375,-0.9479217529296875,-0.83575439453125,-0.1121673583984375,AF06D30712879BDFE02D9C82E6C713BE6A66F1BD50937B2954EC66EE7A11171C
20260712,js_consistency_transfer,JS Consistency,cnrs_parent_0234,pattern_66,orthorhombic,2,0.04252330325360387,0.12827040684467544,0,1,1,0,0,0.432861328125,0.033111572265625,0.399749755859375,-0.125244140625,-0.922943115234375,0.797698974609375,AF06D30712879BDFE02D9C82E6C713BE6A66F1BD50937B2954EC66EE7A11171C
20260712,js_consistency_transfer,JS Consistency,cnrs_parent_0245,pattern_72,orthorhombic,2,0.37732935600180983,0.5335496770586209,1,1,0,0,0,0.1689453125,0.0010919570922851562,0.16785335540771484,-0.64794921875,-0.9134588241577148,0.26550960540771484,AF06D30712879BDFE02D9C82E6C713BE6A66F1BD50937B2954EC66EE7A11171C
20260712,js_consistency_transfer,JS Consistency,cnrs_parent_0293,pattern_89,orthorhombic,2,0.6216196790595531,0.6214999045875188,1,5,0,0,0,0.01094818115234375,1.5795230865478516e-05,0.010932385921478271,-0.7048721313476562,-0.8017420172691345,0.09686988592147827,AF06D30712879BDFE02D9C82E6C713BE6A66F1BD50937B2954EC66EE7A11171C
20260712,js_consistency_transfer,JS Consistency,cnrs_parent_0025,pattern_106,orthorhombic,2,1.2626023709901528,0.6921284231093279,1,1,5,0,0,0.00039196014404296875,0.01311492919921875,-0.012722969055175781,-0.999119758605957,-0.47541046142578125,-0.5237092971801758,AF06D30712879BDFE02D9C82E6C713BE6A66F1BD50937B2954EC66EE7A11171C
20260712,js_consistency_transfer,JS Consistency,cnrs_parent_0032,pattern_114,orthorhombic,2,0.9992132392881332,0.687491969052961,1,2,4,1,0,0.9990234375,0.0003809928894042969,0.9986424446105957,0.9980154037475586,-0.5879979133605957,1.5860133171081543,AF06D30712879BDFE02D9C82E6C713BE6A66F1BD50937B2954EC66EE7A11171C
20260712,js_consistency_transfer,JS Consistency,cnrs_parent_0033,pattern_116,orthorhombic,2,0.15380533704045718,0.20056023740393275,1,1,4,0,0,0.062286376953125,0.0004723072052001953,0.061814069747924805,-0.758026123046875,-0.6172034740447998,-0.1408226490020752,AF06D30712879BDFE02D9C82E6C713BE6A66F1BD50937B2954EC66EE7A11171C
20260712,js_consistency_transfer,JS Consistency,cnrs_parent_0034,pattern_117,orthorhombic,2,0.2611128645347994,0.13225038238846074,0,1,1,0,0,0.0155792236328125,0.007595062255859375,0.007984161376953125,-0.9561004638671875,-0.6100807189941406,-0.3460197448730469,AF06D30712879BDFE02D9C82E6C713BE6A66F1BD50937B2954EC66EE7A11171C
20260712,js_consistency_transfer,JS Consistency,cnrs_parent_0037,pattern_123,orthorhombic,2,0.4862717558821321,0.04896628100115652,0,2,2,1,1,0.85302734375,0.98876953125,-0.1357421875,0.73297119140625,0.9825248718261719,-0.24955368041992188,AF06D30712879BDFE02D9C82E6C713BE6A66F1BD50937B2954EC66EE7A11171C
20260712,js_consistency_transfer,JS Consistency,cnrs_parent_0043,pattern_131,orthorhombic,2,0.7857777308673061,0.6755000525722702,1,1,0,0,0,7.05718994140625e-05,6.318092346191406e-06,6.42538070678711e-05,-0.9882106781005859,-0.9995054006576538,0.011294722557067871,AF06D30712879BDFE02D9C82E6C713BE6A66F1BD50937B2954EC66EE7A11171C
20260712,js_consistency_transfer,JS Consistency,cnrs_parent_0044,pattern_132,orthorhombic,2,0.025604300458077156,0.04238682406773981,0,1,1,0,0,0.00045037269592285156,0.0001245737075805664,0.00032579898834228516,-0.9839246273040771,-0.8265355825424194,-0.15738904476165771,AF06D30712879BDFE02D9C82E6C713BE6A66F1BD50937B2954EC66EE7A11171C
20260712,js_consistency_transfer,JS Consistency,cnrs_parent_0045,pattern_135,orthorhombic,2,0.4340552014612271,0.2922668980691987,1,1,0,0,0,0.01393890380859375,2.956390380859375e-05,0.013909339904785156,-0.6047134399414062,-0.9965524673461914,0.39183902740478516,AF06D30712879BDFE02D9C82E6C713BE6A66F1BD50937B2954EC66EE7A11171C
20260712,js_consistency_transfer,JS Consistency,cnrs_parent_0046,pattern_136,orthorhombic,2,0.7843193377822077,0.6605363668128197,1,3,1,0,0,0.0231781005859375,0.01169586181640625,0.01148223876953125,-0.4880523681640625,-0.9516830444335938,0.46363067626953125,AF06D30712879BDFE02D9C82E6C713BE6A66F1BD50937B2954EC66EE7A11171C
20260712,js_consistency_transfer,JS Consistency,cnrs_parent_0048,pattern_148,orthorhombic,2,0.5587909386000631,0.43515789447653364,1,2,3,1,0,0.990234375,0.1693115234375,0.8209228515625,0.9804153442382812,-0.5172119140625,1.4976272583007812,AF06D30712879BDFE02D9C82E6C713BE6A66F1BD50937B2954EC66EE7A11171C
20260712,js_consistency_transfer,JS Consistency,cnrs_parent_0054,pattern_166,orthorhombic,2,0.061737944771495634,0.026374122686773915,0,1,1,0,0,1.7881393432617188e-07,2.980232238769531e-07,-1.1920928955078125e-07,-0.9995115399360657,-0.9228512644767761,-0.07666027545928955,AF06D30712879BDFE02D9C82E6C713BE6A66F1BD50937B2954EC66EE7A11171C
20260712,js_consistency_transfer,JS Consistency,cnrs_parent_0055,pattern_167,orthorhombic,2,0.12274703605886927,0.3928176152970887,1,1,0,0,0,0.25146484375,0.01861572265625,0.23284912109375,-0.4267578125,-0.86077880859375,0.43402099609375,AF06D30712879BDFE02D9C82E6C713BE6A66F1BD50937B2954EC66EE7A11171C
20260712,js_consistency_transfer,JS Consistency,cnrs_parent_0059,pattern_174,orthorhombic,2,0.5688693623439204,0.4754770116240847,1,1,2,0,1,0.1387939453125,0.99658203125,-0.8577880859375,-0.3880615234375,0.9932518005371094,-1.3813133239746094,AF06D30712879BDFE02D9C82E6C713BE6A66F1BD50937B2954EC66EE7A11171C
20260712,js_consistency_transfer,JS Consistency,cnrs_parent_0064,pattern_188,orthorhombic,2,1.5640642921489583,0.6930848720861791,1,0,4,0,0,2.7418136596679688e-06,0.0025119781494140625,-0.0025092363357543945,-0.7622042894363403,-0.6049098968505859,-0.1572943925857544,AF06D30712879BDFE02D9C82E6C713BE6A66F1BD50937B2954EC66EE7A11171C
20260712,js_consistency_transfer,JS Consistency,cnrs_parent_0076,pattern_212,orthorhombic,2,0.06814595378110422,0.06393237487209734,0,2,2,1,1,0.984375,0.7724609375,0.2119140625,0.9742584228515625,0.56201171875,0.4122467041015625,AF06D30712879BDFE02D9C82E6C713BE6A66F1BD50937B2954EC66EE7A11171C
20260712,js_consistency_transfer,JS Consistency,cnrs_parent_0078,pattern_220,orthorhombic,2,0.01537980220641022,0.029537466124555822,0,0,0,0,0,0.1046142578125,0.006900787353515625,0.09771347045898438,-0.6683349609375,-0.8969078063964844,0.22857284545898438,AF06D30712879BDFE02D9C82E6C713BE6A66F1BD50937B2954EC66EE7A11171C
20260712,js_consistency_transfer,JS Consistency,cnrs_parent_0079,pattern_223,orthorhombic,2,0.26622974903486907,0.6509610448095825,1,1,0,0,0,0.00024080276489257812,0.0007843971252441406,-0.0005435943603515625,-0.9904818534851074,-0.9933562278747559,0.0028743743896484375,AF06D30712879BDFE02D9C82E6C713BE6A66F1BD50937B2954EC66EE7A11171C
20260712,js_consistency_transfer,JS Consistency,cnrs_parent_0082,pattern_227,orthorhombic,2,0.1307284889013849,0.014411714140686024,0,1,1,0,0,0.00963592529296875,4.76837158203125e-07,0.009635448455810547,-0.8087234497070312,-0.7231440544128418,-0.08557939529418945,AF06D30712879BDFE02D9C82E6C713BE6A66F1BD50937B2954EC66EE7A11171C
20260712,js_consistency_transfer,JS Consistency,cnrs_parent_0086,pattern_238,orthorhombic,2,0.043917408122379875,0.0741858201842065,0,1,1,0,0,1.2934207916259766e-05,2.9325485229492188e-05,-1.6391277313232422e-05,-0.9516472220420837,-0.6620800495147705,-0.28956717252731323,AF06D30712879BDFE02D9C82E6C713BE6A66F1BD50937B2954EC66EE7A11171C
20260712,js_consistency_transfer,JS Consistency,cnrs_parent_0090,pattern_242,orthorhombic,2,0.013626232287679785,0.09839140986690714,0,0,0,0,0,0.06103515625,0.42041015625,-0.359375,-0.8642578125,-0.14111328125,-0.72314453125,AF06D30712879BDFE02D9C82E6C713BE6A66F1BD50937B2954EC66EE7A11171C
20260712,js_consistency_transfer,JS Consistency,cnrs_parent_0100,pattern_268,orthorhombic,2,0.25266520312500185,0.2904122813911689,1,2,0,1,0,0.455078125,8.845329284667969e-05,0.4549896717071533,0.116943359375,-0.8661224842071533,0.9830658435821533,AF06D30712879BDFE02D9C82E6C713BE6A66F1BD50937B2954EC66EE7A11171C
20260712,js_consistency_transfer,JS Consistency,cnrs_parent_0114,pattern_319,orthorhombic,2,0.5797099426708469,0.6784942841722958,1,1,2,0,1,0.004512786865234375,1.0,-0.9954872131347656,-0.7840614318847656,0.9999783039093018,-1.7840397357940674,AF06D30712879BDFE02D9C82E6C713BE6A66F1BD50937B2954EC66EE7A11171C
20260712,js_consistency_transfer,JS Consistency,cnrs_parent_0119,pattern_334,orthorhombic,2,0.11858109868782629,0.004925233922501017,0,0,0,0,0,0.000339508056640625,0.0001188516616821289,0.0002206563949584961,-0.9732933044433594,-0.9686311483383179,-0.004662156105041504,AF06D30712879BDFE02D9C82E6C713BE6A66F1BD50937B2954EC66EE7A11171C
20260712,js_consistency_transfer,JS Consistency,cnrs_parent_0120,pattern_341,orthorhombic,2,0.16407793398478254,0.3089800102204126,1,2,0,1,0,0.6337890625,0.0018205642700195312,0.6319684982299805,0.350341796875,-0.9410505294799805,1.2913923263549805,AF06D30712879BDFE02D9C82E6C713BE6A66F1BD50937B2954EC66EE7A11171C
20260712,js_consistency_transfer,JS Consistency,cnrs_parent_0136,pattern_382,orthorhombic,2,0.10778616222032589,0.0008968224821752978,0,1,1,0,0,0.00027298927307128906,2.384185791015625e-07,0.0002727508544921875,-0.6745316982269287,-0.6826169490814209,0.008085250854492188,AF06D30712879BDFE02D9C82E6C713BE6A66F1BD50937B2954EC66EE7A11171C
20260712,js_consistency_transfer,JS Consistency,cnrs_parent_0139,pattern_395,orthorhombic,2,0.040443283313227774,0.17232510176893273,1,1,0,0,0,0.0653076171875,0.002529144287109375,0.06277847290039062,-0.4708251953125,-0.9232521057128906,0.4524269104003906,AF06D30712879BDFE02D9C82E6C713BE6A66F1BD50937B2954EC66EE7A11171C
20260712,js_consistency_transfer,JS Consistency,cnrs_parent_0150,pattern_427,orthorhombic,2,0.27089063795032187,0.6654557520791982,1,1,0,0,0,5.08427619934082e-05,0.0,5.08427619934082e-05,-0.9960429072380066,-0.9951171875,-0.0009257197380065918,AF06D30712879BDFE02D9C82E6C713BE6A66F1BD50937B2954EC66EE7A11171C
20260712,js_consistency_transfer,JS Consistency,cnrs_parent_0152,pattern_439,orthorhombic,2,0.8925631822202129,0.688088250345996,1,4,1,0,0,0.00778961181640625,0.00026106834411621094,0.007528543472290039,-0.9365463256835938,-0.9982740879058838,0.06172776222229004,AF06D30712879BDFE02D9C82E6C713BE6A66F1BD50937B2954EC66EE7A11171C
20260712,js_consistency_transfer,JS Consistency,cnrs_parent_0156,pattern_451,orthorhombic,2,0.39860434587130134,0.6881530548529342,1,2,0,1,0,0.9443359375,0.00046324729919433594,0.9438726902008057,0.888946533203125,-0.9980719089508057,1.8870184421539307,AF06D30712879BDFE02D9C82E6C713BE6A66F1BD50937B2954EC66EE7A11171C
20260712,js_consistency_transfer,JS Consistency,cnrs_parent_0164,pattern_470,orthorhombic,2,1.440272993913945,0.6846952225497491,1,0,4,0,0,0.2205810546875,0.0031452178955078125,0.2174358367919922,-0.2249755859375,-0.9680461883544922,0.7430706024169922,AF06D30712879BDFE02D9C82E6C713BE6A66F1BD50937B2954EC66EE7A11171C
20260712,js_consistency_transfer,JS Consistency,cnrs_parent_0167,pattern_476,orthorhombic,2,0.6389006727345622,0.6277628996798874,1,4,1,0,0,0.0003886222839355469,0.042236328125,-0.04184770584106445,-0.9771504402160645,-0.861083984375,-0.11606645584106445,AF06D30712879BDFE02D9C82E6C713BE6A66F1BD50937B2954EC66EE7A11171C
20260712,js_consistency_transfer,JS Consistency,cnrs_parent_0168,pattern_479,orthorhombic,2,0.2664632318169191,0.4840514380715234,1,1,0,0,0,0.10400390625,0.03729248046875,0.06671142578125,-0.77734375,-0.84844970703125,0.07110595703125,AF06D30712879BDFE02D9C82E6C713BE6A66F1BD50937B2954EC66EE7A11171C
20260712,js_consistency_transfer,JS Consistency,cnrs_parent_0171,pattern_485,orthorhombic,2,0.2386714640296238,0.02551282005082128,0,2,2,1,1,1.0,0.92822265625,0.07177734375,0.9999964833259583,0.875640869140625,0.12435561418533325,AF06D30712879BDFE02D9C82E6C713BE6A66F1BD50937B2954EC66EE7A11171C
20260712,js_consistency_transfer,JS Consistency,cnrs_parent_0172,pattern_487,orthorhombic,2,0.09724450154532305,0.3795460338815354,1,1,0,0,0,0.01168060302734375,0.0004119873046875,0.01126861572265625,-0.9609756469726562,-0.7925567626953125,-0.16841888427734375,AF06D30712879BDFE02D9C82E6C713BE6A66F1BD50937B2954EC66EE7A11171C
20260712,js_consistency_transfer,JS Consistency,cnrs_parent_0177,pattern_498,orthorhombic,2,0.25697786043807846,0.03133473110403327,0,2,2,1,1,0.99609375,0.896484375,0.099609375,0.9936771392822266,0.8126220703125,0.18105506896972656,AF06D30712879BDFE02D9C82E6C713BE6A66F1BD50937B2954EC66EE7A11171C
20260712,js_consistency_transfer,JS Consistency,cnrs_parent_0184,pattern_532,orthorhombic,2,0.33375998891105496,0.08334440723569495,0,1,1,0,0,0.016448974609375,2.390146255493164e-05,0.01642507314682007,-0.965972900390625,-0.7846440672874451,-0.18132883310317993,AF06D30712879BDFE02D9C82E6C713BE6A66F1BD50937B2954EC66EE7A11171C
20260712,js_consistency_transfer,JS Consistency,cnrs_parent_0187,pattern_541,orthorhombic,2,0.1278032683381668,0.030282715868798868,0,1,1,0,0,1.2278556823730469e-05,3.159046173095703e-06,9.119510650634766e-06,-0.8261595964431763,-0.9663054347038269,0.14014583826065063,AF06D30712879BDFE02D9C82E6C713BE6A66F1BD50937B2954EC66EE7A11171C
20260712,js_consistency_transfer,JS Consistency,cnrs_parent_0192,pattern_553,orthorhombic,2,0.06991155956649098,0.03628941129236431,0,1,1,0,0,0.04058837890625,0.0009183883666992188,0.03966999053955078,-0.85003662109375,-0.7749605178833008,-0.07507610321044922,AF06D30712879BDFE02D9C82E6C713BE6A66F1BD50937B2954EC66EE7A11171C
20260712,js_consistency_transfer,JS Consistency,cnrs_parent_0194,pattern_559,orthorhombic,2,0.7819686653514082,0.6101785697782622,1,4,0,0,0,0.153564453125,0.002105712890625,0.151458740234375,-0.432861328125,-0.994964599609375,0.562103271484375,AF06D30712879BDFE02D9C82E6C713BE6A66F1BD50937B2954EC66EE7A11171C
20260712,js_consistency_transfer,JS Consistency,cnrs_parent_0197,pattern_566,orthorhombic,2,0.10469702563656735,0.3837300836397275,1,1,2,0,1,0.01428985595703125,0.791015625,-0.7767257690429688,-0.7274093627929688,0.6103515625,-1.3377609252929688,AF06D30712879BDFE02D9C82E6C713BE6A66F1BD50937B2954EC66EE7A11171C
20260712,js_consistency_transfer,JS Consistency,cnrs_parent_0202,pattern_577,orthorhombic,2,0.0016495807847425326,1.2869379355415724e-05,0,0,0,0,0,0.0001932382583618164,0.0001195669174194336,7.367134094238281e-05,-0.9993184804916382,-0.9993921518325806,7.367134094238281e-05,AF06D30712879BDFE02D9C82E6C713BE6A66F1BD50937B2954EC66EE7A11171C
20260712,js_consistency_transfer,JS Consistency,cnrs_parent_0204,pattern_581,orthorhombic,2,0.14525608077360141,0.006509031304966922,0,1,1,0,0,0.0015697479248046875,2.0802021026611328e-05,0.0015489459037780762,-0.9378833770751953,-0.9819127917289734,0.044029414653778076,AF06D30712879BDFE02D9C82E6C713BE6A66F1BD50937B2954EC66EE7A11171C
20260712,js_consistency_transfer,JS Consistency,cnrs_parent_0206,pattern_583,orthorhombic,2,0.0024209803626571436,0.007321944092914572,1,2,3,1,0,0.469970703125,0.353515625,0.116455078125,0.131591796875,-0.039306640625,0.1708984375,AF06D30712879BDFE02D9C82E6C713BE6A66F1BD50937B2954EC66EE7A11171C
20260712,js_consistency_transfer,JS Consistency,cnrs_parent_0227,pattern_634,orthorhombic,2,0.41778154769064346,0.6893270211952629,1,1,0,0,0,0.0,2.6106834411621094e-05,-2.6106834411621094e-05,-0.99951171875,-0.9994856119155884,-2.6106834411621094e-05,AF06D30712879BDFE02D9C82E6C713BE6A66F1BD50937B2954EC66EE7A11171C
20260712,js_consistency_transfer,JS Consistency,cnrs_parent_0230,pattern_646,orthorhombic,2,0.34826773185229254,0.007212946060078627,0,1,1,0,0,0.0020618438720703125,1.0013580322265625e-05,0.002051830291748047,-0.9906139373779297,-0.9829001426696777,-0.007713794708251953,AF06D30712879BDFE02D9C82E6C713BE6A66F1BD50937B2954EC66EE7A11171C
20260712,js_consistency_transfer,JS Consistency,cnrs_parent_0235,pattern_660,orthorhombic,2,0.38146899854115,0.0860301555027746,0,2,2,1,1,0.99169921875,0.74267578125,0.2490234375,0.983734130859375,0.61767578125,0.366058349609375,AF06D30712879BDFE02D9C82E6C713BE6A66F1BD50937B2954EC66EE7A11171C
20260712,js_consistency_transfer,JS Consistency,cnrs_parent_0242,pattern_697,orthorhombic,2,0.014287065795678289,0.007322521373885281,0,0,0,0,0,1.0311603546142578e-05,1.3113021850585938e-06,9.000301361083984e-06,-0.9633685946464539,-0.9956041574478149,0.032235562801361084,AF06D30712879BDFE02D9C82E6C713BE6A66F1BD50937B2954EC66EE7A11171C
20260712,js_consistency_transfer,JS Consistency,cnrs_parent_0256,pattern_760,orthorhombic,2,1.095124833595256,0.5525295657853896,1,0,4,0,0,0.03277587890625,0.435791015625,-0.40301513671875,-0.73382568359375,-0.077392578125,-0.65643310546875,AF06D30712879BDFE02D9C82E6C713BE6A66F1BD50937B2954EC66EE7A11171C
20260712,js_consistency_transfer,JS Consistency,cnrs_parent_0261,pattern_781,orthorhombic,2,0.41121948759611526,0.5264374841513934,1,4,0,0,0,0.386962890625,8.285045623779297e-06,0.3869546055793762,-0.10986328125,-0.9999917149543762,0.8901284337043762,AF06D30712879BDFE02D9C82E6C713BE6A66F1BD50937B2954EC66EE7A11171C
20260712,js_consistency_transfer,JS Consistency,cnrs_parent_0262,pattern_784,orthorhombic,2,0.4612393957213664,0.3779117251456895,1,2,0,1,0,0.8125,0.036773681640625,0.775726318359375,0.6282958984375,-0.746429443359375,1.374725341796875,AF06D30712879BDFE02D9C82E6C713BE6A66F1BD50937B2954EC66EE7A11171C
20260712,js_consistency_transfer,JS Consistency,cnrs_parent_0267,pattern_800,orthorhombic,2,0.026669295901781465,0.09420175996802516,0,0,0,0,0,0.07958984375,0.008148193359375,0.071441650390625,-0.439453125,-0.890289306640625,0.450836181640625,AF06D30712879BDFE02D9C82E6C713BE6A66F1BD50937B2954EC66EE7A11171C
20260712,js_consistency_transfer,JS Consistency,cnrs_parent_0281,pattern_845,orthorhombic,2,0.09586858698420953,0.0011877211767788904,0,0,0,0,0,0.0006909370422363281,8.285045623779297e-06,0.0006826519966125488,-0.9202075004577637,-0.9370034337043762,0.01679593324661255,AF06D30712879BDFE02D9C82E6C713BE6A66F1BD50937B2954EC66EE7A11171C
20260712,js_consistency_transfer,JS Consistency,cnrs_parent_0283,pattern_855,orthorhombic,2,0.9966244790008518,0.6890432858201418,1,3,1,0,0,0.09442138671875,0.0015916824340820312,0.09282970428466797,-0.80792236328125,-0.996455192565918,0.18853282928466797,AF06D30712879BDFE02D9C82E6C713BE6A66F1BD50937B2954EC66EE7A11171C
20260712,js_consistency_transfer,JS Consistency,cnrs_parent_0286,pattern_861,orthorhombic,2,0.018009288149407943,0.0036490727354031322,0,0,0,0,0,0.01186370849609375,0.012969970703125,-0.00110626220703125,-0.7166519165039062,-0.636932373046875,-0.07971954345703125,AF06D30712879BDFE02D9C82E6C713BE6A66F1BD50937B2954EC66EE7A11171C
20260712,js_consistency_transfer,JS Consistency,cnrs_parent_0287,pattern_868,orthorhombic,2,0.18374595386517267,0.05438424834291625,1,1,0,0,0,0.002948760986328125,0.0003254413604736328,0.002623319625854492,-0.4609184265136719,-0.6666667461395264,0.2057483196258545,AF06D30712879BDFE02D9C82E6C713BE6A66F1BD50937B2954EC66EE7A11171C
20260712,js_consistency_transfer,JS Consistency,cnrs_parent_0299,pattern_908,orthorhombic,2,0.5055987849019904,0.48481051484346704,1,2,3,1,0,0.6416015625,0.047943115234375,0.593658447265625,0.4678955078125,-0.821685791015625,1.289581298828125,AF06D30712879BDFE02D9C82E6C713BE6A66F1BD50937B2954EC66EE7A11171C
20260712,js_consistency_transfer,JS Consistency,cnrs_parent_0307,pattern_939,orthorhombic,2,0.5070444871081947,0.6552488829640997,1,2,0,1,0,0.99169921875,0.005062103271484375,0.9866371154785156,0.9851226806640625,-0.3543128967285156,1.3394355773925781,AF06D30712879BDFE02D9C82E6C713BE6A66F1BD50937B2954EC66EE7A11171C
20260712,js_consistency_transfer,JS Consistency,cnrs_parent_0310,pattern_950,orthorhombic,2,0.5086623024242651,0.5085843471180563,1,3,0,0,0,0.039825439453125,0.002674102783203125,0.037151336669921875,-0.850799560546875,-0.5315055847167969,-0.3192939758300781,AF06D30712879BDFE02D9C82E6C713BE6A66F1BD50937B2954EC66EE7A11171C
20260712,js_consistency_transfer,JS Consistency,cnrs_parent_0312,pattern_958,orthorhombic,2,0.028268991698207624,0.001986185245599635,0,1,1,0,0,8.296966552734375e-05,8.237361907958984e-05,5.960464477539062e-07,-0.9862451553344727,-0.9672027826309204,-0.019042372703552246,AF06D30712879BDFE02D9C82E6C713BE6A66F1BD50937B2954EC66EE7A11171C
20260712,js_consistency_transfer,JS Consistency,cnrs_parent_0318,pattern_972,orthorhombic,2,0.6301471132247536,0.6787864820310522,1,4,1,0,0,0.1693115234375,1.4722347259521484e-05,0.16929680109024048,-0.6348876953125,-0.5527196526527405,-0.08216804265975952,AF06D30712879BDFE02D9C82E6C713BE6A66F1BD50937B2954EC66EE7A11171C
20260712,js_consistency_transfer,JS Consistency,cnrs_parent_0002,pattern_1010,orthorhombic,2,0.6818504704793362,0.5920236092019349,1,2,4,1,0,0.87353515625,0.00011414289474487305,0.8734210133552551,0.81268310546875,-0.5784991383552551,1.3911822438240051,AF06D30712879BDFE02D9C82E6C713BE6A66F1BD50937B2954EC66EE7A11171C
20260712,js_consistency_transfer,JS Consistency,cnrs_parent_0003,pattern_1013,orthorhombic,2,0.11750076089300143,0.2791040742105861,1,1,0,0,0,0.0004706382751464844,0.0015935897827148438,-0.0011229515075683594,-0.9829277992248535,-0.6590509414672852,-0.32387685775756836,AF06D30712879BDFE02D9C82E6C713BE6A66F1BD50937B2954EC66EE7A11171C
20260712,js_consistency_transfer,JS Consistency,cnrs_parent_0004,pattern_1018,orthorhombic,2,0.8126635711915411,0.6454761052191325,1,5,1,0,0,0.0070953369140625,0.00202178955078125,0.00507354736328125,-0.9665374755859375,-0.8641891479492188,-0.10234832763671875,AF06D30712879BDFE02D9C82E6C713BE6A66F1BD50937B2954EC66EE7A11171C
20260712,js_consistency_transfer,JS Consistency,cnrs_parent_0009,pattern_1024,orthorhombic,2,0.7723251481455672,0.6815214532949614,1,4,1,0,0,0.01168060302734375,0.0015592575073242188,0.010121345520019531,-0.49173736572265625,-0.9955110549926758,0.5037736892700195,AF06D30712879BDFE02D9C82E6C713BE6A66F1BD50937B2954EC66EE7A11171C
20260712,js_consistency_transfer,JS Consistency,cnrs_parent_0010,pattern_1028,orthorhombic,2,0.03369249820484044,0.18945844074335425,1,1,0,0,0,1.3709068298339844e-06,6.735324859619141e-06,-5.364418029785156e-06,-0.6425767540931702,-0.9208917021751404,0.2783149480819702,AF06D30712879BDFE02D9C82E6C713BE6A66F1BD50937B2954EC66EE7A11171C
20260712,js_consistency_transfer,JS Consistency,cnrs_parent_0013,pattern_1032,orthorhombic,2,0.039092614018426675,0.023713594691861073,0,1,1,0,0,0.0013675689697265625,0.0007958412170410156,0.0005717277526855469,-0.7784175872802734,-0.928403377532959,0.14998579025268555,AF06D30712879BDFE02D9C82E6C713BE6A66F1BD50937B2954EC66EE7A11171C
20260712,js_consistency_transfer,JS Consistency,cnrs_parent_0016,pattern_1038,orthorhombic,2,0.6001952810370521,0.4367106086374115,1,4,1,0,0,0.0005893707275390625,0.08984375,-0.08925437927246094,-0.9686489105224609,-0.615234375,-0.35341453552246094,AF06D30712879BDFE02D9C82E6C713BE6A66F1BD50937B2954EC66EE7A11171C
20260712,js_consistency_transfer,JS Consistency,cnrs_parent_0017,pattern_1039,orthorhombic,2,0.2138634375874543,0.12001739828847383,0,1,1,0,0,0.3046875,0.0012922286987304688,0.30339527130126953,-0.156494140625,-0.7540788650512695,0.5975847244262695,AF06D30712879BDFE02D9C82E6C713BE6A66F1BD50937B2954EC66EE7A11171C
20260712,js_consistency_transfer,JS Consistency,cnrs_parent_0018,pattern_1040,orthorhombic,2,0.5513367145722817,0.0661041213051888,0,2,2,1,1,0.80712890625,0.98779296875,-0.1806640625,0.646240234375,0.9808578491210938,-0.33461761474609375,AF06D30712879BDFE02D9C82E6C713BE6A66F1BD50937B2954EC66EE7A11171C
20260712,js_consistency_transfer,JS Consistency,cnrs_parent_0019,pattern_1043,orthorhombic,2,0.0049162707793929394,0.024919948408272448,0,1,1,0,0,0.01308441162109375,0.03887939453125,-0.02579498291015625,-0.9258804321289062,-0.75115966796875,-0.17472076416015625,AF06D30712879BDFE02D9C82E6C713BE6A66F1BD50937B2954EC66EE7A11171C
20260712,js_consistency_transfer,JS Consistency,cnrs_parent_0133,pattern_37,tetragonal,3,0.9077998803385332,0.683643659306898,1,3,2,1,0,0.99365234375,0.000827789306640625,0.9928245544433594,0.989166259765625,-0.6305198669433594,1.6196861267089844,AF06D30712879BDFE02D9C82E6C713BE6A66F1BD50937B2954EC66EE7A11171C
20260712,js_consistency_transfer,JS Consistency,cnrs_parent_0203,pattern_58,tetragonal,3,0.7361654387158043,0.6884731193512907,1,3,4,1,0,1.0,0.0010166168212890625,0.9989833831787109,0.9998735189437866,-0.8564052581787109,1.8562787771224976,AF06D30712879BDFE02D9C82E6C713BE6A66F1BD50937B2954EC66EE7A11171C
20260712,js_consistency_transfer,JS Consistency,cnrs_parent_0222,pattern_62,tetragonal,3,0.07823284981849454,0.02214995476648459,0,1,1,0,0,1.1920928955078125e-06,4.76837158203125e-06,-3.5762786865234375e-06,-0.9995105266571045,-0.934565544128418,-0.06494498252868652,AF06D30712879BDFE02D9C82E6C713BE6A66F1BD50937B2954EC66EE7A11171C
20260712,js_consistency_transfer,JS Consistency,cnrs_parent_0264,pattern_79,tetragonal,3,0.19099948897573793,0.0008176513116867948,0,3,3,1,1,0.99755859375,1.0,-0.00244140625,0.9957132339477539,0.9999969601631165,-0.004283726215362549,AF06D30712879BDFE02D9C82E6C713BE6A66F1BD50937B2954EC66EE7A11171C
20260712,js_consistency_transfer,JS Consistency,cnrs_parent_0023,pattern_105,tetragonal,3,0.630335831029492,0.4964314315862242,1,3,2,1,0,1.0,0.12481689453125,0.87518310546875,0.9998563528060913,-0.54461669921875,1.5444730520248413,AF06D30712879BDFE02D9C82E6C713BE6A66F1BD50937B2954EC66EE7A11171C
20260712,js_consistency_transfer,JS Consistency,cnrs_parent_0038,pattern_124,tetragonal,3,0.7846072222644084,0.6774781532048575,1,3,0,1,0,0.771484375,6.377696990966797e-06,0.771477997303009,0.5517578125,-0.811517059803009,1.363274872303009,AF06D30712879BDFE02D9C82E6C713BE6A66F1BD50937B2954EC66EE7A11171C
20260712,js_consistency_transfer,JS Consistency,cnrs_parent_0052,pattern_156,tetragonal,3,0.660028894015291,0.5492032290959914,1,2,0,0,0,0.04931640625,5.960464477539062e-07,0.049315810203552246,-0.7265625,-0.7622064352035522,0.035643935203552246,AF06D30712879BDFE02D9C82E6C713BE6A66F1BD50937B2954EC66EE7A11171C
20260712,js_consistency_transfer,JS Consistency,cnrs_parent_0071,pattern_203,tetragonal,3,0.913653484376225,0.689907445720694,1,3,4,1,0,0.998046875,0.0004925727844238281,0.9975543022155762,0.9963827133178711,-0.9946246147155762,1.9910073280334473,AF06D30712879BDFE02D9C82E6C713BE6A66F1BD50937B2954EC66EE7A11171C
20260712,js_consistency_transfer,JS Consistency,cnrs_parent_0103,pattern_274,tetragonal,3,0.2662379658082482,0.5417766773280428,1,3,4,1,0,0.97216796875,0.0794677734375,0.8927001953125,0.9505157470703125,-0.8350830078125,1.7855987548828125,AF06D30712879BDFE02D9C82E6C713BE6A66F1BD50937B2954EC66EE7A11171C
20260712,js_consistency_transfer,JS Consistency,cnrs_parent_0104,pattern_278,tetragonal,3,0.03077389084917348,0.10896931848911175,1,4,0,0,0,0.0009212493896484375,0.00010311603546142578,0.0008181333541870117,-0.5474185943603516,-0.5125921964645386,-0.03482639789581299,AF06D30712879BDFE02D9C82E6C713BE6A66F1BD50937B2954EC66EE7A11171C
20260712,js_consistency_transfer,JS Consistency,cnrs_parent_0106,pattern_283,tetragonal,3,0.05208374381409808,0.0033516697213962655,0,0,0,0,0,2.086162567138672e-06,1.8477439880371094e-06,2.384185791015625e-07,-0.9995096325874329,-0.988767683506012,-0.010741949081420898,AF06D30712879BDFE02D9C82E6C713BE6A66F1BD50937B2954EC66EE7A11171C
20260712,js_consistency_transfer,JS Consistency,cnrs_parent_0107,pattern_288,tetragonal,3,0.8771679371518548,0.663847229781056,1,3,0,1,0,0.900390625,9.900331497192383e-05,0.9002916216850281,0.84088134765625,-0.9691392779350281,1.810020625591278,AF06D30712879BDFE02D9C82E6C713BE6A66F1BD50937B2954EC66EE7A11171C
20260712,js_consistency_transfer,JS Consistency,cnrs_parent_0108,pattern_294,tetragonal,3,1.7864178505147335,0.6930825834276898,1,6,1,0,0,0.002460479736328125,0.0,0.002460479736328125,-0.4621391296386719,-0.79052734375,0.3283882141113281,AF06D30712879BDFE02D9C82E6C713BE6A66F1BD50937B2954EC66EE7A11171C
20260712,js_consistency_transfer,JS Consistency,cnrs_parent_0117,pattern_324,tetragonal,3,0.15853461345171527,0.3974468313698684,1,3,2,1,0,0.99951171875,0.2265625,0.77294921875,0.9990034103393555,-0.54296875,1.5419721603393555,AF06D30712879BDFE02D9C82E6C713BE6A66F1BD50937B2954EC66EE7A11171C
20260712,js_consistency_transfer,JS Consistency,cnrs_parent_0118,pattern_327,tetragonal,3,0.23642215955378498,0.5986539486530422,1,4,0,0,0,0.041595458984375,0.0003807544708251953,0.041214704513549805,-0.857818603515625,-0.9439551830291748,0.0861365795135498,AF06D30712879BDFE02D9C82E6C713BE6A66F1BD50937B2954EC66EE7A11171C
20260712,js_consistency_transfer,JS Consistency,cnrs_parent_0144,pattern_409,tetragonal,3,1.4972155958604474,0.6922479503942153,1,3,1,1,0,0.517578125,0.0,0.517578125,0.086669921875,-0.99462890625,1.081298828125,AF06D30712879BDFE02D9C82E6C713BE6A66F1BD50937B2954EC66EE7A11171C
20260712,js_consistency_transfer,JS Consistency,cnrs_parent_0155,pattern_448,tetragonal,3,0.14580087063559177,0.01247349513965839,0,3,3,1,1,0.98828125,0.92822265625,0.06005859375,0.97650146484375,0.85638427734375,0.1201171875,AF06D30712879BDFE02D9C82E6C713BE6A66F1BD50937B2954EC66EE7A11171C
20260712,js_consistency_transfer,JS Consistency,cnrs_parent_0166,pattern_475,tetragonal,3,0.2229915325510493,0.511977194114893,1,3,4,1,0,0.73974609375,0.024200439453125,0.715545654296875,0.5924072265625,-0.946014404296875,1.538421630859375,AF06D30712879BDFE02D9C82E6C713BE6A66F1BD50937B2954EC66EE7A11171C
20260712,js_consistency_transfer,JS Consistency,cnrs_parent_0185,pattern_533,tetragonal,3,1.2747720165036536,0.5026746562532644,1,2,1,0,0,0.002349853515625,4.76837158203125e-07,0.002349376678466797,-0.545501708984375,-0.7841792106628418,0.2386775016784668,AF06D30712879BDFE02D9C82E6C713BE6A66F1BD50937B2954EC66EE7A11171C
20260712,js_consistency_transfer,JS Consistency,cnrs_parent_0201,pattern_576,tetragonal,3,0.41705544207883594,0.6433551630534002,1,3,4,1,0,0.9365234375,0.0050201416015625,0.9315032958984375,0.900634765625,-0.9617767333984375,1.8624114990234375,AF06D30712879BDFE02D9C82E6C713BE6A66F1BD50937B2954EC66EE7A11171C
20260712,js_consistency_transfer,JS Consistency,cnrs_parent_0215,pattern_606,tetragonal,3,0.031221699404095804,0.0030001675127302183,0,0,0,0,0,5.960464477539063e-08,1.1920928955078125e-07,-5.960464477539063e-08,-0.8129882216453552,-0.7490233182907104,-0.06396490335464478,AF06D30712879BDFE02D9C82E6C713BE6A66F1BD50937B2954EC66EE7A11171C
20260712,js_consistency_transfer,JS Consistency,cnrs_parent_0218,pattern_615,tetragonal,3,0.32021614441883317,0.5222719423459158,1,3,4,1,0,0.5205078125,0.00688934326171875,0.5136184692382812,0.153076171875,-0.9804153442382812,1.1334915161132812,AF06D30712879BDFE02D9C82E6C713BE6A66F1BD50937B2954EC66EE7A11171C
20260712,js_consistency_transfer,JS Consistency,cnrs_parent_0225,pattern_631,tetragonal,3,0.9959945831113958,0.3359535477255176,1,4,0,0,0,0.0899658203125,0.0287322998046875,0.0612335205078125,-0.3826904296875,-0.5283966064453125,0.1457061767578125,AF06D30712879BDFE02D9C82E6C713BE6A66F1BD50937B2954EC66EE7A11171C
20260712,js_consistency_transfer,JS Consistency,cnrs_parent_0226,pattern_633,tetragonal,3,0.7662818542078326,0.6437479159442729,1,3,6,1,0,0.6103515625,0.0094451904296875,0.6009063720703125,0.31982421875,-0.9612579345703125,1.2810821533203125,AF06D30712879BDFE02D9C82E6C713BE6A66F1BD50937B2954EC66EE7A11171C
20260712,js_consistency_transfer,JS Consistency,cnrs_parent_0228,pattern_638,tetragonal,3,0.07807046208911494,0.13513880838209485,1,2,1,0,0,0.300048828125,0.158935546875,0.14111328125,-0.119873046875,-0.602294921875,0.482421875,AF06D30712879BDFE02D9C82E6C713BE6A66F1BD50937B2954EC66EE7A11171C
20260712,js_consistency_transfer,JS Consistency,cnrs_parent_0231,pattern_648,tetragonal,3,0.8595408980693746,0.46906546500995316,1,4,1,0,0,0.0706787109375,4.172325134277344e-07,0.07067829370498657,-0.3223876953125,-0.5786128640174866,0.2562251687049866,AF06D30712879BDFE02D9C82E6C713BE6A66F1BD50937B2954EC66EE7A11171C
20260712,js_consistency_transfer,JS Consistency,cnrs_parent_0239,pattern_682,tetragonal,3,0.15943891413955757,0.23027568502902795,1,1,4,0,0,0.00909423828125,0.0010862350463867188,0.008008003234863281,-0.94500732421875,-0.6131715774536133,-0.3318357467651367,AF06D30712879BDFE02D9C82E6C713BE6A66F1BD50937B2954EC66EE7A11171C
20260712,js_consistency_transfer,JS Consistency,cnrs_parent_0247,pattern_724,tetragonal,3,0.4252044065675412,0.3982358699304721,1,3,1,1,0,1.0,0.2274169921875,0.7725830078125,0.9999025464057922,-0.5035400390625,1.5034425854682922,AF06D30712879BDFE02D9C82E6C713BE6A66F1BD50937B2954EC66EE7A11171C
20260712,js_consistency_transfer,JS Consistency,cnrs_parent_0250,pattern_744,tetragonal,3,0.5659512459447731,0.666770032553746,1,3,4,1,0,0.99609375,0.00539398193359375,0.9906997680664062,0.9934196472167969,-0.6689224243164062,1.6623420715332031,AF06D30712879BDFE02D9C82E6C713BE6A66F1BD50937B2954EC66EE7A11171C
20260712,js_consistency_transfer,JS Consistency,cnrs_parent_0252,pattern_751,tetragonal,3,1.331583888049086,0.6931096907268953,1,6,0,0,0,5.960464477539063e-08,0.08721923828125,-0.08721917867660522,-0.9999999403953552,-0.61102294921875,-0.3889769911766052,AF06D30712879BDFE02D9C82E6C713BE6A66F1BD50937B2954EC66EE7A11171C
20260712,js_consistency_transfer,JS Consistency,cnrs_parent_0258,pattern_772,tetragonal,3,0.42667866035209057,0.4502715532666789,1,2,4,0,0,0.356689453125,0.0021495819091796875,0.3545398712158203,-0.130859375,-0.8943347930908203,0.7634754180908203,AF06D30712879BDFE02D9C82E6C713BE6A66F1BD50937B2954EC66EE7A11171C
20260712,js_consistency_transfer,JS Consistency,cnrs_parent_0263,pattern_785,tetragonal,3,1.0630688886421646,0.5974851143855406,1,4,0,0,0,0.09210205078125,0.00034809112548828125,0.09175395965576172,-0.54901123046875,-0.9317808151245117,0.3827695846557617,AF06D30712879BDFE02D9C82E6C713BE6A66F1BD50937B2954EC66EE7A11171C
20260712,js_consistency_transfer,JS Consistency,cnrs_parent_0275,pattern_837,tetragonal,3,1.2327943345027619,0.6806330467626629,1,5,1,0,0,0.22216796875,0.0005245208740234375,0.22164344787597656,-0.19775390625,-0.9731082916259766,0.7753543853759766,AF06D30712879BDFE02D9C82E6C713BE6A66F1BD50937B2954EC66EE7A11171C
20260712,js_consistency_transfer,JS Consistency,cnrs_parent_0279,pattern_841,tetragonal,3,0.7136518335938369,0.6530510238467564,1,3,0,1,0,0.984375,0.003997802734375,0.980377197265625,0.9750137329101562,-0.725006103515625,1.7000198364257812,AF06D30712879BDFE02D9C82E6C713BE6A66F1BD50937B2954EC66EE7A11171C
20260712,js_consistency_transfer,JS Consistency,cnrs_parent_0280,pattern_844,tetragonal,3,0.408084454700283,0.24991453580930012,1,2,4,0,0,0.0132293701171875,0.0002560615539550781,0.012973308563232422,-0.5146026611328125,-0.9123415946960449,0.3977389335632324,AF06D30712879BDFE02D9C82E6C713BE6A66F1BD50937B2954EC66EE7A11171C
20260712,js_consistency_transfer,JS Consistency,cnrs_parent_0304,pattern_928,tetragonal,3,0.48749553025001113,0.22587769009387426,0,4,4,0,0,0.01517486572265625,0.0001819133758544922,0.014992952346801758,-0.6874618530273438,-0.6311657428741455,-0.05629611015319824,AF06D30712879BDFE02D9C82E6C713BE6A66F1BD50937B2954EC66EE7A11171C
20260712,js_consistency_transfer,JS Consistency,cnrs_parent_0315,pattern_963,tetragonal,3,0.568529790405705,0.6024786901482004,1,3,0,1,0,0.98876953125,0.02899169921875,0.95977783203125,0.9833869934082031,-0.60772705078125,1.5911140441894531,AF06D30712879BDFE02D9C82E6C713BE6A66F1BD50937B2954EC66EE7A11171C
20260712,js_consistency_transfer,JS Consistency,cnrs_parent_0317,pattern_966,tetragonal,3,0.4332955781997675,0.15794379882793727,0,4,4,0,0,0.1990966796875,0.0040740966796875,0.1950225830078125,-0.3975830078125,-0.7322540283203125,0.3346710205078125,AF06D30712879BDFE02D9C82E6C713BE6A66F1BD50937B2954EC66EE7A11171C
20260712,js_consistency_transfer,JS Consistency,cnrs_parent_0319,pattern_975,tetragonal,3,0.10567040821484208,0.05352846698678522,0,0,0,0,0,3.337860107421875e-06,7.68899917602539e-06,-4.351139068603516e-06,-0.7070279121398926,-0.945304811000824,0.2382768988609314,AF06D30712879BDFE02D9C82E6C713BE6A66F1BD50937B2954EC66EE7A11171C
20260712,js_consistency_transfer,JS Consistency,cnrs_parent_0006,pattern_1020,tetragonal,3,0.4746111966233335,0.33974967704360665,1,2,4,0,0,0.194580078125,0.001995086669921875,0.19258499145507812,-0.293701171875,-0.9423408508300781,0.6486396789550781,AF06D30712879BDFE02D9C82E6C713BE6A66F1BD50937B2954EC66EE7A11171C
20260712,js_consistency_transfer,JS Consistency,cnrs_parent_0022,pattern_1049,tetragonal,3,0.061215155060892146,0.0053656109730756815,0,3,3,1,1,0.9990234375,0.98095703125,0.01806640625,0.9983196258544922,0.9718475341796875,0.026472091674804688,AF06D30712879BDFE02D9C82E6C713BE6A66F1BD50937B2954EC66EE7A11171C
20260712,js_consistency_transfer,JS Consistency,cnrs_parent_0075,pattern_21,trigonal,4,0.6635367180147858,0.6423427259965524,1,2,1,0,0,0.0003712177276611328,4.0411949157714844e-05,0.00033080577850341797,-0.9800975322723389,-0.5048424005508423,-0.4752551317214966,AF06D30712879BDFE02D9C82E6C713BE6A66F1BD50937B2954EC66EE7A11171C
20260712,js_consistency_transfer,JS Consistency,cnrs_parent_0309,pattern_95,trigonal,4,0.6434466566908896,0.5405735417799729,1,2,1,0,0,0.0034637451171875,5.960464477539063e-08,0.0034636855125427246,-0.8817901611328125,-0.9873046278953552,0.10551446676254272,AF06D30712879BDFE02D9C82E6C713BE6A66F1BD50937B2954EC66EE7A11171C
20260712,js_consistency_transfer,JS Consistency,cnrs_parent_0026,pattern_107,trigonal,4,1.0392504617920955,0.6733340060167846,1,6,2,0,0,0.00870513916015625,4.5239925384521484e-05,0.008659899234771729,-0.7735214233398438,-0.9662633538246155,0.19274193048477173,AF06D30712879BDFE02D9C82E6C713BE6A66F1BD50937B2954EC66EE7A11171C
20260712,js_consistency_transfer,JS Consistency,cnrs_parent_0041,pattern_127,trigonal,4,0.738214757013649,0.5532290345333293,1,4,1,1,0,0.53173828125,8.344650268554688e-07,0.5317374467849731,0.142822265625,-0.9999991655349731,1.1428214311599731,AF06D30712879BDFE02D9C82E6C713BE6A66F1BD50937B2954EC66EE7A11171C
20260712,js_consistency_transfer,JS Consistency,cnrs_parent_0047,pattern_142,trigonal,4,0.21382933852626318,0.284023810639823,1,2,1,0,0,0.035430908203125,0.2325439453125,-0.197113037109375,-0.891326904296875,-0.1317138671875,-0.759613037109375,AF06D30712879BDFE02D9C82E6C713BE6A66F1BD50937B2954EC66EE7A11171C
20260712,js_consistency_transfer,JS Consistency,cnrs_parent_0050,pattern_150,trigonal,4,1.33020547952885,0.6911566211764648,1,4,0,1,0,0.90087890625,0.0002008676528930664,0.9006780385971069,0.8140869140625,-0.9617131948471069,1.775800108909607,AF06D30712879BDFE02D9C82E6C713BE6A66F1BD50937B2954EC66EE7A11171C
20260712,js_consistency_transfer,JS Consistency,cnrs_parent_0058,pattern_171,trigonal,4,0.16108729813942302,0.47818179747148726,1,1,0,0,0,1.1920928955078125e-07,0.0,1.1920928955078125e-07,-0.9555662870407104,-0.87744140625,-0.07812488079071045,AF06D30712879BDFE02D9C82E6C713BE6A66F1BD50937B2954EC66EE7A11171C
20260712,js_consistency_transfer,JS Consistency,cnrs_parent_0068,pattern_194,trigonal,4,0.290696294883532,0.0012218498977124696,0,1,1,0,0,5.0067901611328125e-06,1.0728836059570312e-06,3.933906555175781e-06,-0.9999949932098389,-0.996092677116394,-0.0039023160934448242,AF06D30712879BDFE02D9C82E6C713BE6A66F1BD50937B2954EC66EE7A11171C
20260712,js_consistency_transfer,JS Consistency,cnrs_parent_0112,pattern_308,trigonal,4,0.20916158003781704,0.11337804997473967,1,1,2,0,0,0.00305938720703125,1.7881393432617188e-07,0.003059208393096924,-0.8577804565429688,-0.5756834149360657,-0.2820970416069031,AF06D30712879BDFE02D9C82E6C713BE6A66F1BD50937B2954EC66EE7A11171C
20260712,js_consistency_transfer,JS Consistency,cnrs_parent_0116,pattern_323,trigonal,4,1.207035338350356,0.6640804815296681,1,4,2,1,0,0.986328125,0.01029205322265625,0.9760360717773438,0.9729537963867188,-0.49507904052734375,1.4680328369140625,AF06D30712879BDFE02D9C82E6C713BE6A66F1BD50937B2954EC66EE7A11171C
20260712,js_consistency_transfer,JS Consistency,cnrs_parent_0125,pattern_354,trigonal,4,0.3509651489271235,0.19722075211485485,1,2,0,0,0,6.99162483215332e-05,0.006519317626953125,-0.006449401378631592,-0.5858675837516785,-0.8069572448730469,0.2210896611213684,AF06D30712879BDFE02D9C82E6C713BE6A66F1BD50937B2954EC66EE7A11171C
20260712,js_consistency_transfer,JS Consistency,cnrs_parent_0126,pattern_357,trigonal,4,0.5116860756591624,0.6149684677180696,1,4,1,1,0,0.96484375,0.0029315948486328125,0.9619121551513672,0.93902587890625,-0.7895488739013672,1.7285747528076172,AF06D30712879BDFE02D9C82E6C713BE6A66F1BD50937B2954EC66EE7A11171C
20260712,js_consistency_transfer,JS Consistency,cnrs_parent_0141,pattern_398,trigonal,4,0.4132797015008839,0.6920566995453237,1,4,0,1,0,1.0,7.408857345581055e-05,0.9999259114265442,0.9999184608459473,-0.9032462239265442,1.9031646847724915,AF06D30712879BDFE02D9C82E6C713BE6A66F1BD50937B2954EC66EE7A11171C
20260712,js_consistency_transfer,JS Consistency,cnrs_parent_0145,pattern_413,trigonal,4,0.3871741139645387,0.43206993949988504,1,2,1,0,0,0.1551513671875,5.900859832763672e-06,0.15514546632766724,-0.4576416015625,-0.6220644116401672,0.16442281007766724,AF06D30712879BDFE02D9C82E6C713BE6A66F1BD50937B2954EC66EE7A11171C
20260712,js_consistency_transfer,JS Consistency,cnrs_parent_0146,pattern_415,trigonal,4,0.1814850262327683,0.14023110150580512,1,1,2,0,0,9.435415267944336e-05,1.1920928955078125e-07,9.423494338989258e-05,-0.6751986145973206,-0.8266600370407104,0.1514614224433899,AF06D30712879BDFE02D9C82E6C713BE6A66F1BD50937B2954EC66EE7A11171C
20260712,js_consistency_transfer,JS Consistency,cnrs_parent_0157,pattern_452,trigonal,4,0.30965569566679074,0.006209215139130044,0,1,1,0,0,3.5703182220458984e-05,1.6689300537109375e-06,3.403425216674805e-05,-0.9984994530677795,-0.9819319248199463,-0.016567528247833252,AF06D30712879BDFE02D9C82E6C713BE6A66F1BD50937B2954EC66EE7A11171C
20260712,js_consistency_transfer,JS Consistency,cnrs_parent_0179,pattern_506,trigonal,4,0.6660176079491593,0.28840272605172296,1,4,1,1,0,1.0,0.3779296875,0.6220703125,0.999990701675415,-0.099609375,1.099600076675415,AF06D30712879BDFE02D9C82E6C713BE6A66F1BD50937B2954EC66EE7A11171C
20260712,js_consistency_transfer,JS Consistency,cnrs_parent_0208,pattern_587,trigonal,4,0.13431390149793265,0.001790138704582671,0,0,0,0,0,0.003284454345703125,9.298324584960938e-06,0.003275156021118164,-0.9913444519042969,-0.999990701675415,0.008646249771118164,AF06D30712879BDFE02D9C82E6C713BE6A66F1BD50937B2954EC66EE7A11171C
20260712,js_consistency_transfer,JS Consistency,cnrs_parent_0211,pattern_591,trigonal,4,0.43352093135347236,0.44992353645365735,1,0,1,0,0,0.0005092620849609375,4.6133995056152344e-05,0.00046312808990478516,-0.8339633941650391,-0.9667507410049438,0.13278734683990479,AF06D30712879BDFE02D9C82E6C713BE6A66F1BD50937B2954EC66EE7A11171C
20260712,js_consistency_transfer,JS Consistency,cnrs_parent_0220,pattern_617,trigonal,4,0.41993058957298524,0.40271695631062937,1,2,1,0,0,0.0132904052734375,5.960464477539063e-08,0.013290345668792725,-0.7464752197265625,-0.9980468153953552,0.2515715956687927,AF06D30712879BDFE02D9C82E6C713BE6A66F1BD50937B2954EC66EE7A11171C
20260712,js_consistency_transfer,JS Consistency,cnrs_parent_0237,pattern_673,trigonal,4,1.7070916976288402,0.6931411813983596,1,6,1,0,0,5.02467155456543e-05,3.159046173095703e-06,4.7087669372558594e-05,-0.9999497532844543,-0.7104460597038269,-0.28950369358062744,AF06D30712879BDFE02D9C82E6C713BE6A66F1BD50937B2954EC66EE7A11171C
20260712,js_consistency_transfer,JS Consistency,cnrs_parent_0246,pattern_722,trigonal,4,0.10933402953737625,0.1007999805793972,0,2,2,0,0,2.6106834411621094e-05,0.00856781005859375,-0.008541703224182129,-0.9985090494155884,-0.7214126586914062,-0.27709639072418213,AF06D30712879BDFE02D9C82E6C713BE6A66F1BD50937B2954EC66EE7A11171C
20260712,js_consistency_transfer,JS Consistency,cnrs_parent_0248,pattern_736,trigonal,4,0.361617545852016,0.45456025523896126,1,2,1,0,0,0.0005354881286621094,8.046627044677734e-06,0.0005274415016174316,-0.8290543556213379,-0.9301677346229553,0.10111337900161743,AF06D30712879BDFE02D9C82E6C713BE6A66F1BD50937B2954EC66EE7A11171C
20260712,js_consistency_transfer,JS Consistency,cnrs_parent_0270,pattern_820,trigonal,4,0.6401142577704886,0.6863541288168005,1,2,0,0,0,0.080078125,0.0020313262939453125,0.07804679870605469,-0.81201171875,-0.6449413299560547,-0.1670703887939453,AF06D30712879BDFE02D9C82E6C713BE6A66F1BD50937B2954EC66EE7A11171C
20260712,js_consistency_transfer,JS Consistency,cnrs_parent_0272,pattern_826,trigonal,4,0.3229860729355355,0.05852808308480429,0,2,2,0,0,0.0016870498657226562,0.0211639404296875,-0.019476890563964844,-0.9934301376342773,-0.8040313720703125,-0.18939876556396484,AF06D30712879BDFE02D9C82E6C713BE6A66F1BD50937B2954EC66EE7A11171C
20260712,js_consistency_transfer,JS Consistency,cnrs_parent_0276,pattern_838,trigonal,4,0.28753827761589235,0.32193550369619295,1,2,1,0,0,0.146728515625,0.003574371337890625,0.14315414428710938,-0.366455078125,-0.7820701599121094,0.4156150817871094,AF06D30712879BDFE02D9C82E6C713BE6A66F1BD50937B2954EC66EE7A11171C
20260712,js_consistency_transfer,JS Consistency,cnrs_parent_0277,pattern_839,trigonal,4,1.276098780229622,0.692864672928879,1,4,0,1,0,0.728515625,3.2186508178710938e-06,0.7285124063491821,0.46044921875,-0.8950163125991821,1.3554655313491821,AF06D30712879BDFE02D9C82E6C713BE6A66F1BD50937B2954EC66EE7A11171C
20260712,js_consistency_transfer,JS Consistency,cnrs_parent_0278,pattern_840,trigonal,4,0.28896133539613766,0.0021597143830518004,0,1,1,0,0,5.513429641723633e-05,3.3974647521972656e-06,5.173683166503906e-05,-0.9657651782035828,-0.9633755087852478,-0.002389669418334961,AF06D30712879BDFE02D9C82E6C713BE6A66F1BD50937B2954EC66EE7A11171C
20260712,js_consistency_transfer,JS Consistency,cnrs_parent_0289,pattern_878,trigonal,4,0.38546090270753564,0.005287206551313431,0,1,1,0,0,2.014636993408203e-05,5.960464477539063e-08,2.008676528930664e-05,-0.9911907911300659,-0.9926757216453552,0.0014849305152893066,AF06D30712879BDFE02D9C82E6C713BE6A66F1BD50937B2954EC66EE7A11171C
20260712,js_consistency_transfer,JS Consistency,cnrs_parent_0302,pattern_915,trigonal,4,0.5868280665304776,0.6473988719473074,1,4,0,1,0,0.955078125,4.976987838745117e-05,0.9550283551216125,0.939971923828125,-0.9931142926216125,1.9330862164497375,AF06D30712879BDFE02D9C82E6C713BE6A66F1BD50937B2954EC66EE7A11171C
20260712,js_consistency_transfer,JS Consistency,cnrs_parent_0308,pattern_943,trigonal,4,0.1778673929691752,0.39697243620445993,1,1,0,0,0,0.00013005733489990234,5.960464477539063e-08,0.00012999773025512695,-0.7747722864151001,-0.9990233778953552,0.22425109148025513,AF06D30712879BDFE02D9C82E6C713BE6A66F1BD50937B2954EC66EE7A11171C
20260712,js_consistency_transfer,JS Consistency,cnrs_parent_0313,pattern_960,trigonal,4,0.2263016052113732,5.551744582481106e-05,0,4,4,1,1,1.0,1.0,0.0,0.9999986886978149,0.9998754262924194,0.0001232624053955078,AF06D30712879BDFE02D9C82E6C713BE6A66F1BD50937B2954EC66EE7A11171C
20260712,js_consistency_transfer,JS Consistency,cnrs_parent_0012,pattern_1030,trigonal,4,0.06151996576887775,0.1789092994081874,0,6,6,0,0,0.0047149658203125,0.28515625,-0.2804412841796875,-0.9894256591796875,-0.2578125,-0.7316131591796875,AF06D30712879BDFE02D9C82E6C713BE6A66F1BD50937B2954EC66EE7A11171C
20260712,js_consistency_transfer,JS Consistency,cnrs_parent_0057,pattern_17,hexagonal,5,0.43349043326526504,0.0015095378671601152,0,4,4,0,0,0.00388336181640625,1.8775463104248047e-05,0.003864586353302002,-0.9917221069335938,-0.9994929432868958,0.007770836353302002,AF06D30712879BDFE02D9C82E6C713BE6A66F1BD50937B2954EC66EE7A11171C
20260712,js_consistency_transfer,JS Consistency,cnrs_parent_0065,pattern_19,hexagonal,5,0.26861220522394025,0.3373771495412251,1,4,1,0,0,8.32676887512207e-05,0.00029587745666503906,-0.00021260976791381836,-0.7704245448112488,-0.831247091293335,0.06082254648208618,AF06D30712879BDFE02D9C82E6C713BE6A66F1BD50937B2954EC66EE7A11171C
20260712,js_consistency_transfer,JS Consistency,cnrs_parent_0061,pattern_176,hexagonal,5,0.683918205806396,0.604992356610496,1,4,1,0,0,0.04766845703125,6.449222564697266e-05,0.04760396480560303,-0.79315185546875,-0.942318320274353,0.14916646480560303,AF06D30712879BDFE02D9C82E6C713BE6A66F1BD50937B2954EC66EE7A11171C
20260712,js_consistency_transfer,JS Consistency,cnrs_parent_0073,pattern_207,hexagonal,5,0.22830634651318304,0.24280431310773973,1,2,1,0,0,0.00023758411407470703,2.384185791015625e-07,0.00023734569549560547,-0.6916569471359253,-0.5854489803314209,-0.1062079668045044,AF06D30712879BDFE02D9C82E6C713BE6A66F1BD50937B2954EC66EE7A11171C
20260712,js_consistency_transfer,JS Consistency,cnrs_parent_0093,pattern_249,hexagonal,5,0.2556111893622611,0.2673250706679061,1,4,5,0,1,0.21337890625,0.68505859375,-0.4716796875,-0.5703125,0.56671142578125,-1.13702392578125,AF06D30712879BDFE02D9C82E6C713BE6A66F1BD50937B2954EC66EE7A11171C
20260712,js_consistency_transfer,JS Consistency,cnrs_parent_0096,pattern_257,hexagonal,5,0.43676981837289575,0.0032663531545711185,0,4,4,0,0,0.00604248046875,0.00018668174743652344,0.0058557987213134766,-0.98663330078125,-0.9959070682525635,0.009273767471313477,AF06D30712879BDFE02D9C82E6C713BE6A66F1BD50937B2954EC66EE7A11171C
20260712,js_consistency_transfer,JS Consistency,cnrs_parent_0132,pattern_367,hexagonal,5,0.1575770483876211,0.11539584547830593,0,1,1,0,0,5.960464477539063e-08,0.0,5.960464477539063e-08,-0.9711913466453552,-0.6650390625,-0.3061522841453552,AF06D30712879BDFE02D9C82E6C713BE6A66F1BD50937B2954EC66EE7A11171C
20260712,js_consistency_transfer,JS Consistency,cnrs_parent_0159,pattern_457,hexagonal,5,0.4705152023616437,0.28921262198104347,1,3,2,0,0,0.006465911865234375,0.0093994140625,-0.002933502197265625,-0.5804481506347656,-0.7523193359375,0.17187118530273438,AF06D30712879BDFE02D9C82E6C713BE6A66F1BD50937B2954EC66EE7A11171C
20260712,js_consistency_transfer,JS Consistency,cnrs_parent_0216,pattern_608,hexagonal,5,0.9639375683697814,0.6931334819785803,1,4,0,0,0,0.017578125,0.0,0.017578125,-0.96484375,-0.91552734375,-0.04931640625,AF06D30712879BDFE02D9C82E6C713BE6A66F1BD50937B2954EC66EE7A11171C
20260712,js_consistency_transfer,JS Consistency,cnrs_parent_0223,pattern_627,hexagonal,5,0.28613102893745457,0.001632394147225988,0,5,5,1,1,0.9892578125,0.998046875,-0.0087890625,0.9790115356445312,0.9959316253662109,-0.016920089721679688,AF06D30712879BDFE02D9C82E6C713BE6A66F1BD50937B2954EC66EE7A11171C
20260712,js_consistency_transfer,JS Consistency,cnrs_parent_0288,pattern_873,hexagonal,5,0.3734469661908969,0.04193482381646875,0,2,2,0,0,0.0002608299255371094,0.0002903938293457031,-2.956390380859375e-05,-0.9968094825744629,-0.8756861686706543,-0.1211233139038086,AF06D30712879BDFE02D9C82E6C713BE6A66F1BD50937B2954EC66EE7A11171C
20260712,js_consistency_transfer,JS Consistency,cnrs_parent_0300,pattern_909,hexagonal,5,0.26587906308555476,0.020197026013798344,0,4,4,0,0,0.0028285980224609375,0.01861572265625,-0.015787124633789062,-0.9209995269775391,-0.94964599609375,0.028646469116210938,AF06D30712879BDFE02D9C82E6C713BE6A66F1BD50937B2954EC66EE7A11171C
20260712,js_consistency_transfer,JS Consistency,cnrs_parent_0069,pattern_2,cubic,6,1.27538051727094,0.6931471805599453,1,6,0,1,0,1.0,0.0,1.0,0.999984085559845,-0.99951171875,1.999495804309845,AF06D30712879BDFE02D9C82E6C713BE6A66F1BD50937B2954EC66EE7A11171C
20260712,js_consistency_transfer,JS Consistency,cnrs_parent_0083,pattern_23,cubic,6,0.07868090779683923,0.0006555089192200997,0,1,1,0,0,0.0,0.0,0.0,-0.982421875,-0.99072265625,0.00830078125,AF06D30712879BDFE02D9C82E6C713BE6A66F1BD50937B2954EC66EE7A11171C
20260712,js_consistency_transfer,JS Consistency,cnrs_parent_0097,pattern_26,cubic,6,0.21662029672133043,1.8939785925664514e-06,0,6,6,1,1,1.0,1.0,0.0,0.9999964833259583,0.9999985098838806,-2.0265579223632812e-06,AF06D30712879BDFE02D9C82E6C713BE6A66F1BD50937B2954EC66EE7A11171C
20260712,js_consistency_transfer,JS Consistency,cnrs_parent_0101,pattern_27,cubic,6,1.3651003236395463,0.6931463269299631,1,6,1,1,0,1.0,0.0,1.0,0.9999973773956299,-0.98681640625,1.9868137836456299,AF06D30712879BDFE02D9C82E6C713BE6A66F1BD50937B2954EC66EE7A11171C
20260712,js_consistency_transfer,JS Consistency,cnrs_parent_0142,pattern_40,cubic,6,0.2361398931993295,0.5517562475453838,1,6,4,1,0,0.99365234375,0.0662841796875,0.9273681640625,0.9881019592285156,-0.8668212890625,1.8549232482910156,AF06D30712879BDFE02D9C82E6C713BE6A66F1BD50937B2954EC66EE7A11171C
20260712,js_consistency_transfer,JS Consistency,cnrs_parent_0199,pattern_57,cubic,6,1.3459698014056978,0.6931455216882367,1,6,0,1,0,0.9970703125,0.0,0.9970703125,0.9943866729736328,-1.0,1.9943866729736328,AF06D30712879BDFE02D9C82E6C713BE6A66F1BD50937B2954EC66EE7A11171C
20260712,js_consistency_transfer,JS Consistency,cnrs_parent_0241,pattern_69,cubic,6,0.0833806508465309,1.4867880956550646e-06,0,6,6,1,1,1.0,1.0,0.0,0.9999992251396179,0.9999929070472717,6.318092346191406e-06,AF06D30712879BDFE02D9C82E6C713BE6A66F1BD50937B2954EC66EE7A11171C
20260712,js_consistency_transfer,JS Consistency,cnrs_parent_0290,pattern_88,cubic,6,0.0701947244140062,0.1794031402215303,1,1,0,0,0,0.0,0.0,0.0,-0.91552734375,-0.63330078125,-0.2822265625,AF06D30712879BDFE02D9C82E6C713BE6A66F1BD50937B2954EC66EE7A11171C
20260712,js_consistency_transfer,JS Consistency,cnrs_parent_0029,pattern_110,cubic,6,1.410898521076556,0.6929978018612419,1,6,0,1,0,0.99951171875,2.980232238769531e-07,0.9995114207267761,0.9992525577545166,-0.9916989207267761,1.9909514784812927,AF06D30712879BDFE02D9C82E6C713BE6A66F1BD50937B2954EC66EE7A11171C
20260712,js_consistency_transfer,JS Consistency,cnrs_parent_0035,pattern_119,cubic,6,1.6459955812243754,0.6930941042592547,1,6,0,1,0,0.974609375,0.0,0.974609375,0.9493408203125,-0.7685546875,1.7178955078125,AF06D30712879BDFE02D9C82E6C713BE6A66F1BD50937B2954EC66EE7A11171C
20260712,js_consistency_transfer,JS Consistency,cnrs_parent_0040,pattern_126,cubic,6,1.0842955624441528,0.5561397559803115,1,6,3,1,0,0.6064453125,0.0026645660400390625,0.6037807464599609,0.3466796875,-0.9734096527099609,1.320089340209961,AF06D30712879BDFE02D9C82E6C713BE6A66F1BD50937B2954EC66EE7A11171C
20260712,js_consistency_transfer,JS Consistency,cnrs_parent_0062,pattern_178,cubic,6,0.21810724162485517,0.23933744207502922,1,1,0,0,0,1.1920928955078125e-07,0.0,1.1920928955078125e-07,-0.5429686307907104,-1.0,0.45703136920928955,AF06D30712879BDFE02D9C82E6C713BE6A66F1BD50937B2954EC66EE7A11171C
20260712,js_consistency_transfer,JS Consistency,cnrs_parent_0067,pattern_193,cubic,6,0.16271416855794174,0.46567977616816414,1,6,4,1,0,0.96728515625,0.098876953125,0.868408203125,0.9398956298828125,-0.800048828125,1.7399444580078125,AF06D30712879BDFE02D9C82E6C713BE6A66F1BD50937B2954EC66EE7A11171C
20260712,js_consistency_transfer,JS Consistency,cnrs_parent_0077,pattern_215,cubic,6,1.4954962782297319,0.693126127435137,1,6,2,1,0,1.0,2.8014183044433594e-06,0.9999971985816956,0.9999998211860657,-0.5190401673316956,1.5190399885177612,AF06D30712879BDFE02D9C82E6C713BE6A66F1BD50937B2954EC66EE7A11171C
20260712,js_consistency_transfer,JS Consistency,cnrs_parent_0085,pattern_236,cubic,6,0.06051911513854469,0.04152632744207047,0,6,6,1,1,0.99560546875,0.87255859375,0.123046875,0.9925098419189453,0.77581787109375,0.2166919708251953,AF06D30712879BDFE02D9C82E6C713BE6A66F1BD50937B2954EC66EE7A11171C
20260712,js_consistency_transfer,JS Consistency,cnrs_parent_0105,pattern_279,cubic,6,1.313487775863565,0.6931369830065495,1,6,2,1,0,1.0,7.152557373046875e-07,0.9999992847442627,0.9999982118606567,-0.8393547534942627,1.8393529653549194,AF06D30712879BDFE02D9C82E6C713BE6A66F1BD50937B2954EC66EE7A11171C
20260712,js_consistency_transfer,JS Consistency,cnrs_parent_0127,pattern_360,cubic,6,1.2411315996730077,0.693121204642487,1,6,2,1,0,1.0,0.0,1.0,0.9999718070030212,-0.93017578125,1.9301475882530212,AF06D30712879BDFE02D9C82E6C713BE6A66F1BD50937B2954EC66EE7A11171C
20260712,js_consistency_transfer,JS Consistency,cnrs_parent_0129,pattern_363,cubic,6,1.6577641751490826,0.6931455987344608,1,6,0,1,0,0.9990234375,0.0,0.9990234375,0.9981436729431152,-0.97998046875,1.9781241416931152,AF06D30712879BDFE02D9C82E6C713BE6A66F1BD50937B2954EC66EE7A11171C
20260712,js_consistency_transfer,JS Consistency,cnrs_parent_0131,pattern_366,cubic,6,1.1204258176246613,0.6928559859775354,1,6,0,1,0,1.0,2.4437904357910156e-06,0.9999975562095642,0.9998253583908081,-0.6357397437095642,1.6355651021003723,AF06D30712879BDFE02D9C82E6C713BE6A66F1BD50937B2954EC66EE7A11171C
20260712,js_consistency_transfer,JS Consistency,cnrs_parent_0134,pattern_375,cubic,6,1.3220305495643345,0.6918563051511133,1,6,0,1,0,0.99951171875,3.832578659057617e-05,0.9994733929634094,0.9989480972290039,-0.9418562054634094,1.9408043026924133,AF06D30712879BDFE02D9C82E6C713BE6A66F1BD50937B2954EC66EE7A11171C
20260712,js_consistency_transfer,JS Consistency,cnrs_parent_0135,pattern_376,cubic,6,0.19590563675900463,0.08340463003119916,0,1,1,0,0,2.1457672119140625e-06,7.152557373046875e-07,1.430511474609375e-06,-0.9985330104827881,-0.7685539722442627,-0.2299790382385254,AF06D30712879BDFE02D9C82E6C713BE6A66F1BD50937B2954EC66EE7A11171C
20260712,js_consistency_transfer,JS Consistency,cnrs_parent_0138,pattern_394,cubic,6,1.194832781413855,0.6913495816350728,1,4,1,0,0,0.386474609375,0.0,0.386474609375,-0.226318359375,-0.87353515625,0.647216796875,AF06D30712879BDFE02D9C82E6C713BE6A66F1BD50937B2954EC66EE7A11171C
20260712,js_consistency_transfer,JS Consistency,cnrs_parent_0143,pattern_408,cubic,6,0.14929467780219463,0.09411277629087254,0,1,1,0,0,1.1920928955078125e-07,0.0,1.1920928955078125e-07,-0.9833983182907104,-0.7431640625,-0.24023425579071045,AF06D30712879BDFE02D9C82E6C713BE6A66F1BD50937B2954EC66EE7A11171C
20260712,js_consistency_transfer,JS Consistency,cnrs_parent_0149,pattern_426,cubic,6,1.5638291799252988,0.6931467163232616,1,6,2,1,0,1.0,0.0,1.0,0.9999999403953552,-0.86572265625,1.8657225966453552,AF06D30712879BDFE02D9C82E6C713BE6A66F1BD50937B2954EC66EE7A11171C
20260712,js_consistency_transfer,JS Consistency,cnrs_parent_0160,pattern_458,cubic,6,0.13297662740255345,0.009271755337301978,0,4,4,0,0,0.0034732818603515625,0.0010662078857421875,0.002407073974609375,-0.9672298431396484,-0.9969806671142578,0.029750823974609375,AF06D30712879BDFE02D9C82E6C713BE6A66F1BD50937B2954EC66EE7A11171C
20260712,js_consistency_transfer,JS Consistency,cnrs_parent_0175,pattern_493,cubic,6,0.17050737930844795,0.004402811327847704,0,1,1,0,0,7.593631744384766e-05,0.0,7.593631744384766e-05,-0.9564670324325562,-0.98681640625,0.030349373817443848,AF06D30712879BDFE02D9C82E6C713BE6A66F1BD50937B2954EC66EE7A11171C
20260712,js_consistency_transfer,JS Consistency,cnrs_parent_0178,pattern_503,cubic,6,0.16060495774048622,0.012144722778468443,0,1,1,0,0,5.829334259033203e-05,4.172325134277344e-06,5.412101745605469e-05,-0.9476956129074097,-0.8691364526748657,-0.07855916023254395,AF06D30712879BDFE02D9C82E6C713BE6A66F1BD50937B2954EC66EE7A11171C
20260712,js_consistency_transfer,JS Consistency,cnrs_parent_0183,pattern_527,cubic,6,0.15826142721037584,0.3331674080143483,1,4,5,0,0,0.0037631988525390625,0.00010019540786743164,0.003663003444671631,-0.9166469573974609,-0.7240208983421326,-0.19262605905532837,AF06D30712879BDFE02D9C82E6C713BE6A66F1BD50937B2954EC66EE7A11171C
20260712,js_consistency_transfer,JS Consistency,cnrs_parent_0188,pattern_545,cubic,6,0.12852628614621997,0.07536623874129564,0,1,1,0,0,9.5367431640625e-07,5.960464477539063e-08,8.940696716308594e-07,-0.6093740463256836,-0.8505858778953552,0.24121183156967163,AF06D30712879BDFE02D9C82E6C713BE6A66F1BD50937B2954EC66EE7A11171C
20260712,js_consistency_transfer,JS Consistency,cnrs_parent_0196,pattern_565,cubic,6,0.09259457650190461,0.07103762835157908,0,1,1,0,0,0.0,0.0,0.0,-0.98486328125,-0.7490234375,-0.23583984375,AF06D30712879BDFE02D9C82E6C713BE6A66F1BD50937B2954EC66EE7A11171C
20260712,js_consistency_transfer,JS Consistency,cnrs_parent_0200,pattern_570,cubic,6,0.26383897484724894,0.0012332907051712614,0,1,1,0,0,2.384185791015625e-07,0.0,2.384185791015625e-07,-0.9995114803314209,-0.99560546875,-0.0039060115814208984,AF06D30712879BDFE02D9C82E6C713BE6A66F1BD50937B2954EC66EE7A11171C
20260712,js_consistency_transfer,JS Consistency,cnrs_parent_0205,pattern_582,cubic,6,0.13215233743216215,7.151068735621448e-05,0,6,6,1,1,1.0,1.0,0.0,0.9999948143959045,0.9997981786727905,0.00019663572311401367,AF06D30712879BDFE02D9C82E6C713BE6A66F1BD50937B2954EC66EE7A11171C
20260712,js_consistency_transfer,JS Consistency,cnrs_parent_0217,pattern_609,cubic,6,0.0949035457389028,0.010119569306039845,0,1,1,0,0,0.0,0.0,0.0,-0.75048828125,-0.61865234375,-0.1318359375,AF06D30712879BDFE02D9C82E6C713BE6A66F1BD50937B2954EC66EE7A11171C
20260712,js_consistency_transfer,JS Consistency,cnrs_parent_0229,pattern_644,cubic,6,0.4099274807024752,0.013238869913003024,0,1,1,0,0,4.8160552978515625e-05,1.1920928955078125e-07,4.8041343688964844e-05,-0.9809088706970215,-0.9711912870407104,-0.009717583656311035,AF06D30712879BDFE02D9C82E6C713BE6A66F1BD50937B2954EC66EE7A11171C
20260712,js_consistency_transfer,JS Consistency,cnrs_parent_0238,pattern_678,cubic,6,0.11105337087360134,0.0005710921125225855,0,0,0,0,0,0.0,0.0,0.0,-0.9990234375,-0.99755859375,-0.00146484375,AF06D30712879BDFE02D9C82E6C713BE6A66F1BD50937B2954EC66EE7A11171C
20260712,js_consistency_transfer,JS Consistency,cnrs_parent_0249,pattern_737,cubic,6,0.26363221941315873,0.001743563942930242,0,1,1,0,0,3.5762786865234375e-07,0.0,3.5762786865234375e-07,-0.9951168298721313,-0.9833984375,-0.011718392372131348,AF06D30712879BDFE02D9C82E6C713BE6A66F1BD50937B2954EC66EE7A11171C
20260712,js_consistency_transfer,JS Consistency,cnrs_parent_0255,pattern_759,cubic,6,0.018627423825857026,0.002157353489973185,0,6,6,1,1,0.9990234375,0.99072265625,0.00830078125,0.9982681274414062,0.9814529418945312,0.016815185546875,AF06D30712879BDFE02D9C82E6C713BE6A66F1BD50937B2954EC66EE7A11171C
20260712,js_consistency_transfer,JS Consistency,cnrs_parent_0257,pattern_770,cubic,6,0.23375605803126365,0.023330183959236302,0,4,4,0,0,0.004608154296875,0.00025963783264160156,0.0043485164642333984,-0.928497314453125,-0.9992520809173584,0.0707547664642334,AF06D30712879BDFE02D9C82E6C713BE6A66F1BD50937B2954EC66EE7A11171C
20260712,js_consistency_transfer,JS Consistency,cnrs_parent_0265,pattern_790,cubic,6,1.3295843892736259,0.6931298837707747,1,6,2,1,0,1.0,1.7881393432617188e-06,0.9999982118606567,0.9999992847442627,-0.9506818056106567,1.9506810903549194,AF06D30712879BDFE02D9C82E6C713BE6A66F1BD50937B2954EC66EE7A11171C
20260712,js_consistency_transfer,JS Consistency,cnrs_parent_0266,pattern_794,cubic,6,0.17127455626504717,0.004399323729621069,0,6,6,1,1,1.0,0.9873046875,0.0126953125,0.9999969005584717,0.9773178100585938,0.02267909049987793,AF06D30712879BDFE02D9C82E6C713BE6A66F1BD50937B2954EC66EE7A11171C
20260712,js_consistency_transfer,JS Consistency,cnrs_parent_0268,pattern_810,cubic,6,0.051676728588244014,0.07684237418767985,0,4,4,0,0,0.0872802734375,0.005523681640625,0.081756591796875,-0.6422119140625,-0.968109130859375,0.325897216796875,AF06D30712879BDFE02D9C82E6C713BE6A66F1BD50937B2954EC66EE7A11171C
20260712,js_consistency_transfer,JS Consistency,cnrs_parent_0282,pattern_851,cubic,6,0.8176840911449489,0.5258185640041512,1,6,1,1,0,0.771484375,0.0,0.771484375,0.67242431640625,-0.984375,1.65679931640625,AF06D30712879BDFE02D9C82E6C713BE6A66F1BD50937B2954EC66EE7A11171C
20260712,js_consistency_transfer,JS Consistency,cnrs_parent_0303,pattern_919,cubic,6,1.4900200952573877,0.6931349964226317,1,6,0,1,0,1.0,0.0,1.0,0.9999819993972778,-0.95751953125,1.9575015306472778,AF06D30712879BDFE02D9C82E6C713BE6A66F1BD50937B2954EC66EE7A11171C
20260712,js_consistency_transfer,JS Consistency,cnrs_parent_0311,pattern_956,cubic,6,0.20212790512459,0.47735782269675736,1,0,1,0,0,0.0,5.960464477539063e-08,-5.960464477539063e-08,-0.92431640625,-0.9614257216453552,0.037109315395355225,AF06D30712879BDFE02D9C82E6C713BE6A66F1BD50937B2954EC66EE7A11171C
20260712,js_consistency_transfer,JS Consistency,cnrs_parent_0316,pattern_964,cubic,6,1.3444290946178825,0.6928402230540148,1,6,4,1,0,1.0,4.404783248901367e-05,0.999955952167511,0.9999902248382568,-0.651323139667511,1.6513133645057678,AF06D30712879BDFE02D9C82E6C713BE6A66F1BD50937B2954EC66EE7A11171C
20260712,js_consistency_transfer,JS Consistency,cnrs_parent_0001,pattern_1009,cubic,6,1.2677470718385047,0.6931322987552299,1,6,1,1,0,1.0,2.384185791015625e-07,0.9999997615814209,0.9999966621398926,-0.4309079647064209,1.4309046268463135,AF06D30712879BDFE02D9C82E6C713BE6A66F1BD50937B2954EC66EE7A11171C
20260712,js_consistency_transfer,JS Consistency,cnrs_parent_0024,pattern_1051,cubic,6,0.15425346775966564,0.4883816187366283,1,1,0,0,0,0.0,0.0,0.0,-0.99365234375,-0.8837890625,-0.10986328125,AF06D30712879BDFE02D9C82E6C713BE6A66F1BD50937B2954EC66EE7A11171C
20260713,ordinary_dynamic_augmentation,Dynamic ERM,cnrs_parent_0087,pattern_24,triclinic,0,0.018964584088614234,0.0011073414674471651,0,1,1,0,0,0.0161590576171875,0.03021240234375,-0.0140533447265625,-0.9677276611328125,-0.93951416015625,-0.0282135009765625,87B7C264B5818F45E388293FA03E9BCFBE165182B2B75FCE0304A6911339EF98
20260713,ordinary_dynamic_augmentation,Dynamic ERM,cnrs_parent_0189,pattern_55,triclinic,0,0.12505868813123755,0.022052047826685305,0,0,0,1,1,0.994140625,0.919921875,0.07421875,0.9896774291992188,0.877899169921875,0.11177825927734375,87B7C264B5818F45E388293FA03E9BCFBE165182B2B75FCE0304A6911339EF98
20260713,ordinary_dynamic_augmentation,Dynamic ERM,cnrs_parent_0260,pattern_78,triclinic,0,0.3576353073292925,0.689460980480365,1,1,0,0,1,0.00029587745666503906,0.99951171875,-0.999215841293335,-0.999215841293335,0.9989843368530273,-1.9982001781463623,87B7C264B5818F45E388293FA03E9BCFBE165182B2B75FCE0304A6911339EF98
20260713,ordinary_dynamic_augmentation,Dynamic ERM,cnrs_parent_0322,pattern_99,triclinic,0,0.05206918819773931,0.21841345544589136,1,1,0,0,1,0.46875,0.994140625,-0.525390625,-0.0625,0.9883651733398438,-1.0508651733398438,87B7C264B5818F45E388293FA03E9BCFBE165182B2B75FCE0304A6911339EF98
20260713,ordinary_dynamic_augmentation,Dynamic ERM,cnrs_parent_0036,pattern_120,triclinic,0,0.28196443415252304,0.38015376381945054,1,1,0,0,1,0.0001590251922607422,0.75048828125,-0.7503292560577393,-0.9993526935577393,0.5010986328125,-1.5004513263702393,87B7C264B5818F45E388293FA03E9BCFBE165182B2B75FCE0304A6911339EF98
20260713,ordinary_dynamic_augmentation,Dynamic ERM,cnrs_parent_0053,pattern_157,triclinic,0,0.036755298800104974,0.2092289738569713,1,1,0,0,1,0.1143798828125,0.7265625,-0.6121826171875,-0.7713623046875,0.452880859375,-1.2242431640625,87B7C264B5818F45E388293FA03E9BCFBE165182B2B75FCE0304A6911339EF98
20260713,ordinary_dynamic_augmentation,Dynamic ERM,cnrs_parent_0063,pattern_180,triclinic,0,0.018323081545105202,0.0,0,1,1,0,0,0.0,0.0,0.0,-1.0,-1.0,0.0,87B7C264B5818F45E388293FA03E9BCFBE165182B2B75FCE0304A6911339EF98
20260713,ordinary_dynamic_augmentation,Dynamic ERM,cnrs_parent_0088,pattern_240,triclinic,0,0.1393085391368567,0.003906405065309741,0,1,1,0,0,0.0110626220703125,5.7637691497802734e-05,0.011004984378814697,-0.9772186279296875,-0.9999423623085022,0.022723734378814697,87B7C264B5818F45E388293FA03E9BCFBE165182B2B75FCE0304A6911339EF98
20260713,ordinary_dynamic_augmentation,Dynamic ERM,cnrs_parent_0109,pattern_298,triclinic,0,0.1004587967568159,0.4950505538385892,1,0,1,1,0,0.92236328125,0.0270538330078125,0.8953094482421875,0.84637451171875,-0.9456024169921875,1.7919769287109375,87B7C264B5818F45E388293FA03E9BCFBE165182B2B75FCE0304A6911339EF98
20260713,ordinary_dynamic_augmentation,Dynamic ERM,cnrs_parent_0113,pattern_311,triclinic,0,0.06807299688231772,0.008165178127341566,0,1,1,0,0,0.12939453125,0.056243896484375,0.073150634765625,-0.7412109375,-0.887603759765625,0.146392822265625,87B7C264B5818F45E388293FA03E9BCFBE165182B2B75FCE0304A6911339EF98
20260713,ordinary_dynamic_augmentation,Dynamic ERM,cnrs_parent_0124,pattern_348,triclinic,0,0.024768818669261283,0.0024635767651118128,0,1,1,0,0,0.0263519287109375,0.00844573974609375,0.01790618896484375,-0.9472808837890625,-0.9832534790039062,0.03597259521484375,87B7C264B5818F45E388293FA03E9BCFBE165182B2B75FCE0304A6911339EF98
20260713,ordinary_dynamic_augmentation,Dynamic ERM,cnrs_parent_0147,pattern_417,triclinic,0,0.03176462012756254,0.00042802773701640406,0,0,0,1,1,0.9736328125,0.96337890625,0.01025390625,0.94708251953125,0.926605224609375,0.020477294921875,87B7C264B5818F45E388293FA03E9BCFBE165182B2B75FCE0304A6911339EF98
20260713,ordinary_dynamic_augmentation,Dynamic ERM,cnrs_parent_0148,pattern_423,triclinic,0,0.07258512287201191,0.30076895377375945,1,0,1,1,0,0.67041015625,0.0078125,0.66259765625,0.341064453125,-0.984375,1.325439453125,87B7C264B5818F45E388293FA03E9BCFBE165182B2B75FCE0304A6911339EF98
20260713,ordinary_dynamic_augmentation,Dynamic ERM,cnrs_parent_0154,pattern_444,triclinic,0,0.13664295674428728,0.19266893054799317,0,1,1,0,0,2.092123031616211e-05,0.45703125,-0.45701032876968384,-0.9999790787696838,-0.0859375,-0.9140415787696838,87B7C264B5818F45E388293FA03E9BCFBE165182B2B75FCE0304A6911339EF98
20260713,ordinary_dynamic_augmentation,Dynamic ERM,cnrs_parent_0158,pattern_456,triclinic,0,0.13541608128652582,0.007953032992673838,0,1,1,0,0,0.0384521484375,0.1015625,-0.0631103515625,-0.9229736328125,-0.796875,-0.1260986328125,87B7C264B5818F45E388293FA03E9BCFBE165182B2B75FCE0304A6911339EF98
20260713,ordinary_dynamic_augmentation,Dynamic ERM,cnrs_parent_0161,pattern_464,triclinic,0,0.14496856231381294,0.290338553740856,1,1,0,0,1,0.3720703125,0.99951171875,-0.62744140625,-0.255859375,0.999035120010376,-1.254894495010376,87B7C264B5818F45E388293FA03E9BCFBE165182B2B75FCE0304A6911339EF98
20260713,ordinary_dynamic_augmentation,Dynamic ERM,cnrs_parent_0207,pattern_585,triclinic,0,0.09369269417610848,0.0002841538336907534,0,1,1,0,0,0.0013484954833984375,0.0010519027709960938,0.00029659271240234375,-0.9957218170166016,-0.9974832534790039,0.0017614364624023438,87B7C264B5818F45E388293FA03E9BCFBE165182B2B75FCE0304A6911339EF98
20260713,ordinary_dynamic_augmentation,Dynamic ERM,cnrs_parent_0233,pattern_653,triclinic,0,0.1354725291853428,0.5093597494916335,1,0,1,1,0,0.88623046875,6.204843521118164e-05,0.8861684203147888,0.77264404296875,-0.9999379515647888,1.7725819945335388,87B7C264B5818F45E388293FA03E9BCFBE165182B2B75FCE0304A6911339EF98
20260713,ordinary_dynamic_augmentation,Dynamic ERM,cnrs_parent_0253,pattern_753,triclinic,0,0.13386841072552136,0.24613792817162655,1,1,0,0,1,0.439697265625,0.99853515625,-0.558837890625,-0.120361328125,0.9973659515380859,-1.117727279663086,87B7C264B5818F45E388293FA03E9BCFBE165182B2B75FCE0304A6911339EF98
20260713,ordinary_dynamic_augmentation,Dynamic ERM,cnrs_parent_0291,pattern_881,triclinic,0,0.1551859651851809,0.6258241798153772,1,1,0,0,1,0.0009622573852539062,0.97216796875,-0.9712057113647461,-0.9980611801147461,0.944580078125,-1.942641258239746,87B7C264B5818F45E388293FA03E9BCFBE165182B2B75FCE0304A6911339EF98
20260713,ordinary_dynamic_augmentation,Dynamic ERM,cnrs_parent_0321,pattern_979,triclinic,0,0.18661922113834373,0.5059442134773653,1,4,1,0,0,2.980232238769531e-07,5.960464477539063e-08,2.384185791015625e-07,-0.6772457957267761,-0.9999999403953552,0.3227541446685791,87B7C264B5818F45E388293FA03E9BCFBE165182B2B75FCE0304A6911339EF98
20260713,ordinary_dynamic_augmentation,Dynamic ERM,cnrs_parent_0028,pattern_11,monoclinic,1,0.10044097907224325,0.43410399776423303,1,1,0,1,0,0.99951171875,0.1859130859375,0.8135986328125,0.9991574287414551,-0.6280517578125,1.627209186553955,87B7C264B5818F45E388293FA03E9BCFBE165182B2B75FCE0304A6911339EF98
20260713,ordinary_dynamic_augmentation,Dynamic ERM,cnrs_parent_0049,pattern_15,monoclinic,1,0.1261260371875883,0.1499208374658549,1,1,0,1,0,0.6826171875,0.157958984375,0.524658203125,0.365234375,-0.682861328125,1.048095703125,87B7C264B5818F45E388293FA03E9BCFBE165182B2B75FCE0304A6911339EF98
20260713,ordinary_dynamic_augmentation,Dynamic ERM,cnrs_parent_0115,pattern_32,monoclinic,1,0.05437859438705017,0.00011625709224028526,0,1,1,1,1,0.99951171875,1.0,-0.00048828125,0.9992086887359619,0.9998440742492676,-0.0006353855133056641,87B7C264B5818F45E388293FA03E9BCFBE165182B2B75FCE0304A6911339EF98
20260713,ordinary_dynamic_augmentation,Dynamic ERM,cnrs_parent_0153,pattern_44,monoclinic,1,0.12195272058891815,0.3444525606133456,1,1,0,1,0,0.7041015625,0.00012636184692382812,0.7039752006530762,0.408203125,-0.9998736381530762,1.4080767631530762,87B7C264B5818F45E388293FA03E9BCFBE165182B2B75FCE0304A6911339EF98
20260713,ordinary_dynamic_augmentation,Dynamic ERM,cnrs_parent_0214,pattern_60,monoclinic,1,0.1959531363601077,0.639677350309848,1,1,0,1,0,0.99951171875,0.0206451416015625,0.9788665771484375,0.9987797737121582,-0.9588470458984375,1.9576268196105957,87B7C264B5818F45E388293FA03E9BCFBE165182B2B75FCE0304A6911339EF98
20260713,ordinary_dynamic_augmentation,Dynamic ERM,cnrs_parent_0236,pattern_67,monoclinic,1,0.17011701914514976,0.0002434130385417793,0,0,0,0,0,5.08427619934082e-05,0.0007233619689941406,-0.0006725192070007324,-0.9999491572380066,-0.9983000755310059,-0.0016490817070007324,87B7C264B5818F45E388293FA03E9BCFBE165182B2B75FCE0304A6911339EF98
20260713,ordinary_dynamic_augmentation,Dynamic ERM,cnrs_parent_0005,pattern_102,monoclinic,1,0.15723668850037753,0.00479551819073471,0,0,0,0,0,6.854534149169922e-06,2.2649765014648438e-06,4.589557647705078e-06,-0.9863212704658508,-0.9999977350234985,0.013676464557647705,87B7C264B5818F45E388293FA03E9BCFBE165182B2B75FCE0304A6911339EF98
20260713,ordinary_dynamic_augmentation,Dynamic ERM,cnrs_parent_0011,pattern_103,monoclinic,1,0.5978079978965352,0.692417759330265,1,0,6,0,0,0.4765625,1.7404556274414062e-05,0.4765450954437256,-0.046875,-0.9990060329437256,0.9521310329437256,87B7C264B5818F45E388293FA03E9BCFBE165182B2B75FCE0304A6911339EF98
20260713,ordinary_dynamic_augmentation,Dynamic ERM,cnrs_parent_0027,pattern_109,monoclinic,1,0.024748738262813763,0.2538213407970337,1,1,0,1,0,0.59619140625,0.007175445556640625,0.5890159606933594,0.192626953125,-0.9855003356933594,1.1781272888183594,87B7C264B5818F45E388293FA03E9BCFBE165182B2B75FCE0304A6911339EF98
20260713,ordinary_dynamic_augmentation,Dynamic ERM,cnrs_parent_0030,pattern_112,monoclinic,1,0.45777378764650056,0.64784921982237,1,1,0,1,0,0.99267578125,0.00844573974609375,0.9842300415039062,0.9856414794921875,-0.9832534790039062,1.9688949584960938,87B7C264B5818F45E388293FA03E9BCFBE165182B2B75FCE0304A6911339EF98
20260713,ordinary_dynamic_augmentation,Dynamic ERM,cnrs_parent_0031,pattern_113,monoclinic,1,1.0387131101983778,0.6636626730614543,1,1,3,1,0,0.970703125,1.3530254364013672e-05,0.970689594745636,0.96099853515625,-0.536119282245636,1.497117817401886,87B7C264B5818F45E388293FA03E9BCFBE165182B2B75FCE0304A6911339EF98
20260713,ordinary_dynamic_augmentation,Dynamic ERM,cnrs_parent_0039,pattern_125,monoclinic,1,0.03547429046477801,0.11379725724883297,0,0,0,0,0,0.061431884765625,0.4609375,-0.399505615234375,-0.877044677734375,-0.078125,-0.798919677734375,87B7C264B5818F45E388293FA03E9BCFBE165182B2B75FCE0304A6911339EF98
20260713,ordinary_dynamic_augmentation,Dynamic ERM,cnrs_parent_0042,pattern_129,monoclinic,1,0.2682851408321848,0.6733854258063423,1,1,0,1,0,1.0,0.006290435791015625,0.9937095642089844,0.9998660087585449,-0.9873619079589844,1.9872279167175293,87B7C264B5818F45E388293FA03E9BCFBE165182B2B75FCE0304A6911339EF98
20260713,ordinary_dynamic_augmentation,Dynamic ERM,cnrs_parent_0051,pattern_151,monoclinic,1,0.18815970736911203,0.22417246499375004,1,1,2,1,0,1.0,0.48486328125,0.51513671875,0.9999905824661255,-0.015625,1.0156155824661255,87B7C264B5818F45E388293FA03E9BCFBE165182B2B75FCE0304A6911339EF98
20260713,ordinary_dynamic_augmentation,Dynamic ERM,cnrs_parent_0060,pattern_175,monoclinic,1,0.17210598999729088,0.23139465955898927,1,1,0,1,0,0.56982421875,0.010650634765625,0.559173583984375,0.139892578125,-0.978607177734375,1.118499755859375,87B7C264B5818F45E388293FA03E9BCFBE165182B2B75FCE0304A6911339EF98
20260713,ordinary_dynamic_augmentation,Dynamic ERM,cnrs_parent_0066,pattern_192,monoclinic,1,0.23240977377542837,0.00013286443509081763,0,1,1,1,1,1.0,0.99951171875,0.00048828125,0.9999966621398926,0.9991071224212646,0.0008895397186279297,87B7C264B5818F45E388293FA03E9BCFBE165182B2B75FCE0304A6911339EF98
20260713,ordinary_dynamic_augmentation,Dynamic ERM,cnrs_parent_0072,pattern_205,monoclinic,1,0.4489383575670606,0.09296156185146247,0,1,1,1,1,0.712890625,0.982421875,-0.26953125,0.429443359375,0.9715042114257812,-0.5420608520507812,87B7C264B5818F45E388293FA03E9BCFBE165182B2B75FCE0304A6911339EF98
20260713,ordinary_dynamic_augmentation,Dynamic ERM,cnrs_parent_0074,pattern_208,monoclinic,1,0.19647377129894927,0.009623830079045135,0,0,0,0,0,0.0313720703125,0.0006537437438964844,0.030718326568603516,-0.9373779296875,-0.9988579750061035,0.061480045318603516,87B7C264B5818F45E388293FA03E9BCFBE165182B2B75FCE0304A6911339EF98
20260713,ordinary_dynamic_augmentation,Dynamic ERM,cnrs_parent_0080,pattern_225,monoclinic,1,0.1551620763937992,0.004359352178247039,0,1,1,1,1,0.98193359375,0.94921875,0.03271484375,0.96429443359375,0.898529052734375,0.065765380859375,87B7C264B5818F45E388293FA03E9BCFBE165182B2B75FCE0304A6911339EF98
20260713,ordinary_dynamic_augmentation,Dynamic ERM,cnrs_parent_0081,pattern_226,monoclinic,1,0.39486447294557536,0.05604869323024754,0,0,0,0,0,0.1715087890625,0.0162811279296875,0.1552276611328125,-0.6185302734375,-0.9676055908203125,0.3490753173828125,87B7C264B5818F45E388293FA03E9BCFBE165182B2B75FCE0304A6911339EF98
20260713,ordinary_dynamic_augmentation,Dynamic ERM,cnrs_parent_0084,pattern_233,monoclinic,1,0.11427449620961816,0.012897615201953119,0,0,0,0,0,0.3056640625,0.169921875,0.1357421875,-0.388671875,-0.66015625,0.271484375,87B7C264B5818F45E388293FA03E9BCFBE165182B2B75FCE0304A6911339EF98
20260713,ordinary_dynamic_augmentation,Dynamic ERM,cnrs_parent_0089,pattern_241,monoclinic,1,0.10034340945875164,0.00012793391057184896,0,1,1,1,1,0.99951171875,1.0,-0.00048828125,0.9988579750061035,0.9999039173126221,-0.0010459423065185547,87B7C264B5818F45E388293FA03E9BCFBE165182B2B75FCE0304A6911339EF98
20260713,ordinary_dynamic_augmentation,Dynamic ERM,cnrs_parent_0091,pattern_243,monoclinic,1,0.5187969991523291,0.5855843781602035,1,4,1,0,1,0.0037784576416015625,0.8994140625,-0.8956356048583984,-0.9923152923583984,0.846649169921875,-1.8389644622802734,87B7C264B5818F45E388293FA03E9BCFBE165182B2B75FCE0304A6911339EF98
20260713,ordinary_dynamic_augmentation,Dynamic ERM,cnrs_parent_0092,pattern_244,monoclinic,1,0.03048443688435254,0.0009767000824139522,0,0,0,0,0,0.0031452178955078125,0.00016999244689941406,0.0029752254486083984,-0.9929485321044922,-0.9998300075531006,0.0068814754486083984,87B7C264B5818F45E388293FA03E9BCFBE165182B2B75FCE0304A6911339EF98
20260713,ordinary_dynamic_augmentation,Dynamic ERM,cnrs_parent_0094,pattern_250,monoclinic,1,0.37910820424996516,0.012719575820894854,0,1,1,1,1,0.9638671875,1.0,-0.0361328125,0.931396484375,0.9999596476554871,-0.06856316328048706,87B7C264B5818F45E388293FA03E9BCFBE165182B2B75FCE0304A6911339EF98
20260713,ordinary_dynamic_augmentation,Dynamic ERM,cnrs_parent_0095,pattern_255,monoclinic,1,0.1498266790302275,0.012435517253370937,0,0,0,0,0,0.03033447265625,0.00030541419982910156,0.0300290584564209,-0.93206787109375,-0.9992063045501709,0.0671384334564209,87B7C264B5818F45E388293FA03E9BCFBE165182B2B75FCE0304A6911339EF98
20260713,ordinary_dynamic_augmentation,Dynamic ERM,cnrs_parent_0098,pattern_262,monoclinic,1,0.2062428398267414,0.09267336349893966,0,1,1,1,1,0.998046875,0.74755859375,0.25048828125,0.9965982437133789,0.4951171875,0.5014810562133789,87B7C264B5818F45E388293FA03E9BCFBE165182B2B75FCE0304A6911339EF98
20260713,ordinary_dynamic_augmentation,Dynamic ERM,cnrs_parent_0099,pattern_266,monoclinic,1,0.4928988021993861,0.6872723247482837,1,5,1,0,1,0.0014047622680664062,0.90576171875,-0.9043569564819336,-0.9912710189819336,0.811767578125,-1.8030385971069336,87B7C264B5818F45E388293FA03E9BCFBE165182B2B75FCE0304A6911339EF98
20260713,ordinary_dynamic_augmentation,Dynamic ERM,cnrs_parent_0102,pattern_273,monoclinic,1,0.2631612871723018,0.19833977617262966,0,0,0,0,0,0.2978515625,0.0001881122589111328,0.29766345024108887,-0.23291015625,-0.9998118877410889,0.7669017314910889,87B7C264B5818F45E388293FA03E9BCFBE165182B2B75FCE0304A6911339EF98
20260713,ordinary_dynamic_augmentation,Dynamic ERM,cnrs_parent_0110,pattern_303,monoclinic,1,0.08105289691696294,0.05191420574685178,1,1,0,1,0,0.7783203125,0.470703125,0.3076171875,0.55712890625,-0.05859375,0.61572265625,87B7C264B5818F45E388293FA03E9BCFBE165182B2B75FCE0304A6911339EF98
20260713,ordinary_dynamic_augmentation,Dynamic ERM,cnrs_parent_0111,pattern_307,monoclinic,1,0.03551647722333884,0.0021713799407532424,0,1,1,1,1,1.0,0.99267578125,0.00732421875,0.9998326301574707,0.985443115234375,0.014389514923095703,87B7C264B5818F45E388293FA03E9BCFBE165182B2B75FCE0304A6911339EF98
20260713,ordinary_dynamic_augmentation,Dynamic ERM,cnrs_parent_0121,pattern_342,monoclinic,1,0.07608612558892358,0.270632867910852,1,1,0,1,0,0.78271484375,0.09136962890625,0.69134521484375,0.5654296875,-0.81732177734375,1.38275146484375,87B7C264B5818F45E388293FA03E9BCFBE165182B2B75FCE0304A6911339EF98
20260713,ordinary_dynamic_augmentation,Dynamic ERM,cnrs_parent_0122,pattern_344,monoclinic,1,0.48289829188165356,0.03341771436954202,0,1,1,1,1,0.90771484375,0.998046875,-0.09033203125,0.83868408203125,0.9960899353027344,-0.15740585327148438,87B7C264B5818F45E388293FA03E9BCFBE165182B2B75FCE0304A6911339EF98
20260713,ordinary_dynamic_augmentation,Dynamic ERM,cnrs_parent_0128,pattern_362,monoclinic,1,0.11080200106794791,0.03695138691216843,0,0,0,0,0,0.1087646484375,0.0011968612670898438,0.10756778717041016,-0.7808837890625,-0.9978265762329102,0.21694278717041016,87B7C264B5818F45E388293FA03E9BCFBE165182B2B75FCE0304A6911339EF98
20260713,ordinary_dynamic_augmentation,Dynamic ERM,cnrs_parent_0130,pattern_365,monoclinic,1,0.2823617838408967,1.0826974051994605e-05,0,0,0,0,0,5.960464477539063e-08,1.2516975402832031e-06,-1.1920928955078125e-06,-0.9999999403953552,-0.9999987483024597,-1.1920928955078125e-06,87B7C264B5818F45E388293FA03E9BCFBE165182B2B75FCE0304A6911339EF98
20260713,ordinary_dynamic_augmentation,Dynamic ERM,cnrs_parent_0137,pattern_388,monoclinic,1,0.1139023329821961,2.111027407951329e-05,0,0,0,0,0,6.556510925292969e-05,6.556510925292969e-07,6.490945816040039e-05,-0.9999344348907471,-0.9999993443489075,6.490945816040039e-05,87B7C264B5818F45E388293FA03E9BCFBE165182B2B75FCE0304A6911339EF98
20260713,ordinary_dynamic_augmentation,Dynamic ERM,cnrs_parent_0140,pattern_397,monoclinic,1,0.19333355266680818,0.0005811672107069188,0,1,1,1,1,0.9990234375,0.9990234375,0.0,0.997889518737793,0.9979667663574219,-7.724761962890625e-05,87B7C264B5818F45E388293FA03E9BCFBE165182B2B75FCE0304A6911339EF98
20260713,ordinary_dynamic_augmentation,Dynamic ERM,cnrs_parent_0151,pattern_431,monoclinic,1,0.04038265961729115,0.004726041299376435,0,1,1,1,1,0.79150390625,0.708984375,0.08251953125,0.5833740234375,0.41796875,0.1654052734375,87B7C264B5818F45E388293FA03E9BCFBE165182B2B75FCE0304A6911339EF98
20260713,ordinary_dynamic_augmentation,Dynamic ERM,cnrs_parent_0162,pattern_469,monoclinic,1,0.3666241353853009,0.038177972713283534,0,0,0,0,0,0.1329345703125,0.006374359130859375,0.12656021118164062,-0.7337646484375,-0.9848365783691406,0.2510719299316406,87B7C264B5818F45E388293FA03E9BCFBE165182B2B75FCE0304A6911339EF98
20260713,ordinary_dynamic_augmentation,Dynamic ERM,cnrs_parent_0165,pattern_474,monoclinic,1,0.29658577861241464,0.236913586241506,1,1,3,1,0,0.9951171875,0.441650390625,0.553466796875,0.9915409088134766,-0.051025390625,1.0425662994384766,87B7C264B5818F45E388293FA03E9BCFBE165182B2B75FCE0304A6911339EF98
20260713,ordinary_dynamic_augmentation,Dynamic ERM,cnrs_parent_0169,pattern_480,monoclinic,1,0.0498530842822098,0.01445666474118441,0,0,0,0,0,0.332763671875,0.184814453125,0.14794921875,-0.334228515625,-0.630615234375,0.29638671875,87B7C264B5818F45E388293FA03E9BCFBE165182B2B75FCE0304A6911339EF98
20260713,ordinary_dynamic_augmentation,Dynamic ERM,cnrs_parent_0170,pattern_482,monoclinic,1,0.07049930905959434,0.13744513526939384,1,0,1,0,1,0.105712890625,0.5869140625,-0.481201171875,-0.786376953125,0.174072265625,-0.96044921875,87B7C264B5818F45E388293FA03E9BCFBE165182B2B75FCE0304A6911339EF98
20260713,ordinary_dynamic_augmentation,Dynamic ERM,cnrs_parent_0174,pattern_491,monoclinic,1,0.11984579148180974,0.006665500239805092,0,1,1,1,1,0.9775390625,0.998046875,-0.0205078125,0.95526123046875,0.9969615936279297,-0.04170036315917969,87B7C264B5818F45E388293FA03E9BCFBE165182B2B75FCE0304A6911339EF98
20260713,ordinary_dynamic_augmentation,Dynamic ERM,cnrs_parent_0176,pattern_497,monoclinic,1,0.029098458679770123,0.15691069584830042,1,0,1,0,1,0.09393310546875,0.5947265625,-0.50079345703125,-0.79034423828125,0.2255859375,-1.01593017578125,87B7C264B5818F45E388293FA03E9BCFBE165182B2B75FCE0304A6911339EF98
20260713,ordinary_dynamic_augmentation,Dynamic ERM,cnrs_parent_0180,pattern_513,monoclinic,1,1.1705124615429474,0.6876770648721116,1,1,6,1,0,0.97412109375,0.0007061958312988281,0.9734148979187012,0.949066162109375,-0.8318133354187012,1.7808794975280762,87B7C264B5818F45E388293FA03E9BCFBE165182B2B75FCE0304A6911339EF98
20260713,ordinary_dynamic_augmentation,Dynamic ERM,cnrs_parent_0181,pattern_514,monoclinic,1,0.0789591221789846,0.0006053483648945228,0,0,0,0,0,0.0017414093017578125,2.384185791015625e-07,0.001741170883178711,-0.9963054656982422,-0.9999997615814209,0.003694295883178711,87B7C264B5818F45E388293FA03E9BCFBE165182B2B75FCE0304A6911339EF98
20260713,ordinary_dynamic_augmentation,Dynamic ERM,cnrs_parent_0182,pattern_516,monoclinic,1,0.03849427541870487,0.0011382878813274186,0,1,1,1,1,1.0,0.99609375,0.00390625,0.999925434589386,0.9923725128173828,0.007552921772003174,87B7C264B5818F45E388293FA03E9BCFBE165182B2B75FCE0304A6911339EF98
20260713,ordinary_dynamic_augmentation,Dynamic ERM,cnrs_parent_0186,pattern_538,monoclinic,1,0.11623947379436395,0.544892545482931,1,1,0,1,0,0.92138671875,0.0126190185546875,0.9087677001953125,0.861785888671875,-0.9746856689453125,1.8364715576171875,87B7C264B5818F45E388293FA03E9BCFBE165182B2B75FCE0304A6911339EF98
20260713,ordinary_dynamic_augmentation,Dynamic ERM,cnrs_parent_0190,pattern_551,monoclinic,1,0.49345411732577904,0.6672382620957436,1,0,1,0,1,0.002017974853515625,0.98193359375,-0.9799156188964844,-0.9955406188964844,0.9699020385742188,-1.9654426574707031,87B7C264B5818F45E388293FA03E9BCFBE165182B2B75FCE0304A6911339EF98
20260713,ordinary_dynamic_augmentation,Dynamic ERM,cnrs_parent_0191,pattern_552,monoclinic,1,0.30633012344402977,0.5997244844280745,1,1,0,1,0,0.99462890625,0.03515625,0.95947265625,0.9891586303710938,-0.88916015625,1.8783187866210938,87B7C264B5818F45E388293FA03E9BCFBE165182B2B75FCE0304A6911339EF98
20260713,ordinary_dynamic_augmentation,Dynamic ERM,cnrs_parent_0193,pattern_554,monoclinic,1,0.02353035238079304,3.459532932521846e-07,0,1,1,1,1,1.0,1.0,0.0,0.9999834895133972,0.9999895691871643,-6.079673767089844e-06,87B7C264B5818F45E388293FA03E9BCFBE165182B2B75FCE0304A6911339EF98
20260713,ordinary_dynamic_augmentation,Dynamic ERM,cnrs_parent_0195,pattern_560,monoclinic,1,0.23483183338887303,0.5808382929234184,1,1,0,1,0,1.0,0.05792236328125,0.94207763671875,0.9999985098838806,-0.88397216796875,1.8839706778526306,87B7C264B5818F45E388293FA03E9BCFBE165182B2B75FCE0304A6911339EF98
20260713,ordinary_dynamic_augmentation,Dynamic ERM,cnrs_parent_0198,pattern_568,monoclinic,1,0.043883375359669685,0.05211841635423789,0,1,1,1,1,0.82177734375,0.9921875,-0.17041015625,0.64404296875,0.984375,-0.34033203125,87B7C264B5818F45E388293FA03E9BCFBE165182B2B75FCE0304A6911339EF98
20260713,ordinary_dynamic_augmentation,Dynamic ERM,cnrs_parent_0209,pattern_588,monoclinic,1,0.1698871463481909,0.0003530481274580348,0,1,1,1,1,0.99853515625,1.0,-0.00146484375,0.9970455169677734,0.9998880624771118,-0.002842545509338379,87B7C264B5818F45E388293FA03E9BCFBE165182B2B75FCE0304A6911339EF98
20260713,ordinary_dynamic_augmentation,Dynamic ERM,cnrs_parent_0210,pattern_590,monoclinic,1,0.04573278258062441,0.002638102847717947,0,1,1,1,1,0.9697265625,0.9892578125,-0.01953125,0.93951416015625,0.978729248046875,-0.039215087890625,87B7C264B5818F45E388293FA03E9BCFBE165182B2B75FCE0304A6911339EF98
20260713,ordinary_dynamic_augmentation,Dynamic ERM,cnrs_parent_0212,pattern_595,monoclinic,1,0.07073868097346381,2.6907865375790387e-05,0,1,1,1,1,1.0,1.0,0.0,0.9999833106994629,0.999897301197052,8.600950241088867e-05,87B7C264B5818F45E388293FA03E9BCFBE165182B2B75FCE0304A6911339EF98
20260713,ordinary_dynamic_augmentation,Dynamic ERM,cnrs_parent_0213,pattern_599,monoclinic,1,0.13893889031601203,0.31575989841467395,1,1,0,1,0,0.9921875,0.30859375,0.68359375,0.9846115112304688,-0.38134765625,1.3659591674804688,87B7C264B5818F45E388293FA03E9BCFBE165182B2B75FCE0304A6911339EF98
20260713,ordinary_dynamic_augmentation,Dynamic ERM,cnrs_parent_0219,pattern_616,monoclinic,1,0.05648815338566937,0.030407477406283218,0,1,1,1,1,0.99951171875,0.91015625,0.08935546875,0.9987964630126953,0.82281494140625,0.1759815216064453,87B7C264B5818F45E388293FA03E9BCFBE165182B2B75FCE0304A6911339EF98
20260713,ordinary_dynamic_augmentation,Dynamic ERM,cnrs_parent_0221,pattern_618,monoclinic,1,0.2326905175588604,4.327889134576596e-05,0,1,1,1,1,1.0,1.0,0.0,0.999990701675415,0.9998831748962402,0.00010752677917480469,87B7C264B5818F45E388293FA03E9BCFBE165182B2B75FCE0304A6911339EF98
20260713,ordinary_dynamic_augmentation,Dynamic ERM,cnrs_parent_0240,pattern_684,monoclinic,1,0.33050533569252893,0.5742723753690306,1,1,0,1,0,0.99169921875,0.046722412109375,0.944976806640625,0.9835128784179688,-0.906402587890625,1.8899154663085938,87B7C264B5818F45E388293FA03E9BCFBE165182B2B75FCE0304A6911339EF98
20260713,ordinary_dynamic_augmentation,Dynamic ERM,cnrs_parent_0243,pattern_710,monoclinic,1,0.024469988112953978,0.0037054770073855284,0,0,0,0,0,0.01107025146484375,5.1856040954589844e-05,0.01101839542388916,-0.9776992797851562,-0.9999481439590454,0.02224886417388916,87B7C264B5818F45E388293FA03E9BCFBE165182B2B75FCE0304A6911339EF98
20260713,ordinary_dynamic_augmentation,Dynamic ERM,cnrs_parent_0251,pattern_745,monoclinic,1,0.1699604839437776,0.16037767563521813,0,1,1,1,1,0.998046875,0.59814453125,0.39990234375,0.9965925216674805,0.196533203125,0.8000593185424805,87B7C264B5818F45E388293FA03E9BCFBE165182B2B75FCE0304A6911339EF98
20260713,ordinary_dynamic_augmentation,Dynamic ERM,cnrs_parent_0254,pattern_756,monoclinic,1,0.039852488688472465,4.1314788325589256e-08,0,1,1,1,1,1.0,1.0,0.0,1.0,0.9999998807907104,1.1920928955078125e-07,87B7C264B5818F45E388293FA03E9BCFBE165182B2B75FCE0304A6911339EF98
20260713,ordinary_dynamic_augmentation,Dynamic ERM,cnrs_parent_0259,pattern_779,monoclinic,1,0.06499760217310402,0.0029136332536355645,0,1,1,1,1,1.0,0.99169921875,0.00830078125,0.9999942183494568,0.9832534790039062,0.016740739345550537,87B7C264B5818F45E388293FA03E9BCFBE165182B2B75FCE0304A6911339EF98
20260713,ordinary_dynamic_augmentation,Dynamic ERM,cnrs_parent_0269,pattern_815,monoclinic,1,0.22107268416513937,0.036978424882099604,0,2,2,0,0,0.0014753341674804688,4.9173831939697266e-05,0.0014261603355407715,-0.7245988845825195,-0.8578609824180603,0.13326209783554077,87B7C264B5818F45E388293FA03E9BCFBE165182B2B75FCE0304A6911339EF98
20260713,ordinary_dynamic_augmentation,Dynamic ERM,cnrs_parent_0271,pattern_825,monoclinic,1,0.259223965593419,0.012434286669929507,0,0,0,0,0,0.036224365234375,9.119510650634766e-05,0.03613317012786865,-0.927642822265625,-0.9999088048934937,0.07226598262786865,87B7C264B5818F45E388293FA03E9BCFBE165182B2B75FCE0304A6911339EF98
20260713,ordinary_dynamic_augmentation,Dynamic ERM,cnrs_parent_0273,pattern_831,monoclinic,1,0.07558203941101116,0.004375654874452333,0,1,1,1,1,0.83642578125,0.767578125,0.06884765625,0.67431640625,0.5352783203125,0.1390380859375,87B7C264B5818F45E388293FA03E9BCFBE165182B2B75FCE0304A6911339EF98
20260713,ordinary_dynamic_augmentation,Dynamic ERM,cnrs_parent_0274,pattern_833,monoclinic,1,0.09832628997529602,0.014380174341878674,0,1,1,1,1,0.95751953125,1.0,-0.04248046875,0.914794921875,0.9997621774673462,-0.08496725559234619,87B7C264B5818F45E388293FA03E9BCFBE165182B2B75FCE0304A6911339EF98
20260713,ordinary_dynamic_augmentation,Dynamic ERM,cnrs_parent_0284,pattern_857,monoclinic,1,0.08595122026343616,0.26723252770799427,1,1,0,1,0,0.75927734375,0.07904052734375,0.68023681640625,0.5185546875,-0.82916259765625,1.34771728515625,87B7C264B5818F45E388293FA03E9BCFBE165182B2B75FCE0304A6911339EF98
20260713,ordinary_dynamic_augmentation,Dynamic ERM,cnrs_parent_0285,pattern_859,monoclinic,1,0.43545404371151786,0.6900743723920186,1,1,0,1,0,0.99951171875,0.0006566047668457031,0.9988551139831543,0.99910569190979,-0.9988551139831543,1.9979608058929443,87B7C264B5818F45E388293FA03E9BCFBE165182B2B75FCE0304A6911339EF98
20260713,ordinary_dynamic_augmentation,Dynamic ERM,cnrs_parent_0292,pattern_885,monoclinic,1,0.006738941998865822,0.0,0,1,1,1,1,1.0,1.0,0.0,1.0,1.0,0.0,87B7C264B5818F45E388293FA03E9BCFBE165182B2B75FCE0304A6911339EF98
20260713,ordinary_dynamic_augmentation,Dynamic ERM,cnrs_parent_0294,pattern_890,monoclinic,1,0.23820070356692513,0.6855293250445866,1,1,0,1,0,0.998046875,0.0002472400665283203,0.9977996349334717,0.9962854385375977,-0.9992644786834717,1.9955499172210693,87B7C264B5818F45E388293FA03E9BCFBE165182B2B75FCE0304A6911339EF98
20260713,ordinary_dynamic_augmentation,Dynamic ERM,cnrs_parent_0295,pattern_895,monoclinic,1,0.21807587045066146,0.00011827488678065981,0,0,0,0,0,0.0,7.152557373046875e-07,-7.152557373046875e-07,-1.0,-0.9995110034942627,-0.0004889965057373047,87B7C264B5818F45E388293FA03E9BCFBE165182B2B75FCE0304A6911339EF98
20260713,ordinary_dynamic_augmentation,Dynamic ERM,cnrs_parent_0296,pattern_896,monoclinic,1,0.1715319813820808,0.056244885317930426,0,1,1,1,1,1.0,0.84521484375,0.15478515625,0.9998517036437988,0.6912841796875,0.30856752395629883,87B7C264B5818F45E388293FA03E9BCFBE165182B2B75FCE0304A6911339EF98
20260713,ordinary_dynamic_augmentation,Dynamic ERM,cnrs_parent_0297,pattern_906,monoclinic,1,0.14912988466042187,0.1547547330330554,1,0,1,0,1,0.0557861328125,0.47607421875,-0.4202880859375,-0.8875732421875,0.009033203125,-0.8966064453125,87B7C264B5818F45E388293FA03E9BCFBE165182B2B75FCE0304A6911339EF98
20260713,ordinary_dynamic_augmentation,Dynamic ERM,cnrs_parent_0298,pattern_907,monoclinic,1,0.053648171338468664,0.03552078535359823,0,0,0,0,0,0.0013666152954101562,0.107421875,-0.10605525970458984,-0.9971685409545898,-0.78515625,-0.21201229095458984,87B7C264B5818F45E388293FA03E9BCFBE165182B2B75FCE0304A6911339EF98
20260713,ordinary_dynamic_augmentation,Dynamic ERM,cnrs_parent_0301,pattern_912,monoclinic,1,0.04897037887000577,0.010000259842253292,0,1,1,1,1,0.951171875,0.87255859375,0.07861328125,0.904541015625,0.7535400390625,0.1510009765625,87B7C264B5818F45E388293FA03E9BCFBE165182B2B75FCE0304A6911339EF98
20260713,ordinary_dynamic_augmentation,Dynamic ERM,cnrs_parent_0305,pattern_930,monoclinic,1,0.9522606729776703,0.6891876234471829,1,1,0,1,0,0.9716796875,0.0009889602661132812,0.9706907272338867,0.94744873046875,-0.9980344772338867,1.9454832077026367,87B7C264B5818F45E388293FA03E9BCFBE165182B2B75FCE0304A6911339EF98
20260713,ordinary_dynamic_augmentation,Dynamic ERM,cnrs_parent_0306,pattern_938,monoclinic,1,0.20030424949208236,0.6871369894637072,1,1,0,1,0,0.9990234375,0.00055694580078125,0.9984664916992188,0.9981122016906738,-0.9989547729492188,1.9970669746398926,87B7C264B5818F45E388293FA03E9BCFBE165182B2B75FCE0304A6911339EF98
20260713,ordinary_dynamic_augmentation,Dynamic ERM,cnrs_parent_0314,pattern_961,monoclinic,1,0.17988832568074964,0.4974036032259794,1,1,0,1,0,0.95068359375,0.0501708984375,0.9005126953125,0.902984619140625,-0.8966064453125,1.799591064453125,87B7C264B5818F45E388293FA03E9BCFBE165182B2B75FCE0304A6911339EF98
20260713,ordinary_dynamic_augmentation,Dynamic ERM,cnrs_parent_0320,pattern_977,monoclinic,1,0.17343464048015322,0.34766947390151326,1,4,1,0,1,0.28857421875,0.9990234375,-0.71044921875,-0.3466796875,0.9982709884643555,-1.3449506759643555,87B7C264B5818F45E388293FA03E9BCFBE165182B2B75FCE0304A6911339EF98
20260713,ordinary_dynamic_augmentation,Dynamic ERM,cnrs_parent_0323,pattern_998,monoclinic,1,0.5981086028028164,0.5841098002155902,1,5,0,0,0,0.01361846923828125,0.0212860107421875,-0.00766754150390625,-0.7256393432617188,-0.9572296142578125,0.23159027099609375,87B7C264B5818F45E388293FA03E9BCFBE165182B2B75FCE0304A6911339EF98
20260713,ordinary_dynamic_augmentation,Dynamic ERM,cnrs_parent_0007,pattern_1021,monoclinic,1,0.5160255897011494,0.050506632983140134,0,1,1,1,1,0.9951171875,0.8623046875,0.1328125,0.9908370971679688,0.735107421875,0.25572967529296875,87B7C264B5818F45E388293FA03E9BCFBE165182B2B75FCE0304A6911339EF98
20260713,ordinary_dynamic_augmentation,Dynamic ERM,cnrs_parent_0008,pattern_1023,monoclinic,1,0.14082813471487043,0.33980330846474277,1,1,0,1,0,0.69921875,0.0003998279571533203,0.6988189220428467,0.3984375,-0.9991118907928467,1.3975493907928467,87B7C264B5818F45E388293FA03E9BCFBE165182B2B75FCE0304A6911339EF98
20260713,ordinary_dynamic_augmentation,Dynamic ERM,cnrs_parent_0014,pattern_1034,monoclinic,1,0.17502048266602377,0.010034816110156703,0,4,4,0,0,5.1915645599365234e-05,0.029083251953125,-0.029031336307525635,-0.9999480843544006,-0.941619873046875,-0.058328211307525635,87B7C264B5818F45E388293FA03E9BCFBE165182B2B75FCE0304A6911339EF98
20260713,ordinary_dynamic_augmentation,Dynamic ERM,cnrs_parent_0020,pattern_1044,monoclinic,1,0.05352166504245337,0.17536828901055074,0,0,0,0,0,0.007404327392578125,0.45703125,-0.4496269226074219,-0.9852714538574219,-0.0859375,-0.8993339538574219,87B7C264B5818F45E388293FA03E9BCFBE165182B2B75FCE0304A6911339EF98
20260713,ordinary_dynamic_augmentation,Dynamic ERM,cnrs_parent_0021,pattern_1045,monoclinic,1,0.022074922755535575,0.07082777718828001,0,0,0,0,0,0.216064453125,0.005062103271484375,0.21100234985351562,-0.568115234375,-0.9900550842285156,0.4219398498535156,87B7C264B5818F45E388293FA03E9BCFBE165182B2B75FCE0304A6911339EF98
20260713,ordinary_dynamic_augmentation,Dynamic ERM,cnrs_parent_0070,pattern_20,orthorhombic,2,0.14131325530757743,0.05879133935690348,0,1,1,0,0,1.055002212524414e-05,0.0,1.055002212524414e-05,-0.8393449187278748,-1.0,0.16065508127212524,87B7C264B5818F45E388293FA03E9BCFBE165182B2B75FCE0304A6911339EF98
20260713,ordinary_dynamic_augmentation,Dynamic ERM,cnrs_parent_0163,pattern_47,orthorhombic,2,0.16535511819751925,0.2816021597692365,0,1,1,0,0,5.447864532470703e-05,1.8894672393798828e-05,3.55839729309082e-05,-0.5199650526046753,-0.5790826678276062,0.05911761522293091,87B7C264B5818F45E388293FA03E9BCFBE165182B2B75FCE0304A6911339EF98
20260713,ordinary_dynamic_augmentation,Dynamic ERM,cnrs_parent_0173,pattern_49,orthorhombic,2,0.10354034994486705,0.10211060319184864,0,0,0,0,0,0.0,0.0,0.0,-0.72314453125,-0.998046875,0.27490234375,87B7C264B5818F45E388293FA03E9BCFBE165182B2B75FCE0304A6911339EF98
20260713,ordinary_dynamic_augmentation,Dynamic ERM,cnrs_parent_0224,pattern_63,orthorhombic,2,0.5091581040473484,0.5402671356267905,1,2,1,1,0,0.87744140625,2.1457672119140625e-06,0.8774392604827881,0.7896728515625,-0.9999978542327881,1.789670705795288,87B7C264B5818F45E388293FA03E9BCFBE165182B2B75FCE0304A6911339EF98
20260713,ordinary_dynamic_augmentation,Dynamic ERM,cnrs_parent_0234,pattern_66,orthorhombic,2,0.10052353394421387,0.036880916413341874,0,0,0,0,0,6.645917892456055e-05,0.006244659423828125,-0.0061782002449035645,-0.9911444783210754,-0.8545951843261719,-0.13654929399490356,87B7C264B5818F45E388293FA03E9BCFBE165182B2B75FCE0304A6911339EF98
20260713,ordinary_dynamic_augmentation,Dynamic ERM,cnrs_parent_0245,pattern_72,orthorhombic,2,0.3063656907006481,0.0002665585614467717,0,1,1,0,0,0.0006437301635742188,1.0132789611816406e-06,0.0006427168846130371,-0.9988679885864258,-0.9999989867210388,0.0011309981346130371,87B7C264B5818F45E388293FA03E9BCFBE165182B2B75FCE0304A6911339EF98
20260713,ordinary_dynamic_augmentation,Dynamic ERM,cnrs_parent_0293,pattern_89,orthorhombic,2,0.9936358143439727,0.6919525274658438,1,5,0,0,0,0.003143310546875,5.960464477539063e-08,0.0031432509422302246,-0.957794189453125,-0.9995116591453552,0.041717469692230225,87B7C264B5818F45E388293FA03E9BCFBE165182B2B75FCE0304A6911339EF98
20260713,ordinary_dynamic_augmentation,Dynamic ERM,cnrs_parent_0025,pattern_106,orthorhombic,2,1.6808795258789555,0.6931179200002029,1,1,5,0,0,1.0788440704345703e-05,2.7239322662353516e-05,-1.6450881958007812e-05,-0.9999892115592957,-0.8935274481773376,-0.10646176338195801,87B7C264B5818F45E388293FA03E9BCFBE165182B2B75FCE0304A6911339EF98
20260713,ordinary_dynamic_augmentation,Dynamic ERM,cnrs_parent_0032,pattern_114,orthorhombic,2,0.4339563899483856,0.22715462155287747,0,1,1,0,0,0.28125,1.704692840576172e-05,0.28123295307159424,-0.1953125,-0.9994946718215942,0.8041821718215942,87B7C264B5818F45E388293FA03E9BCFBE165182B2B75FCE0304A6911339EF98
20260713,ordinary_dynamic_augmentation,Dynamic ERM,cnrs_parent_0033,pattern_116,orthorhombic,2,0.23806209261616584,0.27918271085758994,1,1,0,0,0,0.03912353515625,6.580352783203125e-05,0.03905773162841797,-0.90130615234375,-0.619074821472168,-0.28223133087158203,87B7C264B5818F45E388293FA03E9BCFBE165182B2B75FCE0304A6911339EF98
20260713,ordinary_dynamic_augmentation,Dynamic ERM,cnrs_parent_0034,pattern_117,orthorhombic,2,0.26850860442875535,0.18048635930326856,0,0,0,0,0,0.0041961669921875,5.960464477539063e-08,0.004196107387542725,-0.5475616455078125,-0.9960936903953552,0.4485320448875427,87B7C264B5818F45E388293FA03E9BCFBE165182B2B75FCE0304A6911339EF98
20260713,ordinary_dynamic_augmentation,Dynamic ERM,cnrs_parent_0037,pattern_123,orthorhombic,2,0.3836004042616774,0.003306040597382917,0,1,1,0,0,7.933378219604492e-05,0.004730224609375,-0.004650890827178955,-0.999920666217804,-0.985015869140625,-0.014904797077178955,87B7C264B5818F45E388293FA03E9BCFBE165182B2B75FCE0304A6911339EF98
20260713,ordinary_dynamic_augmentation,Dynamic ERM,cnrs_parent_0043,pattern_131,orthorhombic,2,1.3239472341423906,0.6928887088683511,1,1,4,0,0,3.5762786865234375e-07,0.0013303756713867188,-0.0013300180435180664,-0.9999996423721313,-0.7061891555786133,-0.29381048679351807,87B7C264B5818F45E388293FA03E9BCFBE165182B2B75FCE0304A6911339EF98
20260713,ordinary_dynamic_augmentation,Dynamic ERM,cnrs_parent_0044,pattern_132,orthorhombic,2,0.020305837833861085,0.013981872356341005,0,0,0,0,0,0.0016736984252929688,0.0084686279296875,-0.006794929504394531,-0.992466926574707,-0.9295196533203125,-0.06294727325439453,87B7C264B5818F45E388293FA03E9BCFBE165182B2B75FCE0304A6911339EF98
20260713,ordinary_dynamic_augmentation,Dynamic ERM,cnrs_parent_0045,pattern_135,orthorhombic,2,0.8507270028598093,0.6682543086756662,1,0,4,0,0,0.0,0.0004229545593261719,-0.0004229545593261719,-0.99951171875,-0.9844403266906738,-0.015071392059326172,87B7C264B5818F45E388293FA03E9BCFBE165182B2B75FCE0304A6911339EF98
20260713,ordinary_dynamic_augmentation,Dynamic ERM,cnrs_parent_0046,pattern_136,orthorhombic,2,0.28507493293635644,8.653350528747207e-05,0,4,4,0,0,0.00018668174743652344,2.390146255493164e-05,0.0001627802848815918,-0.9998133182525635,-0.9999760985374451,0.0001627802848815918,87B7C264B5818F45E388293FA03E9BCFBE165182B2B75FCE0304A6911339EF98
20260713,ordinary_dynamic_augmentation,Dynamic ERM,cnrs_parent_0048,pattern_148,orthorhombic,2,0.4684949063808296,0.004005335813632133,0,1,1,0,0,0.007080078125,0.0001652240753173828,0.006914854049682617,-0.980224609375,-0.9988582134246826,0.018633604049682617,87B7C264B5818F45E388293FA03E9BCFBE165182B2B75FCE0304A6911339EF98
20260713,ordinary_dynamic_augmentation,Dynamic ERM,cnrs_parent_0054,pattern_166,orthorhombic,2,0.12789782735777455,0.5331078653301337,1,1,0,0,0,0.0,0.0,0.0,-0.998046875,-0.91162109375,-0.08642578125,87B7C264B5818F45E388293FA03E9BCFBE165182B2B75FCE0304A6911339EF98
20260713,ordinary_dynamic_augmentation,Dynamic ERM,cnrs_parent_0055,pattern_167,orthorhombic,2,0.16393838011357642,0.16764733412347219,0,1,1,0,0,0.00019848346710205078,0.0,0.00019848346710205078,-0.542770266532898,-0.98388671875,0.44111645221710205,87B7C264B5818F45E388293FA03E9BCFBE165182B2B75FCE0304A6911339EF98
20260713,ordinary_dynamic_augmentation,Dynamic ERM,cnrs_parent_0059,pattern_174,orthorhombic,2,1.275905353562159,0.6902218479425889,1,1,4,0,0,1.1801719665527344e-05,0.399169921875,-0.3991581201553345,-0.9985233545303345,-0.195556640625,-0.8029667139053345,87B7C264B5818F45E388293FA03E9BCFBE165182B2B75FCE0304A6911339EF98
20260713,ordinary_dynamic_augmentation,Dynamic ERM,cnrs_parent_0064,pattern_188,orthorhombic,2,1.4195862327587858,0.6931219682202734,1,1,5,0,0,0.0,8.45789909362793e-05,-8.45789909362793e-05,-1.0,-0.6766732335090637,-0.3233267664909363,87B7C264B5818F45E388293FA03E9BCFBE165182B2B75FCE0304A6911339EF98
20260713,ordinary_dynamic_augmentation,Dynamic ERM,cnrs_parent_0076,pattern_212,orthorhombic,2,0.20673336390496022,0.48447880081242095,1,1,0,0,0,0.00209808349609375,0.000400543212890625,0.001697540283203125,-0.8592300415039062,-0.9971580505371094,0.13792800903320312,87B7C264B5818F45E388293FA03E9BCFBE165182B2B75FCE0304A6911339EF98
20260713,ordinary_dynamic_augmentation,Dynamic ERM,cnrs_parent_0078,pattern_220,orthorhombic,2,0.16539961833422945,1.8812447266289193e-05,0,1,1,0,0,3.933906555175781e-06,4.172325134277344e-07,3.516674041748047e-06,-0.9999960660934448,-0.9999995827674866,3.516674041748047e-06,87B7C264B5818F45E388293FA03E9BCFBE165182B2B75FCE0304A6911339EF98
20260713,ordinary_dynamic_augmentation,Dynamic ERM,cnrs_parent_0079,pattern_223,orthorhombic,2,0.18127145711458104,0.47904332597183963,1,1,0,0,0,1.1920928955078125e-07,5.960464477539062e-07,-4.76837158203125e-07,-0.9990233182907104,-0.8623040914535522,-0.1367192268371582,87B7C264B5818F45E388293FA03E9BCFBE165182B2B75FCE0304A6911339EF98
20260713,ordinary_dynamic_augmentation,Dynamic ERM,cnrs_parent_0082,pattern_227,orthorhombic,2,0.10203748410388469,0.2528660403805215,1,1,0,0,0,1.7881393432617188e-07,0.0,1.7881393432617188e-07,-0.9990232586860657,-0.56982421875,-0.4291990399360657,87B7C264B5818F45E388293FA03E9BCFBE165182B2B75FCE0304A6911339EF98
20260713,ordinary_dynamic_augmentation,Dynamic ERM,cnrs_parent_0086,pattern_238,orthorhombic,2,0.04414311480020028,0.003601236709932599,0,0,0,0,0,1.4901161193847656e-06,0.0,1.4901161193847656e-06,-0.9892563223838806,-1.0,0.010743677616119385,87B7C264B5818F45E388293FA03E9BCFBE165182B2B75FCE0304A6911339EF98
20260713,ordinary_dynamic_augmentation,Dynamic ERM,cnrs_parent_0090,pattern_242,orthorhombic,2,0.027818112375669335,0.05571178187808432,0,2,2,1,1,0.693359375,0.94091796875,-0.24755859375,0.3916015625,0.88214111328125,-0.49053955078125,87B7C264B5818F45E388293FA03E9BCFBE165182B2B75FCE0304A6911339EF98
20260713,ordinary_dynamic_augmentation,Dynamic ERM,cnrs_parent_0100,pattern_268,orthorhombic,2,0.18435153432312124,0.2409481793252517,0,1,1,0,0,0.00014650821685791016,0.0,0.00014650821685791016,-0.4546874761581421,-1.0,0.5453125238418579,87B7C264B5818F45E388293FA03E9BCFBE165182B2B75FCE0304A6911339EF98
20260713,ordinary_dynamic_augmentation,Dynamic ERM,cnrs_parent_0114,pattern_319,orthorhombic,2,1.054955866062895,0.6901886858782984,1,1,5,0,0,0.0008978843688964844,0.003448486328125,-0.0025506019592285156,-0.6333794593811035,-0.993133544921875,0.3597540855407715,87B7C264B5818F45E388293FA03E9BCFBE165182B2B75FCE0304A6911339EF98
20260713,ordinary_dynamic_augmentation,Dynamic ERM,cnrs_parent_0119,pattern_334,orthorhombic,2,0.18560168142286915,0.07610296218295727,0,0,0,0,0,0.00438690185546875,5.841255187988281e-06,0.004381060600280762,-0.9448318481445312,-0.665521502494812,-0.27931034564971924,87B7C264B5818F45E388293FA03E9BCFBE165182B2B75FCE0304A6911339EF98
20260713,ordinary_dynamic_augmentation,Dynamic ERM,cnrs_parent_0120,pattern_341,orthorhombic,2,0.48751710244878355,0.1988530451049005,0,0,0,0,0,0.021026611328125,5.358457565307617e-05,0.020973026752471924,-0.509735107421875,-0.9999464154243469,0.4902113080024719,87B7C264B5818F45E388293FA03E9BCFBE165182B2B75FCE0304A6911339EF98
20260713,ordinary_dynamic_augmentation,Dynamic ERM,cnrs_parent_0136,pattern_382,orthorhombic,2,0.3364898194102891,0.653578456478811,1,0,1,0,0,0.0,0.0,0.0,-0.9833984375,-0.99462890625,0.01123046875,87B7C264B5818F45E388293FA03E9BCFBE165182B2B75FCE0304A6911339EF98
20260713,ordinary_dynamic_augmentation,Dynamic ERM,cnrs_parent_0139,pattern_395,orthorhombic,2,0.10945774061202718,0.00014091821885029113,0,1,1,0,0,2.3245811462402344e-06,3.218650817871094e-05,-2.9861927032470703e-05,-0.9999976754188538,-0.9994795322418213,-0.0005181431770324707,87B7C264B5818F45E388293FA03E9BCFBE165182B2B75FCE0304A6911339EF98
20260713,ordinary_dynamic_augmentation,Dynamic ERM,cnrs_parent_0150,pattern_427,orthorhombic,2,0.16896090996487234,0.4141188081856514,1,1,0,0,0,0.0,0.0,0.0,-1.0,-0.79052734375,-0.20947265625,87B7C264B5818F45E388293FA03E9BCFBE165182B2B75FCE0304A6911339EF98
20260713,ordinary_dynamic_augmentation,Dynamic ERM,cnrs_parent_0152,pattern_439,orthorhombic,2,0.791471313033099,0.6847322532551101,1,4,2,0,1,0.00022590160369873047,0.67578125,-0.6755553483963013,-0.9987975358963013,0.4974365234375,-1.4962340593338013,87B7C264B5818F45E388293FA03E9BCFBE165182B2B75FCE0304A6911339EF98
20260713,ordinary_dynamic_augmentation,Dynamic ERM,cnrs_parent_0156,pattern_451,orthorhombic,2,0.3471309120640882,0.653600861873086,1,1,0,0,0,2.7835369110107422e-05,0.0,2.7835369110107422e-05,-0.9999721646308899,-0.98486328125,-0.015108883380889893,87B7C264B5818F45E388293FA03E9BCFBE165182B2B75FCE0304A6911339EF98
20260713,ordinary_dynamic_augmentation,Dynamic ERM,cnrs_parent_0164,pattern_470,orthorhombic,2,0.9355646662414919,0.631248223397797,1,0,5,0,0,0.0008721351623535156,9.179115295410156e-06,0.0008629560470581055,-0.8140692710876465,-0.9145416021347046,0.1004723310470581,87B7C264B5818F45E388293FA03E9BCFBE165182B2B75FCE0304A6911339EF98
20260713,ordinary_dynamic_augmentation,Dynamic ERM,cnrs_parent_0167,pattern_476,orthorhombic,2,0.1968623901451244,0.0021260131918827774,0,4,4,0,0,1.5497207641601562e-06,2.3484230041503906e-05,-2.193450927734375e-05,-0.9999984502792358,-0.9936288595199585,-0.006369590759277344,87B7C264B5818F45E388293FA03E9BCFBE165182B2B75FCE0304A6911339EF98
20260713,ordinary_dynamic_augmentation,Dynamic ERM,cnrs_parent_0168,pattern_479,orthorhombic,2,0.5025151122615237,0.66642529580628,1,2,0,1,0,0.91650390625,4.5299530029296875e-06,0.9164993762969971,0.8338623046875,-0.9814407825469971,1.815303087234497,87B7C264B5818F45E388293FA03E9BCFBE165182B2B75FCE0304A6911339EF98
20260713,ordinary_dynamic_augmentation,Dynamic ERM,cnrs_parent_0171,pattern_485,orthorhombic,2,0.2390875567767098,0.011356368727901425,0,2,2,1,1,1.0,0.966796875,0.033203125,0.9998919367790222,0.93359375,0.06629818677902222,87B7C264B5818F45E388293FA03E9BCFBE165182B2B75FCE0304A6911339EF98
20260713,ordinary_dynamic_augmentation,Dynamic ERM,cnrs_parent_0172,pattern_487,orthorhombic,2,0.1733875315908714,1.673243889935772e-06,0,1,1,0,0,0.0,0.0,0.0,-1.0,-1.0,0.0,87B7C264B5818F45E388293FA03E9BCFBE165182B2B75FCE0304A6911339EF98
20260713,ordinary_dynamic_augmentation,Dynamic ERM,cnrs_parent_0177,pattern_498,orthorhombic,2,0.3312928572790438,0.1329630774518516,0,3,3,0,0,0.00684356689453125,0.323974609375,-0.31713104248046875,-0.9853439331054688,-0.307861328125,-0.6774826049804688,87B7C264B5818F45E388293FA03E9BCFBE165182B2B75FCE0304A6911339EF98
20260713,ordinary_dynamic_augmentation,Dynamic ERM,cnrs_parent_0184,pattern_532,orthorhombic,2,0.2370621035756163,0.03674746053952316,0,1,1,0,0,2.384185791015625e-07,8.940696716308594e-07,-6.556510925292969e-07,-0.9038083553314209,-0.9868155121803284,0.08300715684890747,87B7C264B5818F45E388293FA03E9BCFBE165182B2B75FCE0304A6911339EF98
20260713,ordinary_dynamic_augmentation,Dynamic ERM,cnrs_parent_0187,pattern_541,orthorhombic,2,0.02492014692767719,2.065739494998205e-08,0,1,1,0,0,0.0,0.0,0.0,-1.0,-1.0,0.0,87B7C264B5818F45E388293FA03E9BCFBE165182B2B75FCE0304A6911339EF98
20260713,ordinary_dynamic_augmentation,Dynamic ERM,cnrs_parent_0192,pattern_553,orthorhombic,2,0.3151429587554233,0.15987200541178379,0,1,1,0,0,0.10589599609375,1.0013580322265625e-05,0.10588598251342773,-0.42144775390625,-0.9550681114196777,0.5336203575134277,87B7C264B5818F45E388293FA03E9BCFBE165182B2B75FCE0304A6911339EF98
20260713,ordinary_dynamic_augmentation,Dynamic ERM,cnrs_parent_0194,pattern_559,orthorhombic,2,0.9822247076531735,0.6922466261224234,1,1,6,0,0,0.0009050369262695312,0.00010728836059570312,0.0007977485656738281,-0.9976301193237305,-0.6361231803894043,-0.36150693893432617,87B7C264B5818F45E388293FA03E9BCFBE165182B2B75FCE0304A6911339EF98
20260713,ordinary_dynamic_augmentation,Dynamic ERM,cnrs_parent_0197,pattern_566,orthorhombic,2,0.14896120698909365,0.004593839129657362,0,1,1,0,0,0.0009698867797851562,0.006103515625,-0.005133628845214844,-0.9633855819702148,-0.977294921875,0.013909339904785156,87B7C264B5818F45E388293FA03E9BCFBE165182B2B75FCE0304A6911339EF98
20260713,ordinary_dynamic_augmentation,Dynamic ERM,cnrs_parent_0202,pattern_577,orthorhombic,2,0.012710375468048207,0.002983179301759198,0,1,1,0,0,0.0,0.0,0.0,-0.8017578125,-0.85986328125,0.05810546875,87B7C264B5818F45E388293FA03E9BCFBE165182B2B75FCE0304A6911339EF98
20260713,ordinary_dynamic_augmentation,Dynamic ERM,cnrs_parent_0204,pattern_581,orthorhombic,2,0.11953752936087114,0.4791807407274988,1,1,0,0,0,0.0014057159423828125,2.384185791015625e-07,0.001405477523803711,-0.8706645965576172,-0.9936521053314209,0.12298750877380371,87B7C264B5818F45E388293FA03E9BCFBE165182B2B75FCE0304A6911339EF98
20260713,ordinary_dynamic_augmentation,Dynamic ERM,cnrs_parent_0206,pattern_583,orthorhombic,2,0.007752514955485901,0.05968472048750094,0,2,2,1,1,0.4853515625,0.78955078125,-0.30419921875,0.222412109375,0.6376953125,-0.415283203125,87B7C264B5818F45E388293FA03E9BCFBE165182B2B75FCE0304A6911339EF98
20260713,ordinary_dynamic_augmentation,Dynamic ERM,cnrs_parent_0227,pattern_634,orthorhombic,2,0.5288775750318507,0.235603248620388,1,4,0,0,0,0.0,1.7464160919189453e-05,-1.7464160919189453e-05,-0.51220703125,-0.8608223795890808,0.3486153483390808,87B7C264B5818F45E388293FA03E9BCFBE165182B2B75FCE0304A6911339EF98
20260713,ordinary_dynamic_augmentation,Dynamic ERM,cnrs_parent_0230,pattern_646,orthorhombic,2,0.3934765275735579,0.1970363889520973,1,1,0,0,0,0.2283935546875,1.7881393432617188e-07,0.22839337587356567,-0.3004150390625,-0.7968748211860657,0.4964597821235657,87B7C264B5818F45E388293FA03E9BCFBE165182B2B75FCE0304A6911339EF98
20260713,ordinary_dynamic_augmentation,Dynamic ERM,cnrs_parent_0235,pattern_660,orthorhombic,2,0.4337693180192793,0.6507617239036438,1,3,1,0,0,0.14892578125,0.011322021484375,0.137603759765625,-0.54541015625,-0.799713134765625,0.254302978515625,87B7C264B5818F45E388293FA03E9BCFBE165182B2B75FCE0304A6911339EF98
20260713,ordinary_dynamic_augmentation,Dynamic ERM,cnrs_parent_0242,pattern_697,orthorhombic,2,0.027114046880114095,0.06298777463384685,0,1,1,0,0,5.960464477539063e-08,0.0,5.960464477539063e-08,-0.9580077528953552,-0.70556640625,-0.2524413466453552,87B7C264B5818F45E388293FA03E9BCFBE165182B2B75FCE0304A6911339EF98
20260713,ordinary_dynamic_augmentation,Dynamic ERM,cnrs_parent_0256,pattern_760,orthorhombic,2,1.0108182302157012,0.6929379783073286,1,0,5,0,0,1.7881393432617188e-07,6.467103958129883e-05,-6.449222564697266e-05,-0.9604490399360657,-0.5756189227104187,-0.384830117225647,87B7C264B5818F45E388293FA03E9BCFBE165182B2B75FCE0304A6911339EF98
20260713,ordinary_dynamic_augmentation,Dynamic ERM,cnrs_parent_0261,pattern_781,orthorhombic,2,0.2827394138867051,0.46067500914896853,1,1,0,0,0,1.4901161193847656e-06,0.0224761962890625,-0.022474706172943115,-0.9999985098838806,-0.7949066162109375,-0.20509189367294312,87B7C264B5818F45E388293FA03E9BCFBE165182B2B75FCE0304A6911339EF98
20260713,ordinary_dynamic_augmentation,Dynamic ERM,cnrs_parent_0262,pattern_784,orthorhombic,2,0.33070755929609197,0.022261046345706664,0,1,1,0,0,0.019683837890625,0.00113677978515625,0.01854705810546875,-0.958343505859375,-0.9471054077148438,-0.01123809814453125,87B7C264B5818F45E388293FA03E9BCFBE165182B2B75FCE0304A6911339EF98
20260713,ordinary_dynamic_augmentation,Dynamic ERM,cnrs_parent_0267,pattern_800,orthorhombic,2,0.13352511646937504,1.0717142623928934e-05,0,1,1,0,0,5.125999450683594e-06,2.384185791015625e-07,4.887580871582031e-06,-0.9999948740005493,-0.9999997615814209,4.887580871582031e-06,87B7C264B5818F45E388293FA03E9BCFBE165182B2B75FCE0304A6911339EF98
20260713,ordinary_dynamic_augmentation,Dynamic ERM,cnrs_parent_0281,pattern_845,orthorhombic,2,0.2227471757752374,0.07598209738456725,0,1,1,0,0,7.456541061401367e-05,0.000904083251953125,-0.0008295178413391113,-0.793382465839386,-0.9942131042480469,0.2008306384086609,87B7C264B5818F45E388293FA03E9BCFBE165182B2B75FCE0304A6911339EF98
20260713,ordinary_dynamic_augmentation,Dynamic ERM,cnrs_parent_0283,pattern_855,orthorhombic,2,0.5583918501378373,0.18816817134406927,0,2,2,1,1,0.78759765625,0.67041015625,0.1171875,0.57568359375,0.4820556640625,0.0936279296875,87B7C264B5818F45E388293FA03E9BCFBE165182B2B75FCE0304A6911339EF98
20260713,ordinary_dynamic_augmentation,Dynamic ERM,cnrs_parent_0286,pattern_861,orthorhombic,2,0.025511610400657192,0.03188468947133846,0,1,1,0,0,1.7523765563964844e-05,2.6106834411621094e-05,-8.58306884765625e-06,-0.760724663734436,-0.9364973306655884,0.17577266693115234,87B7C264B5818F45E388293FA03E9BCFBE165182B2B75FCE0304A6911339EF98
20260713,ordinary_dynamic_augmentation,Dynamic ERM,cnrs_parent_0287,pattern_868,orthorhombic,2,0.1685960208434969,1.0345591768258853e-05,0,1,1,0,0,4.76837158203125e-07,0.0,4.76837158203125e-07,-0.9999995231628418,-1.0,4.76837158203125e-07,87B7C264B5818F45E388293FA03E9BCFBE165182B2B75FCE0304A6911339EF98
20260713,ordinary_dynamic_augmentation,Dynamic ERM,cnrs_parent_0299,pattern_908,orthorhombic,2,0.2575807036825747,0.602257574178013,1,3,1,0,0,0.00411224365234375,0.0013360977172851562,0.0027761459350585938,-0.9446182250976562,-0.7784490585327148,-0.1661691665649414,87B7C264B5818F45E388293FA03E9BCFBE165182B2B75FCE0304A6911339EF98
20260713,ordinary_dynamic_augmentation,Dynamic ERM,cnrs_parent_0307,pattern_939,orthorhombic,2,0.48322113828787117,0.37718455942290563,1,4,1,0,0,0.0003886222839355469,0.0,0.0003886222839355469,-0.7457051277160645,-0.97265625,0.22695112228393555,87B7C264B5818F45E388293FA03E9BCFBE165182B2B75FCE0304A6911339EF98
20260713,ordinary_dynamic_augmentation,Dynamic ERM,cnrs_parent_0310,pattern_950,orthorhombic,2,0.28478224443793887,0.6333150045056217,1,3,0,0,0,1.7881393432617188e-07,0.0,1.7881393432617188e-07,-0.8413084149360657,-0.9423828125,0.10107439756393433,87B7C264B5818F45E388293FA03E9BCFBE165182B2B75FCE0304A6911339EF98
20260713,ordinary_dynamic_augmentation,Dynamic ERM,cnrs_parent_0312,pattern_958,orthorhombic,2,0.031024471578514956,0.014462339001233405,0,1,1,0,0,3.5762786865234375e-07,5.364418029785156e-07,-1.7881393432617188e-07,-0.9970699548721313,-0.944823682308197,-0.052246272563934326,87B7C264B5818F45E388293FA03E9BCFBE165182B2B75FCE0304A6911339EF98
20260713,ordinary_dynamic_augmentation,Dynamic ERM,cnrs_parent_0318,pattern_972,orthorhombic,2,0.36470078081595136,0.6930181514868035,1,4,0,0,0,7.271766662597656e-06,4.589557647705078e-06,2.682209014892578e-06,-0.9999927282333374,-0.9999954104423523,2.682209014892578e-06,87B7C264B5818F45E388293FA03E9BCFBE165182B2B75FCE0304A6911339EF98
20260713,ordinary_dynamic_augmentation,Dynamic ERM,cnrs_parent_0002,pattern_1010,orthorhombic,2,0.8812282951807302,0.6370840632118906,1,4,3,0,0,0.0110931396484375,0.02569580078125,-0.0146026611328125,-0.9181060791015625,-0.93280029296875,0.0146942138671875,87B7C264B5818F45E388293FA03E9BCFBE165182B2B75FCE0304A6911339EF98
20260713,ordinary_dynamic_augmentation,Dynamic ERM,cnrs_parent_0003,pattern_1013,orthorhombic,2,0.2553483977248422,0.2998028371184624,1,1,0,0,0,2.849102020263672e-05,2.1457672119140625e-06,2.6345252990722656e-05,-0.9779988527297974,-0.7040994167327881,-0.2738994359970093,87B7C264B5818F45E388293FA03E9BCFBE165182B2B75FCE0304A6911339EF98
20260713,ordinary_dynamic_augmentation,Dynamic ERM,cnrs_parent_0004,pattern_1018,orthorhombic,2,0.5503233146157898,0.6486240507737536,1,1,0,0,0,0.0002263784408569336,0.0022449493408203125,-0.002018570899963379,-0.9826837778091431,-0.9752941131591797,-0.007389664649963379,87B7C264B5818F45E388293FA03E9BCFBE165182B2B75FCE0304A6911339EF98
20260713,ordinary_dynamic_augmentation,Dynamic ERM,cnrs_parent_0009,pattern_1024,orthorhombic,2,0.8432217390486756,0.691516253580631,1,4,1,0,0,1.5914440155029297e-05,0.0224609375,-0.02244502305984497,-0.999495804309845,-0.94775390625,-0.05174189805984497,87B7C264B5818F45E388293FA03E9BCFBE165182B2B75FCE0304A6911339EF98
20260713,ordinary_dynamic_augmentation,Dynamic ERM,cnrs_parent_0010,pattern_1028,orthorhombic,2,0.18980499532539485,0.16607907306285302,1,1,0,0,0,2.384185791015625e-07,1.6987323760986328e-05,-1.6748905181884766e-05,-0.6738278865814209,-0.871565043926239,0.19773715734481812,87B7C264B5818F45E388293FA03E9BCFBE165182B2B75FCE0304A6911339EF98
20260713,ordinary_dynamic_augmentation,Dynamic ERM,cnrs_parent_0013,pattern_1032,orthorhombic,2,0.024236330227519365,0.11025395262618864,0,1,1,0,0,0.0013790130615234375,0.0009975433349609375,0.0003814697265625,-0.5000858306884766,-0.9072055816650391,0.4071197509765625,87B7C264B5818F45E388293FA03E9BCFBE165182B2B75FCE0304A6911339EF98
20260713,ordinary_dynamic_augmentation,Dynamic ERM,cnrs_parent_0016,pattern_1038,orthorhombic,2,0.15446998013089064,8.663786082056631e-05,0,4,4,0,0,1.7285346984863281e-06,6.496906280517578e-06,-4.76837158203125e-06,-0.9999982714653015,-0.9995052218437195,-0.0004930496215820312,87B7C264B5818F45E388293FA03E9BCFBE165182B2B75FCE0304A6911339EF98
20260713,ordinary_dynamic_augmentation,Dynamic ERM,cnrs_parent_0017,pattern_1039,orthorhombic,2,0.16056576717092297,0.00346839293301398,0,0,0,0,0,1.1920928955078125e-06,0.0,1.1920928955078125e-06,-0.9414050579071045,-0.97412109375,0.03271603584289551,87B7C264B5818F45E388293FA03E9BCFBE165182B2B75FCE0304A6911339EF98
20260713,ordinary_dynamic_augmentation,Dynamic ERM,cnrs_parent_0018,pattern_1040,orthorhombic,2,0.49948257310935984,0.006657175865214877,0,1,1,0,0,0.0211639404296875,0.004566192626953125,0.016597747802734375,-0.9519805908203125,-0.9851799011230469,0.033199310302734375,87B7C264B5818F45E388293FA03E9BCFBE165182B2B75FCE0304A6911339EF98
20260713,ordinary_dynamic_augmentation,Dynamic ERM,cnrs_parent_0019,pattern_1043,orthorhombic,2,0.026773472036381585,0.0011780290015833352,0,1,1,0,0,2.8431415557861328e-05,0.0002472400665283203,-0.00021880865097045898,-0.9999715685844421,-0.9953582286834717,-0.004613339900970459,87B7C264B5818F45E388293FA03E9BCFBE165182B2B75FCE0304A6911339EF98
20260713,ordinary_dynamic_augmentation,Dynamic ERM,cnrs_parent_0133,pattern_37,tetragonal,3,0.8284520460096232,0.6583779524304463,1,4,0,0,0,0.4912109375,0.01546478271484375,0.47574615478515625,-0.01171875,-0.9225234985351562,0.9108047485351562,87B7C264B5818F45E388293FA03E9BCFBE165182B2B75FCE0304A6911339EF98
20260713,ordinary_dynamic_augmentation,Dynamic ERM,cnrs_parent_0203,pattern_58,tetragonal,3,0.554604749235085,0.4350554523304708,1,5,3,0,1,0.1871337890625,0.73486328125,-0.5477294921875,-0.6038818359375,0.560302734375,-1.1641845703125,87B7C264B5818F45E388293FA03E9BCFBE165182B2B75FCE0304A6911339EF98
20260713,ordinary_dynamic_augmentation,Dynamic ERM,cnrs_parent_0222,pattern_62,tetragonal,3,0.30819035429003927,0.6578170135842053,1,1,0,0,0,3.5762786865234375e-07,2.980232238769531e-07,5.960464477539063e-08,-0.9907222986221313,-0.9931637644767761,0.0024414658546447754,87B7C264B5818F45E388293FA03E9BCFBE165182B2B75FCE0304A6911339EF98
20260713,ordinary_dynamic_augmentation,Dynamic ERM,cnrs_parent_0264,pattern_79,tetragonal,3,0.21195964752128094,0.002712317124761554,0,3,3,1,1,0.9921875,1.0,-0.0078125,0.984375,0.9999992847442627,-0.015624284744262695,87B7C264B5818F45E388293FA03E9BCFBE165182B2B75FCE0304A6911339EF98
20260713,ordinary_dynamic_augmentation,Dynamic ERM,cnrs_parent_0023,pattern_105,tetragonal,3,0.35149805145107804,0.3563395280071695,1,3,2,1,0,0.99169921875,0.26806640625,0.7236328125,0.9849090576171875,-0.40087890625,1.3857879638671875,87B7C264B5818F45E388293FA03E9BCFBE165182B2B75FCE0304A6911339EF98
20260713,ordinary_dynamic_augmentation,Dynamic ERM,cnrs_parent_0038,pattern_124,tetragonal,3,0.5247951702121683,0.6922046352617882,1,4,1,0,0,0.0,0.0,0.0,-1.0,-0.98779296875,-0.01220703125,87B7C264B5818F45E388293FA03E9BCFBE165182B2B75FCE0304A6911339EF98
20260713,ordinary_dynamic_augmentation,Dynamic ERM,cnrs_parent_0052,pattern_156,tetragonal,3,0.7256437560992792,0.5828270102672818,1,4,0,0,0,0.0155181884765625,0.0,0.0155181884765625,-0.8023529052734375,-0.99951171875,0.1971588134765625,87B7C264B5818F45E388293FA03E9BCFBE165182B2B75FCE0304A6911339EF98
20260713,ordinary_dynamic_augmentation,Dynamic ERM,cnrs_parent_0071,pattern_203,tetragonal,3,0.48167508958989125,0.03241061666826427,0,3,3,1,1,1.0,0.90966796875,0.09033203125,0.9999962449073792,0.82672119140625,0.17327505350112915,87B7C264B5818F45E388293FA03E9BCFBE165182B2B75FCE0304A6911339EF98
20260713,ordinary_dynamic_augmentation,Dynamic ERM,cnrs_parent_0103,pattern_274,tetragonal,3,0.39598728561918517,0.23420116549208286,0,4,4,0,0,0.0023555755615234375,0.023651123046875,-0.021295547485351562,-0.46151161193847656,-0.951446533203125,0.48993492126464844,87B7C264B5818F45E388293FA03E9BCFBE165182B2B75FCE0304A6911339EF98
20260713,ordinary_dynamic_augmentation,Dynamic ERM,cnrs_parent_0104,pattern_278,tetragonal,3,0.42806004946509135,0.4399884099030795,1,4,0,0,0,0.0006632804870605469,1.4901161193847656e-06,0.0006617903709411621,-0.9739460945129395,-0.8173813223838806,-0.15656477212905884,87B7C264B5818F45E388293FA03E9BCFBE165182B2B75FCE0304A6911339EF98
20260713,ordinary_dynamic_augmentation,Dynamic ERM,cnrs_parent_0106,pattern_283,tetragonal,3,0.12685002762512365,0.016364919598657796,0,0,0,0,0,0.0013742446899414062,0.0,0.0013742446899414062,-0.9507741928100586,-1.0,0.049225807189941406,87B7C264B5818F45E388293FA03E9BCFBE165182B2B75FCE0304A6911339EF98
20260713,ordinary_dynamic_augmentation,Dynamic ERM,cnrs_parent_0107,pattern_288,tetragonal,3,1.1329061374431304,0.6854222004769704,1,5,0,0,0,3.224611282348633e-05,0.0007266998291015625,-0.0006944537162780762,-0.8173505663871765,-0.9685115814208984,0.15116101503372192,87B7C264B5818F45E388293FA03E9BCFBE165182B2B75FCE0304A6911339EF98
20260713,ordinary_dynamic_augmentation,Dynamic ERM,cnrs_parent_0108,pattern_294,tetragonal,3,1.435343217801483,0.6915982157067615,1,4,1,0,0,0.0037517547607421875,0.001461029052734375,0.0022907257080078125,-0.6705646514892578,-0.7495155334472656,0.07895088195800781,87B7C264B5818F45E388293FA03E9BCFBE165182B2B75FCE0304A6911339EF98
20260713,ordinary_dynamic_augmentation,Dynamic ERM,cnrs_parent_0117,pattern_324,tetragonal,3,0.5015805800978579,0.0020678299411381177,0,3,3,1,1,1.0,0.994140625,0.005859375,0.9999243021011353,0.9882736206054688,0.011650681495666504,87B7C264B5818F45E388293FA03E9BCFBE165182B2B75FCE0304A6911339EF98
20260713,ordinary_dynamic_augmentation,Dynamic ERM,cnrs_parent_0118,pattern_327,tetragonal,3,0.5933799619293203,0.012582845480260969,0,3,3,1,1,0.76904296875,0.86083984375,-0.091796875,0.5390625,0.732421875,-0.193359375,87B7C264B5818F45E388293FA03E9BCFBE165182B2B75FCE0304A6911339EF98
20260713,ordinary_dynamic_augmentation,Dynamic ERM,cnrs_parent_0144,pattern_409,tetragonal,3,1.1427303564166065,0.6928277552329067,1,4,1,0,0,0.004070281982421875,0.0,0.004070281982421875,-0.9895820617675781,-0.94140625,-0.048175811767578125,87B7C264B5818F45E388293FA03E9BCFBE165182B2B75FCE0304A6911339EF98
20260713,ordinary_dynamic_augmentation,Dynamic ERM,cnrs_parent_0155,pattern_448,tetragonal,3,0.2815682476770177,0.02371871259628794,0,5,5,0,0,0.0224456787109375,0.108642578125,-0.0861968994140625,-0.9550933837890625,-0.762451171875,-0.1926422119140625,87B7C264B5818F45E388293FA03E9BCFBE165182B2B75FCE0304A6911339EF98
20260713,ordinary_dynamic_augmentation,Dynamic ERM,cnrs_parent_0166,pattern_475,tetragonal,3,0.25172143804582203,0.06387792381052837,0,4,4,0,0,0.0037994384765625,0.05657958984375,-0.0527801513671875,-0.8423919677734375,-0.88531494140625,0.0429229736328125,87B7C264B5818F45E388293FA03E9BCFBE165182B2B75FCE0304A6911339EF98
20260713,ordinary_dynamic_augmentation,Dynamic ERM,cnrs_parent_0185,pattern_533,tetragonal,3,1.4139398375969845,0.6903623653479275,1,3,0,1,0,0.58203125,0.0,0.58203125,0.167724609375,-0.521484375,0.689208984375,87B7C264B5818F45E388293FA03E9BCFBE165182B2B75FCE0304A6911339EF98
20260713,ordinary_dynamic_augmentation,Dynamic ERM,cnrs_parent_0201,pattern_576,tetragonal,3,0.5482359840340315,0.24102492238647222,0,4,4,0,0,0.006320953369140625,0.40966796875,-0.4033470153808594,-0.6665306091308594,-0.17236328125,-0.4941673278808594,87B7C264B5818F45E388293FA03E9BCFBE165182B2B75FCE0304A6911339EF98
20260713,ordinary_dynamic_augmentation,Dynamic ERM,cnrs_parent_0215,pattern_606,tetragonal,3,0.06980477060523804,0.07046465878449007,1,0,1,0,0,0.0,1.1920928955078125e-07,-1.1920928955078125e-07,-0.7373046875,-0.6313475370407104,-0.10595715045928955,87B7C264B5818F45E388293FA03E9BCFBE165182B2B75FCE0304A6911339EF98
20260713,ordinary_dynamic_augmentation,Dynamic ERM,cnrs_parent_0218,pattern_615,tetragonal,3,0.4069761351491642,0.196796834187509,0,4,4,0,0,0.0005526542663574219,0.44970703125,-0.4491543769836426,-0.9716153144836426,-0.076171875,-0.8954434394836426,87B7C264B5818F45E388293FA03E9BCFBE165182B2B75FCE0304A6911339EF98
20260713,ordinary_dynamic_augmentation,Dynamic ERM,cnrs_parent_0225,pattern_631,tetragonal,3,1.2400875440183796,0.6158526776545481,1,5,0,0,0,0.022705078125,0.1722412109375,-0.1495361328125,-0.891357421875,-0.2320556640625,-0.6593017578125,87B7C264B5818F45E388293FA03E9BCFBE165182B2B75FCE0304A6911339EF98
20260713,ordinary_dynamic_augmentation,Dynamic ERM,cnrs_parent_0226,pattern_633,tetragonal,3,0.5102229149040145,0.2388935601807295,1,3,6,1,0,0.96533203125,0.42333984375,0.5419921875,0.93719482421875,-0.03271484375,0.96990966796875,87B7C264B5818F45E388293FA03E9BCFBE165182B2B75FCE0304A6911339EF98
20260713,ordinary_dynamic_augmentation,Dynamic ERM,cnrs_parent_0228,pattern_638,tetragonal,3,0.1394471023124363,0.007788159713694871,0,1,1,0,0,0.02020263671875,0.046966552734375,-0.026763916015625,-0.89434814453125,-0.874420166015625,-0.019927978515625,87B7C264B5818F45E388293FA03E9BCFBE165182B2B75FCE0304A6911339EF98
20260713,ordinary_dynamic_augmentation,Dynamic ERM,cnrs_parent_0231,pattern_648,tetragonal,3,0.8986969753647164,0.6856613428843832,1,4,1,0,0,0.043243408203125,1.6987323760986328e-05,0.043226420879364014,-0.910369873046875,-0.947248637676239,0.036878764629364014,87B7C264B5818F45E388293FA03E9BCFBE165182B2B75FCE0304A6911339EF98
20260713,ordinary_dynamic_augmentation,Dynamic ERM,cnrs_parent_0239,pattern_682,tetragonal,3,1.159886286750707,0.6585202169224731,1,6,1,0,0,0.320556640625,2.384185791015625e-07,0.3205564022064209,-0.310791015625,-0.9374997615814209,0.6267087459564209,87B7C264B5818F45E388293FA03E9BCFBE165182B2B75FCE0304A6911339EF98
20260713,ordinary_dynamic_augmentation,Dynamic ERM,cnrs_parent_0247,pattern_724,tetragonal,3,0.21205785950112244,0.0011693818771311136,0,3,3,1,1,1.0,0.99658203125,0.00341796875,0.9998050928115845,0.9942970275878906,0.005508065223693848,87B7C264B5818F45E388293FA03E9BCFBE165182B2B75FCE0304A6911339EF98
20260713,ordinary_dynamic_augmentation,Dynamic ERM,cnrs_parent_0250,pattern_744,tetragonal,3,0.8536879181013644,0.5365946507497181,1,5,0,0,0,0.00046753883361816406,0.01366424560546875,-0.013196706771850586,-0.7182824611663818,-0.5185623168945312,-0.19972014427185059,87B7C264B5818F45E388293FA03E9BCFBE165182B2B75FCE0304A6911339EF98
20260713,ordinary_dynamic_augmentation,Dynamic ERM,cnrs_parent_0252,pattern_751,tetragonal,3,1.0485469516836012,0.6921008181856363,1,6,2,0,0,0.0,0.475830078125,-0.475830078125,-1.0,-0.034912109375,-0.965087890625,87B7C264B5818F45E388293FA03E9BCFBE165182B2B75FCE0304A6911339EF98
20260713,ordinary_dynamic_augmentation,Dynamic ERM,cnrs_parent_0258,pattern_772,tetragonal,3,0.4885479915152815,0.28243431606445485,1,4,3,0,1,0.00025963783264160156,0.465087890625,-0.4648282527923584,-0.9787442684173584,0.10009765625,-1.0788419246673584,87B7C264B5818F45E388293FA03E9BCFBE165182B2B75FCE0304A6911339EF98
20260713,ordinary_dynamic_augmentation,Dynamic ERM,cnrs_parent_0263,pattern_785,tetragonal,3,1.1638435027712188,0.6508855217365827,1,5,0,0,0,0.008087158203125,0.407958984375,-0.399871826171875,-0.838104248046875,-0.034912109375,-0.803192138671875,87B7C264B5818F45E388293FA03E9BCFBE165182B2B75FCE0304A6911339EF98
20260713,ordinary_dynamic_augmentation,Dynamic ERM,cnrs_parent_0275,pattern_837,tetragonal,3,1.0529939004206688,0.692284426249471,1,5,1,0,0,0.005218505859375,5.811452865600586e-05,0.005160391330718994,-0.988922119140625,-0.987246572971344,-0.0016755461692810059,87B7C264B5818F45E388293FA03E9BCFBE165182B2B75FCE0304A6911339EF98
20260713,ordinary_dynamic_augmentation,Dynamic ERM,cnrs_parent_0279,pattern_841,tetragonal,3,1.0456894668830696,0.6696304316241197,1,5,0,0,0,2.7358531951904297e-05,0.0030364990234375,-0.0030091404914855957,-0.8808320164680481,-0.7865142822265625,-0.0943177342414856,87B7C264B5818F45E388293FA03E9BCFBE165182B2B75FCE0304A6911339EF98
20260713,ordinary_dynamic_augmentation,Dynamic ERM,cnrs_parent_0280,pattern_844,tetragonal,3,0.48017900824375803,0.6636632919324748,1,4,1,0,0,0.00710296630859375,0.00015687942504882812,0.006946086883544922,-0.9797134399414062,-0.9812884330749512,0.0015749931335449219,87B7C264B5818F45E388293FA03E9BCFBE165182B2B75FCE0304A6911339EF98
20260713,ordinary_dynamic_augmentation,Dynamic ERM,cnrs_parent_0304,pattern_928,tetragonal,3,0.5396827408192004,0.6635757990809087,1,4,1,0,0,0.00395965576171875,0.0006995201110839844,0.0032601356506347656,-0.9628372192382812,-0.970491886138916,0.007654666900634766,87B7C264B5818F45E388293FA03E9BCFBE165182B2B75FCE0304A6911339EF98
20260713,ordinary_dynamic_augmentation,Dynamic ERM,cnrs_parent_0315,pattern_963,tetragonal,3,0.9710823209381084,0.67661446159507,1,5,0,0,0,0.00013744831085205078,0.00298309326171875,-0.0028456449508666992,-0.909042239189148,-0.9433059692382812,0.0342637300491333,87B7C264B5818F45E388293FA03E9BCFBE165182B2B75FCE0304A6911339EF98
20260713,ordinary_dynamic_augmentation,Dynamic ERM,cnrs_parent_0317,pattern_966,tetragonal,3,0.6563727839079041,0.19136062693387967,0,4,4,0,0,1.3113021850585938e-06,0.2205810546875,-0.22057974338531494,-0.9912096261978149,-0.3209228515625,-0.6702867746353149,87B7C264B5818F45E388293FA03E9BCFBE165182B2B75FCE0304A6911339EF98
20260713,ordinary_dynamic_augmentation,Dynamic ERM,cnrs_parent_0319,pattern_975,tetragonal,3,0.13911023520111288,0.003504319356523171,0,1,1,0,0,5.960464477539063e-08,7.748603820800781e-06,-7.68899917602539e-06,-0.9999999403953552,-0.9892500638961792,-0.010749876499176025,87B7C264B5818F45E388293FA03E9BCFBE165182B2B75FCE0304A6911339EF98
20260713,ordinary_dynamic_augmentation,Dynamic ERM,cnrs_parent_0006,pattern_1020,tetragonal,3,0.49108599703876543,0.237755836808195,1,4,1,0,0,0.002262115478515625,0.022705078125,-0.020442962646484375,-0.8502769470214844,-0.481201171875,-0.3690757751464844,87B7C264B5818F45E388293FA03E9BCFBE165182B2B75FCE0304A6911339EF98
20260713,ordinary_dynamic_augmentation,Dynamic ERM,cnrs_parent_0022,pattern_1049,tetragonal,3,0.11043947393814701,0.02215725078970603,0,4,4,0,0,0.1025390625,0.020477294921875,0.082061767578125,-0.755859375,-0.950714111328125,0.194854736328125,87B7C264B5818F45E388293FA03E9BCFBE165182B2B75FCE0304A6911339EF98
20260713,ordinary_dynamic_augmentation,Dynamic ERM,cnrs_parent_0075,pattern_21,trigonal,4,0.48563071930409174,0.19614923100307347,0,1,1,0,0,0.050323486328125,5.960464477539063e-08,0.050323426723480225,-0.899383544921875,-0.5581054091453552,-0.3412781357765198,87B7C264B5818F45E388293FA03E9BCFBE165182B2B75FCE0304A6911339EF98
20260713,ordinary_dynamic_augmentation,Dynamic ERM,cnrs_parent_0309,pattern_95,trigonal,4,0.1968204850264238,0.35704007316309655,1,1,0,0,0,0.00018095970153808594,6.556510925292969e-07,0.00018030405044555664,-0.9861471652984619,-0.7607415318489075,-0.22540563344955444,87B7C264B5818F45E388293FA03E9BCFBE165182B2B75FCE0304A6911339EF98
20260713,ordinary_dynamic_augmentation,Dynamic ERM,cnrs_parent_0026,pattern_107,trigonal,4,0.9753025502875717,0.6091896824880991,1,4,0,1,0,0.9189453125,0.0025157928466796875,0.9164295196533203,0.84320068359375,-0.8339099884033203,1.6771106719970703,87B7C264B5818F45E388293FA03E9BCFBE165182B2B75FCE0304A6911339EF98
20260713,ordinary_dynamic_augmentation,Dynamic ERM,cnrs_parent_0041,pattern_127,trigonal,4,1.1315994785648242,0.6931417628692497,1,4,1,1,0,0.99560546875,0.0,0.99560546875,0.9911003112792969,-1.0,1.9911003112792969,87B7C264B5818F45E388293FA03E9BCFBE165182B2B75FCE0304A6911339EF98
20260713,ordinary_dynamic_augmentation,Dynamic ERM,cnrs_parent_0047,pattern_142,trigonal,4,0.3463447847399358,0.31820764205738666,1,4,1,1,0,0.6455078125,0.456787109375,0.188720703125,0.291748046875,-0.085693359375,0.37744140625,87B7C264B5818F45E388293FA03E9BCFBE165182B2B75FCE0304A6911339EF98
20260713,ordinary_dynamic_augmentation,Dynamic ERM,cnrs_parent_0050,pattern_150,trigonal,4,0.6782111717672972,0.30639686199108673,1,3,4,0,1,0.390869140625,0.6845703125,-0.293701171875,-0.028564453125,0.39013671875,-0.418701171875,87B7C264B5818F45E388293FA03E9BCFBE165182B2B75FCE0304A6911339EF98
20260713,ordinary_dynamic_augmentation,Dynamic ERM,cnrs_parent_0058,pattern_171,trigonal,4,0.4921734680828237,0.6709134735927339,1,1,0,0,0,1.7642974853515625e-05,6.139278411865234e-06,1.150369644165039e-05,-0.9999823570251465,-0.9926696419715881,-0.00731271505355835,87B7C264B5818F45E388293FA03E9BCFBE165182B2B75FCE0304A6911339EF98
20260713,ordinary_dynamic_augmentation,Dynamic ERM,cnrs_parent_0068,pattern_194,trigonal,4,0.19360752860270614,0.47234697703206596,1,1,0,0,0,7.152557373046875e-07,5.960464477539063e-08,6.556510925292969e-07,-0.9995110034942627,-0.8540038466453552,-0.14550715684890747,87B7C264B5818F45E388293FA03E9BCFBE165182B2B75FCE0304A6911339EF98
20260713,ordinary_dynamic_augmentation,Dynamic ERM,cnrs_parent_0112,pattern_308,trigonal,4,0.26295816013499074,0.005670085262555507,0,1,1,0,0,0.00211334228515625,5.960464477539063e-08,0.0021132826805114746,-0.9812850952148438,-0.9999999403953552,0.018714845180511475,87B7C264B5818F45E388293FA03E9BCFBE165182B2B75FCE0304A6911339EF98
20260713,ordinary_dynamic_augmentation,Dynamic ERM,cnrs_parent_0116,pattern_323,trigonal,4,0.9490995227553349,0.6922788924941004,1,4,0,1,0,0.9853515625,2.47955322265625e-05,0.9853267669677734,0.9708480834960938,-0.9994869232177734,1.9703350067138672,87B7C264B5818F45E388293FA03E9BCFBE165182B2B75FCE0304A6911339EF98
20260713,ordinary_dynamic_augmentation,Dynamic ERM,cnrs_parent_0125,pattern_354,trigonal,4,0.4375497730110649,0.007285410533467953,0,0,0,0,0,0.01107025146484375,1.5497207641601562e-06,0.01106870174407959,-0.9664688110351562,-0.9995101690292358,0.03304135799407959,87B7C264B5818F45E388293FA03E9BCFBE165182B2B75FCE0304A6911339EF98
20260713,ordinary_dynamic_augmentation,Dynamic ERM,cnrs_parent_0126,pattern_357,trigonal,4,0.7164619977884445,0.1794172161782625,0,4,4,1,1,0.9931640625,0.57080078125,0.42236328125,0.9872360229492188,0.27001953125,0.7172164916992188,87B7C264B5818F45E388293FA03E9BCFBE165182B2B75FCE0304A6911339EF98
20260713,ordinary_dynamic_augmentation,Dynamic ERM,cnrs_parent_0141,pattern_398,trigonal,4,0.5721834054633925,0.6810116681043664,1,4,0,1,0,1.0,0.003662109375,0.996337890625,0.9999979734420776,-0.4580078125,1.4580057859420776,87B7C264B5818F45E388293FA03E9BCFBE165182B2B75FCE0304A6911339EF98
20260713,ordinary_dynamic_augmentation,Dynamic ERM,cnrs_parent_0145,pattern_413,trigonal,4,0.24895348916437954,0.17829346190613582,0,1,1,0,0,0.00125885009765625,5.960464477539063e-08,0.0012587904930114746,-0.9967880249023438,-0.5659179091453552,-0.4308701157569885,87B7C264B5818F45E388293FA03E9BCFBE165182B2B75FCE0304A6911339EF98
20260713,ordinary_dynamic_augmentation,Dynamic ERM,cnrs_parent_0146,pattern_415,trigonal,4,0.7940443206951976,0.016341620049242306,0,1,1,0,0,0.0034427642822265625,1.2993812561035156e-05,0.0034297704696655273,-0.9736080169677734,-0.974596381187439,0.0009883642196655273,87B7C264B5818F45E388293FA03E9BCFBE165182B2B75FCE0304A6911339EF98
20260713,ordinary_dynamic_augmentation,Dynamic ERM,cnrs_parent_0157,pattern_452,trigonal,4,0.2607356185518833,0.0002307745502703725,0,1,1,0,0,5.960464477539062e-07,0.0,5.960464477539062e-07,-0.9999994039535522,-0.99951171875,-0.0004876852035522461,87B7C264B5818F45E388293FA03E9BCFBE165182B2B75FCE0304A6911339EF98
20260713,ordinary_dynamic_augmentation,Dynamic ERM,cnrs_parent_0179,pattern_506,trigonal,4,0.7119087358026108,0.6883184975014495,1,4,1,1,0,0.9990234375,0.00024330615997314453,0.9987801313400269,0.9979610443115234,-0.47924888134002686,1.4772099256515503,87B7C264B5818F45E388293FA03E9BCFBE165182B2B75FCE0304A6911339EF98
20260713,ordinary_dynamic_augmentation,Dynamic ERM,cnrs_parent_0208,pattern_587,trigonal,4,0.05073702304096395,1.5261601675626437e-06,0,0,0,0,0,0.0,0.0,0.0,-1.0,-1.0,0.0,87B7C264B5818F45E388293FA03E9BCFBE165182B2B75FCE0304A6911339EF98
20260713,ordinary_dynamic_augmentation,Dynamic ERM,cnrs_parent_0211,pattern_591,trigonal,4,0.2907191802358553,0.1417747620135515,0,0,0,0,0,6.556510925292969e-07,0.0,6.556510925292969e-07,-0.9990227818489075,-0.638671875,-0.36035090684890747,87B7C264B5818F45E388293FA03E9BCFBE165182B2B75FCE0304A6911339EF98
20260713,ordinary_dynamic_augmentation,Dynamic ERM,cnrs_parent_0220,pattern_617,trigonal,4,0.26792372834119604,0.16121909125765896,0,1,1,0,0,0.0021228790283203125,1.4603137969970703e-05,0.002108275890350342,-0.9954357147216797,-0.60447758436203,-0.39095813035964966,87B7C264B5818F45E388293FA03E9BCFBE165182B2B75FCE0304A6911339EF98
20260713,ordinary_dynamic_augmentation,Dynamic ERM,cnrs_parent_0237,pattern_673,trigonal,4,1.4366859840352533,0.6931470690795707,1,6,0,0,0,2.384185791015625e-07,0.0,2.384185791015625e-07,-0.9999997615814209,-1.0,2.384185791015625e-07,87B7C264B5818F45E388293FA03E9BCFBE165182B2B75FCE0304A6911339EF98
20260713,ordinary_dynamic_augmentation,Dynamic ERM,cnrs_parent_0246,pattern_722,trigonal,4,0.15389055252623773,0.18766391541656086,0,1,1,0,0,0.024078369140625,0.1800537109375,-0.155975341796875,-0.541351318359375,-0.6397705078125,0.098419189453125,87B7C264B5818F45E388293FA03E9BCFBE165182B2B75FCE0304A6911339EF98
20260713,ordinary_dynamic_augmentation,Dynamic ERM,cnrs_parent_0248,pattern_736,trigonal,4,0.4572217829858751,0.18634559434803835,0,1,1,0,0,0.00031495094299316406,6.258487701416016e-06,0.00030869245529174805,-0.5494897365570068,-0.9946226477622986,0.44513291120529175,87B7C264B5818F45E388293FA03E9BCFBE165182B2B75FCE0304A6911339EF98
20260713,ordinary_dynamic_augmentation,Dynamic ERM,cnrs_parent_0270,pattern_820,trigonal,4,0.6407339440027522,0.6655504062296154,1,4,0,1,0,0.67138671875,0.004657745361328125,0.6667289733886719,0.4752197265625,-0.7663383483886719,1.2415580749511719,87B7C264B5818F45E388293FA03E9BCFBE165182B2B75FCE0304A6911339EF98
20260713,ordinary_dynamic_augmentation,Dynamic ERM,cnrs_parent_0272,pattern_826,trigonal,4,0.3293205524791568,0.004391195921151473,0,0,0,0,0,0.00588226318359375,0.0,0.00588226318359375,-0.9814224243164062,-1.0,0.01857757568359375,87B7C264B5818F45E388293FA03E9BCFBE165182B2B75FCE0304A6911339EF98
20260713,ordinary_dynamic_augmentation,Dynamic ERM,cnrs_parent_0276,pattern_838,trigonal,4,0.5194698119714309,0.6098724315062716,1,1,0,0,0,0.00978851318359375,0.0,0.00978851318359375,-0.9775161743164062,-0.96630859375,-0.01120758056640625,87B7C264B5818F45E388293FA03E9BCFBE165182B2B75FCE0304A6911339EF98
20260713,ordinary_dynamic_augmentation,Dynamic ERM,cnrs_parent_0277,pattern_839,trigonal,4,1.5959675554388664,0.6920528669823727,1,4,0,1,0,0.52880859375,0.0,0.52880859375,0.173828125,-0.87451171875,1.04833984375,87B7C264B5818F45E388293FA03E9BCFBE165182B2B75FCE0304A6911339EF98
20260713,ordinary_dynamic_augmentation,Dynamic ERM,cnrs_parent_0278,pattern_840,trigonal,4,0.21255615327414779,0.00040644632482635503,0,0,0,0,0,0.0,1.1920928955078125e-07,-1.1920928955078125e-07,-1.0,-0.9985350370407104,-0.0014649629592895508,87B7C264B5818F45E388293FA03E9BCFBE165182B2B75FCE0304A6911339EF98
20260713,ordinary_dynamic_augmentation,Dynamic ERM,cnrs_parent_0289,pattern_878,trigonal,4,0.20979740626870114,0.002791193038010064,0,1,1,0,0,5.960464477539063e-08,1.1920928955078125e-07,-5.960464477539063e-08,-0.9999999403953552,-0.9912108182907104,-0.008789122104644775,87B7C264B5818F45E388293FA03E9BCFBE165182B2B75FCE0304A6911339EF98
20260713,ordinary_dynamic_augmentation,Dynamic ERM,cnrs_parent_0302,pattern_915,trigonal,4,0.7794954425992443,0.6921539887836844,1,4,0,1,0,1.0,0.0001806020736694336,0.9998193979263306,0.9999290108680725,-0.5999170541763306,1.599846065044403,87B7C264B5818F45E388293FA03E9BCFBE165182B2B75FCE0304A6911339EF98
20260713,ordinary_dynamic_augmentation,Dynamic ERM,cnrs_parent_0308,pattern_943,trigonal,4,0.5071905338005565,0.6747961402646565,1,1,0,0,0,0.0002834796905517578,0.0,0.0002834796905517578,-0.9933688640594482,-1.0,0.006631135940551758,87B7C264B5818F45E388293FA03E9BCFBE165182B2B75FCE0304A6911339EF98
20260713,ordinary_dynamic_augmentation,Dynamic ERM,cnrs_parent_0313,pattern_960,trigonal,4,0.5671177118999324,0.007530191752864402,0,4,4,1,1,0.98583984375,0.9921875,-0.00634765625,0.9718856811523438,0.9845809936523438,-0.0126953125,87B7C264B5818F45E388293FA03E9BCFBE165182B2B75FCE0304A6911339EF98
20260713,ordinary_dynamic_augmentation,Dynamic ERM,cnrs_parent_0012,pattern_1030,trigonal,4,0.018641795525091154,0.1423505105179404,0,6,6,0,0,0.0033168792724609375,0.0119171142578125,-0.008600234985351562,-0.9913120269775391,-0.6140594482421875,-0.37725257873535156,87B7C264B5818F45E388293FA03E9BCFBE165182B2B75FCE0304A6911339EF98
20260713,ordinary_dynamic_augmentation,Dynamic ERM,cnrs_parent_0057,pattern_17,hexagonal,5,0.4161221953479053,0.0019243941405029854,0,4,4,0,0,0.00547027587890625,3.7550926208496094e-06,0.0054665207862854,-0.9891586303710938,-0.9999962449073792,0.0108376145362854,87B7C264B5818F45E388293FA03E9BCFBE165182B2B75FCE0304A6911339EF98
20260713,ordinary_dynamic_augmentation,Dynamic ERM,cnrs_parent_0065,pattern_19,hexagonal,5,0.27899527891035225,0.5355077941714994,1,1,3,0,0,1.9669532775878906e-06,7.748603820800781e-07,1.1920928955078125e-06,-0.5668925642967224,-0.9711906313896179,0.4042980670928955,87B7C264B5818F45E388293FA03E9BCFBE165182B2B75FCE0304A6911339EF98
20260713,ordinary_dynamic_augmentation,Dynamic ERM,cnrs_parent_0061,pattern_176,hexagonal,5,0.2587647000589769,0.11955295095278484,0,4,4,0,0,0.0029926300048828125,2.980232238769531e-07,0.0029923319816589355,-0.9501323699951172,-0.7124020457267761,-0.23773032426834106,87B7C264B5818F45E388293FA03E9BCFBE165182B2B75FCE0304A6911339EF98
20260713,ordinary_dynamic_augmentation,Dynamic ERM,cnrs_parent_0073,pattern_207,hexagonal,5,1.2113414318579034,0.6890412137018237,1,6,1,0,0,1.233816146850586e-05,0.0,1.233816146850586e-05,-0.8373900055885315,-0.77734375,-0.060046255588531494,87B7C264B5818F45E388293FA03E9BCFBE165182B2B75FCE0304A6911339EF98
20260713,ordinary_dynamic_augmentation,Dynamic ERM,cnrs_parent_0093,pattern_249,hexagonal,5,0.06248384764750281,0.13644628705193598,1,4,5,0,1,0.4130859375,0.8916015625,-0.478515625,-0.173828125,0.7843017578125,-0.9581298828125,87B7C264B5818F45E388293FA03E9BCFBE165182B2B75FCE0304A6911339EF98
20260713,ordinary_dynamic_augmentation,Dynamic ERM,cnrs_parent_0096,pattern_257,hexagonal,5,0.38624783234848714,0.0003605232849846211,0,4,4,0,0,6.252527236938477e-05,0.000125885009765625,-6.335973739624023e-05,-0.9999374747276306,-0.9988975524902344,-0.0010399222373962402,87B7C264B5818F45E388293FA03E9BCFBE165182B2B75FCE0304A6911339EF98
20260713,ordinary_dynamic_augmentation,Dynamic ERM,cnrs_parent_0132,pattern_367,hexagonal,5,0.1661450156371218,0.11139327566584611,1,0,1,0,0,0.0,0.0,0.0,-0.89501953125,-0.5234375,-0.37158203125,87B7C264B5818F45E388293FA03E9BCFBE165182B2B75FCE0304A6911339EF98
20260713,ordinary_dynamic_augmentation,Dynamic ERM,cnrs_parent_0159,pattern_457,hexagonal,5,0.5835075379691894,0.15872425201337315,0,3,3,0,0,0.0001010894775390625,2.9742717742919922e-05,7.134675979614258e-05,-0.7396450042724609,-0.7856147885322571,0.04596978425979614,87B7C264B5818F45E388293FA03E9BCFBE165182B2B75FCE0304A6911339EF98
20260713,ordinary_dynamic_augmentation,Dynamic ERM,cnrs_parent_0216,pattern_608,hexagonal,5,0.8294535777533077,0.6878374049323137,1,4,1,0,0,0.0015611648559570312,2.384185791015625e-07,0.0015609264373779297,-0.996973991394043,-0.8427731990814209,-0.15420079231262207,87B7C264B5818F45E388293FA03E9BCFBE165182B2B75FCE0304A6911339EF98
20260713,ordinary_dynamic_augmentation,Dynamic ERM,cnrs_parent_0223,pattern_627,hexagonal,5,0.5310613094832013,0.22147001783512427,1,4,5,0,1,0.48974609375,1.0,-0.51025390625,-0.01953125,0.9999762773513794,-1.0195075273513794,87B7C264B5818F45E388293FA03E9BCFBE165182B2B75FCE0304A6911339EF98
20260713,ordinary_dynamic_augmentation,Dynamic ERM,cnrs_parent_0288,pattern_873,hexagonal,5,0.5887469101510225,0.6276021188398749,1,3,1,0,0,9.59634780883789e-06,1.1324882507324219e-06,8.463859558105469e-06,-0.6728419661521912,-0.9580066800117493,0.2851647138595581,87B7C264B5818F45E388293FA03E9BCFBE165182B2B75FCE0304A6911339EF98
20260713,ordinary_dynamic_augmentation,Dynamic ERM,cnrs_parent_0300,pattern_909,hexagonal,5,0.20711144503744894,0.03850470447970498,0,6,6,0,0,0.0007328987121582031,0.042083740234375,-0.0413508415222168,-0.9953608512878418,-0.834869384765625,-0.1604914665222168,87B7C264B5818F45E388293FA03E9BCFBE165182B2B75FCE0304A6911339EF98
20260713,ordinary_dynamic_augmentation,Dynamic ERM,cnrs_parent_0069,pattern_2,cubic,6,1.0658357338215823,0.6931471805599453,1,6,0,1,0,0.998046875,0.0,0.998046875,0.9959964752197266,-1.0,1.9959964752197266,87B7C264B5818F45E388293FA03E9BCFBE165182B2B75FCE0304A6911339EF98
20260713,ordinary_dynamic_augmentation,Dynamic ERM,cnrs_parent_0083,pattern_23,cubic,6,0.3207814523492073,0.6919321198019328,1,0,1,0,0,0.0,0.0,0.0,-1.0,-1.0,0.0,87B7C264B5818F45E388293FA03E9BCFBE165182B2B75FCE0304A6911339EF98
20260713,ordinary_dynamic_augmentation,Dynamic ERM,cnrs_parent_0097,pattern_26,cubic,6,0.4625532855502388,0.008060494922113328,0,6,6,1,1,1.0,0.9765625,0.0234375,0.9997730255126953,0.95465087890625,0.04512214660644531,87B7C264B5818F45E388293FA03E9BCFBE165182B2B75FCE0304A6911339EF98
20260713,ordinary_dynamic_augmentation,Dynamic ERM,cnrs_parent_0101,pattern_27,cubic,6,1.0818691757472174,0.6931394693638582,1,6,1,1,0,1.0,0.0,1.0,0.9999872446060181,-0.97998046875,1.979967713356018,87B7C264B5818F45E388293FA03E9BCFBE165182B2B75FCE0304A6911339EF98
20260713,ordinary_dynamic_augmentation,Dynamic ERM,cnrs_parent_0142,pattern_40,cubic,6,0.3302992483612338,0.10655247898171788,0,6,6,1,1,1.0,0.72412109375,0.27587890625,0.9999662637710571,0.4833984375,0.5165678262710571,87B7C264B5818F45E388293FA03E9BCFBE165182B2B75FCE0304A6911339EF98
20260713,ordinary_dynamic_augmentation,Dynamic ERM,cnrs_parent_0199,pattern_57,cubic,6,1.2998375746112598,0.6931470979365182,1,6,0,1,0,1.0,0.0,1.0,0.9999064803123474,-1.0,1.9999064803123474,87B7C264B5818F45E388293FA03E9BCFBE165182B2B75FCE0304A6911339EF98
20260713,ordinary_dynamic_augmentation,Dynamic ERM,cnrs_parent_0241,pattern_69,cubic,6,0.20327910642929936,0.00021725219829175395,0,6,6,1,1,1.0,0.99951171875,0.00048828125,1.0,0.9989070892333984,0.0010929107666015625,87B7C264B5818F45E388293FA03E9BCFBE165182B2B75FCE0304A6911339EF98
20260713,ordinary_dynamic_augmentation,Dynamic ERM,cnrs_parent_0290,pattern_88,cubic,6,0.2157945848689785,0.1722179967754381,0,1,1,0,0,0.0,1.1920928955078125e-07,-1.1920928955078125e-07,-1.0,-0.5830076932907104,-0.41699230670928955,87B7C264B5818F45E388293FA03E9BCFBE165182B2B75FCE0304A6911339EF98
20260713,ordinary_dynamic_augmentation,Dynamic ERM,cnrs_parent_0029,pattern_110,cubic,6,0.6603621773357593,0.6861689061837486,1,6,2,1,0,1.0,0.0019216537475585938,0.9980783462524414,0.9999983310699463,-0.9448556900024414,1.9448540210723877,87B7C264B5818F45E388293FA03E9BCFBE165182B2B75FCE0304A6911339EF98
20260713,ordinary_dynamic_augmentation,Dynamic ERM,cnrs_parent_0035,pattern_119,cubic,6,1.0846696386568084,0.6931355258061906,1,6,1,1,0,0.9990234375,5.960464477539063e-08,0.9990233778953552,0.9981808662414551,-0.9999999403953552,1.9981808066368103,87B7C264B5818F45E388293FA03E9BCFBE165182B2B75FCE0304A6911339EF98
20260713,ordinary_dynamic_augmentation,Dynamic ERM,cnrs_parent_0040,pattern_126,cubic,6,0.6764716097871404,0.6352635110688674,1,4,3,0,0,0.0117645263671875,0.378173828125,-0.3664093017578125,-0.9599151611328125,-0.150634765625,-0.8092803955078125,87B7C264B5818F45E388293FA03E9BCFBE165182B2B75FCE0304A6911339EF98
20260713,ordinary_dynamic_augmentation,Dynamic ERM,cnrs_parent_0062,pattern_178,cubic,6,0.45618882718377607,0.6833965404838456,1,1,0,0,0,5.960464477539063e-08,0.0,5.960464477539063e-08,-0.9970702528953552,-1.0,0.0029297471046447754,87B7C264B5818F45E388293FA03E9BCFBE165182B2B75FCE0304A6911339EF98
20260713,ordinary_dynamic_augmentation,Dynamic ERM,cnrs_parent_0067,pattern_193,cubic,6,0.8166263763805159,0.20717729654286948,0,4,4,0,0,0.322998046875,0.00119781494140625,0.32180023193359375,-0.324462890625,-0.7439193725585938,0.41945648193359375,87B7C264B5818F45E388293FA03E9BCFBE165182B2B75FCE0304A6911339EF98
20260713,ordinary_dynamic_augmentation,Dynamic ERM,cnrs_parent_0077,pattern_215,cubic,6,1.5185765408125231,0.6931443200928674,1,6,1,1,0,1.0,5.960464477539063e-08,0.9999999403953552,0.9999995827674866,-0.9355468153953552,1.9355463981628418,87B7C264B5818F45E388293FA03E9BCFBE165182B2B75FCE0304A6911339EF98
20260713,ordinary_dynamic_augmentation,Dynamic ERM,cnrs_parent_0085,pattern_236,cubic,6,0.05512571148321477,0.18806338537802827,0,6,6,1,1,0.99560546875,0.53076171875,0.46484375,0.991424560546875,0.0625,0.928924560546875,87B7C264B5818F45E388293FA03E9BCFBE165182B2B75FCE0304A6911339EF98
20260713,ordinary_dynamic_augmentation,Dynamic ERM,cnrs_parent_0105,pattern_279,cubic,6,0.7778664541912272,0.6930976300940715,1,6,2,1,0,1.0,7.68899917602539e-06,0.999992311000824,0.999940812587738,-0.970695436000824,1.970636248588562,87B7C264B5818F45E388293FA03E9BCFBE165182B2B75FCE0304A6911339EF98
20260713,ordinary_dynamic_augmentation,Dynamic ERM,cnrs_parent_0127,pattern_360,cubic,6,1.6821210167564726,0.6931125812971952,1,6,0,1,0,1.0,8.344650268554688e-07,0.9999991655349731,0.9999918341636658,-0.7880851030349731,1.788076937198639,87B7C264B5818F45E388293FA03E9BCFBE165182B2B75FCE0304A6911339EF98
20260713,ordinary_dynamic_augmentation,Dynamic ERM,cnrs_parent_0129,pattern_363,cubic,6,1.5537672725348544,0.6930997593926369,1,6,3,1,0,1.0,5.960464477539062e-07,0.9999994039535522,0.9998722076416016,-0.9243158102035522,1.9241880178451538,87B7C264B5818F45E388293FA03E9BCFBE165182B2B75FCE0304A6911339EF98
20260713,ordinary_dynamic_augmentation,Dynamic ERM,cnrs_parent_0131,pattern_366,cubic,6,1.0751597928660543,0.6930091207668774,1,6,0,1,0,1.0,5.960464477539063e-08,0.9999999403953552,0.9998434782028198,-0.9882811903953552,1.988124668598175,87B7C264B5818F45E388293FA03E9BCFBE165182B2B75FCE0304A6911339EF98
20260713,ordinary_dynamic_augmentation,Dynamic ERM,cnrs_parent_0134,pattern_375,cubic,6,0.7246069586514294,0.6900542831849922,1,6,2,1,0,1.0,0.0007481575012207031,0.9992518424987793,0.9999942183494568,-0.9338221549987793,1.933816373348236,87B7C264B5818F45E388293FA03E9BCFBE165182B2B75FCE0304A6911339EF98
20260713,ordinary_dynamic_augmentation,Dynamic ERM,cnrs_parent_0135,pattern_376,cubic,6,0.1262483915797944,0.45246705885438065,1,1,4,0,0,0.00028324127197265625,0.00023734569549560547,4.589557647705078e-05,-0.8893651962280273,-0.9592353105545044,0.06987011432647705,87B7C264B5818F45E388293FA03E9BCFBE165182B2B75FCE0304A6911339EF98
20260713,ordinary_dynamic_augmentation,Dynamic ERM,cnrs_parent_0138,pattern_394,cubic,6,1.0419219436497822,0.6931457066633351,1,4,0,0,0,0.0010204315185546875,0.0,0.0010204315185546875,-0.9980030059814453,-1.0,0.0019969940185546875,87B7C264B5818F45E388293FA03E9BCFBE165182B2B75FCE0304A6911339EF98
20260713,ordinary_dynamic_augmentation,Dynamic ERM,cnrs_parent_0143,pattern_408,cubic,6,0.1433225525189521,0.021131590168622427,0,0,0,0,0,1.71661376953125e-05,8.034706115722656e-05,-6.318092346191406e-05,-0.9291820526123047,-0.9979665279388428,0.06878447532653809,87B7C264B5818F45E388293FA03E9BCFBE165182B2B75FCE0304A6911339EF98
20260713,ordinary_dynamic_augmentation,Dynamic ERM,cnrs_parent_0149,pattern_426,cubic,6,0.887181247480268,0.6927432571459875,1,6,3,1,0,1.0,7.641315460205078e-05,0.999923586845398,0.9999985694885254,-0.999435305595398,1.9994338750839233,87B7C264B5818F45E388293FA03E9BCFBE165182B2B75FCE0304A6911339EF98
20260713,ordinary_dynamic_augmentation,Dynamic ERM,cnrs_parent_0160,pattern_458,cubic,6,0.056985863285403004,0.07149554678966466,0,4,4,0,0,5.829334259033203e-05,2.7358531951904297e-05,3.0934810638427734e-05,-0.6151760816574097,-0.9228242039680481,0.3076481223106384,87B7C264B5818F45E388293FA03E9BCFBE165182B2B75FCE0304A6911339EF98
20260713,ordinary_dynamic_augmentation,Dynamic ERM,cnrs_parent_0175,pattern_493,cubic,6,0.1850811712622068,0.00030925305482188174,0,1,1,0,0,3.6954879760742188e-06,0.0,3.6954879760742188e-06,-0.9990197420120239,-1.0,0.0009802579879760742,87B7C264B5818F45E388293FA03E9BCFBE165182B2B75FCE0304A6911339EF98
20260713,ordinary_dynamic_augmentation,Dynamic ERM,cnrs_parent_0178,pattern_503,cubic,6,0.1366634813388522,0.3043073195597451,1,1,4,0,0,0.00815582275390625,0.001155853271484375,0.006999969482421875,-0.6270980834960938,-0.6438636779785156,0.016765594482421875,87B7C264B5818F45E388293FA03E9BCFBE165182B2B75FCE0304A6911339EF98
20260713,ordinary_dynamic_augmentation,Dynamic ERM,cnrs_parent_0183,pattern_527,cubic,6,0.20345098556495245,0.24346998137352518,1,4,5,0,0,0.021392822265625,0.1455078125,-0.124114990234375,-0.515716552734375,-0.70849609375,0.192779541015625,87B7C264B5818F45E388293FA03E9BCFBE165182B2B75FCE0304A6911339EF98
20260713,ordinary_dynamic_augmentation,Dynamic ERM,cnrs_parent_0188,pattern_545,cubic,6,0.06215821384019404,0.0016019219555418623,0,0,0,0,0,0.00040531158447265625,0.004680633544921875,-0.004275321960449219,-0.8770360946655273,-0.8551826477050781,-0.02185344696044922,87B7C264B5818F45E388293FA03E9BCFBE165182B2B75FCE0304A6911339EF98
20260713,ordinary_dynamic_augmentation,Dynamic ERM,cnrs_parent_0196,pattern_565,cubic,6,0.162650316294224,0.33183055671436645,1,1,0,0,0,2.9802322387695312e-06,2.980232238769531e-07,2.682209014892578e-06,-0.9750946760177612,-0.7548825144767761,-0.2202121615409851,87B7C264B5818F45E388293FA03E9BCFBE165182B2B75FCE0304A6911339EF98
20260713,ordinary_dynamic_augmentation,Dynamic ERM,cnrs_parent_0200,pattern_570,cubic,6,0.6609307948309566,0.14183318082420265,0,1,1,0,0,1.1920928955078125e-07,0.0,1.1920928955078125e-07,-0.6748045682907104,-0.93798828125,0.26318371295928955,87B7C264B5818F45E388293FA03E9BCFBE165182B2B75FCE0304A6911339EF98
20260713,ordinary_dynamic_augmentation,Dynamic ERM,cnrs_parent_0205,pattern_582,cubic,6,0.4146863834426354,0.0875227290205424,0,6,6,1,1,1.0,0.76904296875,0.23095703125,0.9999951124191284,0.5389404296875,0.4610546827316284,87B7C264B5818F45E388293FA03E9BCFBE165182B2B75FCE0304A6911339EF98
20260713,ordinary_dynamic_augmentation,Dynamic ERM,cnrs_parent_0217,pattern_609,cubic,6,0.12743301211359326,0.13412361937626094,0,1,1,0,0,0.0,0.0,0.0,-0.662109375,-1.0,0.337890625,87B7C264B5818F45E388293FA03E9BCFBE165182B2B75FCE0304A6911339EF98
20260713,ordinary_dynamic_augmentation,Dynamic ERM,cnrs_parent_0229,pattern_644,cubic,6,1.1501364427967629,0.6878801285887828,1,4,0,0,0,0.0011653900146484375,0.0,0.0011653900146484375,-0.9939517974853516,-0.83935546875,-0.15459632873535156,87B7C264B5818F45E388293FA03E9BCFBE165182B2B75FCE0304A6911339EF98
20260713,ordinary_dynamic_augmentation,Dynamic ERM,cnrs_parent_0238,pattern_678,cubic,6,0.1312320954881403,0.003551452610179111,0,0,0,0,0,2.2649765014648438e-06,0.0,2.2649765014648438e-06,-0.9892555475234985,-1.0,0.010744452476501465,87B7C264B5818F45E388293FA03E9BCFBE165182B2B75FCE0304A6911339EF98
20260713,ordinary_dynamic_augmentation,Dynamic ERM,cnrs_parent_0249,pattern_737,cubic,6,0.6463429025745839,0.6143775637058205,1,0,1,0,0,1.3113021850585938e-05,0.0,1.3113021850585938e-05,-0.9902212619781494,-0.962890625,-0.027330636978149414,87B7C264B5818F45E388293FA03E9BCFBE165182B2B75FCE0304A6911339EF98
20260713,ordinary_dynamic_augmentation,Dynamic ERM,cnrs_parent_0255,pattern_759,cubic,6,0.11662564335749592,0.3192787258541048,1,6,4,1,0,0.98095703125,0.274169921875,0.706787109375,0.9618377685546875,-0.450927734375,1.4127655029296875,87B7C264B5818F45E388293FA03E9BCFBE165182B2B75FCE0304A6911339EF98
20260713,ordinary_dynamic_augmentation,Dynamic ERM,cnrs_parent_0257,pattern_770,cubic,6,0.09117454056755792,0.03510864176760514,0,4,4,0,0,9.119510650634766e-06,2.9802322387695312e-06,6.139278411865234e-06,-0.8334869742393494,-0.9790009260177612,0.14551395177841187,87B7C264B5818F45E388293FA03E9BCFBE165182B2B75FCE0304A6911339EF98
20260713,ordinary_dynamic_augmentation,Dynamic ERM,cnrs_parent_0265,pattern_790,cubic,6,0.9445106824917825,0.6751330128911526,1,6,0,1,0,1.0,0.00586700439453125,0.9941329956054688,0.9999999403953552,-0.8286056518554688,1.828605592250824,87B7C264B5818F45E388293FA03E9BCFBE165182B2B75FCE0304A6911339EF98
20260713,ordinary_dynamic_augmentation,Dynamic ERM,cnrs_parent_0266,pattern_794,cubic,6,0.7942511968449799,0.691327948897432,1,6,1,1,0,1.0,0.0004138946533203125,0.9995861053466797,0.9999998807907104,-0.9947032928466797,1.9947031736373901,87B7C264B5818F45E388293FA03E9BCFBE165182B2B75FCE0304A6911339EF98
20260713,ordinary_dynamic_augmentation,Dynamic ERM,cnrs_parent_0268,pattern_810,cubic,6,0.023949928277124832,0.0004921171374554281,0,3,3,0,0,0.0009698867797851562,0.002597808837890625,-0.0016279220581054688,-0.9980535507202148,-0.9939842224121094,-0.004069328308105469,87B7C264B5818F45E388293FA03E9BCFBE165182B2B75FCE0304A6911339EF98
20260713,ordinary_dynamic_augmentation,Dynamic ERM,cnrs_parent_0282,pattern_851,cubic,6,0.3899835566965003,0.575202324985643,1,6,4,1,0,1.0,0.06121826171875,0.93878173828125,0.9998390674591064,-0.85968017578125,1.8595192432403564,87B7C264B5818F45E388293FA03E9BCFBE165182B2B75FCE0304A6911339EF98
20260713,ordinary_dynamic_augmentation,Dynamic ERM,cnrs_parent_0303,pattern_919,cubic,6,1.623380385382252,0.6931470779759602,1,6,1,1,0,1.0,0.0,1.0,0.9999999403953552,-0.9931640625,1.9931640028953552,87B7C264B5818F45E388293FA03E9BCFBE165182B2B75FCE0304A6911339EF98
20260713,ordinary_dynamic_augmentation,Dynamic ERM,cnrs_parent_0311,pattern_956,cubic,6,0.3458593906561461,0.6924531934238304,1,0,1,0,0,0.0,0.0,0.0,-1.0,-1.0,0.0,87B7C264B5818F45E388293FA03E9BCFBE165182B2B75FCE0304A6911339EF98
20260713,ordinary_dynamic_augmentation,Dynamic ERM,cnrs_parent_0316,pattern_964,cubic,6,1.3529762513888057,0.6931038512982208,1,6,1,1,0,1.0,0.0,1.0,0.9999613165855408,-0.99951171875,1.9994730353355408,87B7C264B5818F45E388293FA03E9BCFBE165182B2B75FCE0304A6911339EF98
20260713,ordinary_dynamic_augmentation,Dynamic ERM,cnrs_parent_0001,pattern_1009,cubic,6,0.8898306862749195,0.6930933003569291,1,6,2,1,0,1.0,8.940696716308594e-07,0.9999991059303284,0.999934732913971,-0.9604483246803284,1.9603830575942993,87B7C264B5818F45E388293FA03E9BCFBE165182B2B75FCE0304A6911339EF98
20260713,ordinary_dynamic_augmentation,Dynamic ERM,cnrs_parent_0024,pattern_1051,cubic,6,0.18211216208725345,0.0650928948925283,0,1,1,0,0,0.0,2.384185791015625e-07,-2.384185791015625e-07,-1.0,-0.8232419490814209,-0.1767580509185791,87B7C264B5818F45E388293FA03E9BCFBE165182B2B75FCE0304A6911339EF98
20260713,js_consistency_transfer,JS Consistency,cnrs_parent_0087,pattern_24,triclinic,0,0.058585674374712515,0.11045439639025073,1,1,0,0,1,0.478515625,0.89892578125,-0.42041015625,-0.04296875,0.79803466796875,-0.84100341796875,2FCF8698E07D47D15B78C6B61A0986DC3976F8960AAB26F633306F27E1E5638A
20260713,js_consistency_transfer,JS Consistency,cnrs_parent_0189,pattern_55,triclinic,0,0.09181804008499128,0.010945410194799115,0,1,1,0,0,0.11590576171875,0.2259521484375,-0.11004638671875,-0.76739501953125,-0.5474853515625,-0.21990966796875,2FCF8698E07D47D15B78C6B61A0986DC3976F8960AAB26F633306F27E1E5638A
20260713,js_consistency_transfer,JS Consistency,cnrs_parent_0260,pattern_78,triclinic,0,0.13415108068920556,0.005679076036341782,0,0,0,1,1,0.97509765625,0.99755859375,-0.0224609375,0.9566650390625,0.9951343536376953,-0.03846931457519531,2FCF8698E07D47D15B78C6B61A0986DC3976F8960AAB26F633306F27E1E5638A
20260713,js_consistency_transfer,JS Consistency,cnrs_parent_0322,pattern_99,triclinic,0,0.09411277945292162,0.0689855270315538,0,0,0,1,1,0.955078125,0.6826171875,0.2724609375,0.910064697265625,0.365234375,0.544830322265625,2FCF8698E07D47D15B78C6B61A0986DC3976F8960AAB26F633306F27E1E5638A
20260713,js_consistency_transfer,JS Consistency,cnrs_parent_0036,pattern_120,triclinic,0,0.17409144770549356,0.08454150883073475,0,0,0,1,1,0.775390625,1.0,-0.224609375,0.561767578125,0.9998818039894104,-0.4381142258644104,2FCF8698E07D47D15B78C6B61A0986DC3976F8960AAB26F633306F27E1E5638A
20260713,js_consistency_transfer,JS Consistency,cnrs_parent_0053,pattern_157,triclinic,0,0.04563900904188545,0.003490467602604007,0,1,1,0,0,0.00279998779296875,0.0192718505859375,-0.01647186279296875,-0.9942703247070312,-0.9611968994140625,-0.03307342529296875,2FCF8698E07D47D15B78C6B61A0986DC3976F8960AAB26F633306F27E1E5638A
20260713,js_consistency_transfer,JS Consistency,cnrs_parent_0063,pattern_180,triclinic,0,0.04646811100308579,0.10149375783668532,0,1,1,0,0,0.01190185546875,0.309814453125,-0.29791259765625,-0.97491455078125,-0.372314453125,-0.60260009765625,2FCF8698E07D47D15B78C6B61A0986DC3976F8960AAB26F633306F27E1E5638A
20260713,js_consistency_transfer,JS Consistency,cnrs_parent_0088,pattern_240,triclinic,0,0.012440036097699947,0.0004278940996218747,0,0,0,1,1,0.99072265625,0.99560546875,-0.0048828125,0.9815292358398438,0.9911727905273438,-0.0096435546875,2FCF8698E07D47D15B78C6B61A0986DC3976F8960AAB26F633306F27E1E5638A
20260713,js_consistency_transfer,JS Consistency,cnrs_parent_0109,pattern_298,triclinic,0,0.0847966834834234,0.055210642696073245,0,1,1,0,0,0.005062103271484375,0.17431640625,-0.16925430297851562,-0.9861488342285156,-0.65087890625,-0.3352699279785156,2FCF8698E07D47D15B78C6B61A0986DC3976F8960AAB26F633306F27E1E5638A
20260713,js_consistency_transfer,JS Consistency,cnrs_parent_0113,pattern_311,triclinic,0,0.03407933865698298,6.120261911473652e-05,0,0,0,1,1,0.99951171875,1.0,-0.00048828125,0.9991941452026367,0.9999576210975647,-0.0007634758949279785,2FCF8698E07D47D15B78C6B61A0986DC3976F8960AAB26F633306F27E1E5638A
20260713,js_consistency_transfer,JS Consistency,cnrs_parent_0124,pattern_348,triclinic,0,0.03696529297078788,0.006784416209551163,0,1,1,0,0,0.005458831787109375,0.0153656005859375,-0.009906768798828125,-0.9872169494628906,-0.9465484619140625,-0.040668487548828125,2FCF8698E07D47D15B78C6B61A0986DC3976F8960AAB26F633306F27E1E5638A
20260713,js_consistency_transfer,JS Consistency,cnrs_parent_0147,pattern_417,triclinic,0,0.026419777498380537,0.00017813749561482731,0,0,0,1,1,1.0,0.99951171875,0.00048828125,0.9999701976776123,0.9988503456115723,0.001119852066040039,2FCF8698E07D47D15B78C6B61A0986DC3976F8960AAB26F633306F27E1E5638A
20260713,js_consistency_transfer,JS Consistency,cnrs_parent_0148,pattern_423,triclinic,0,0.05450077422506705,0.0031220162221329917,0,0,0,1,1,0.99560546875,0.97900390625,0.0166015625,0.9914054870605469,0.9578857421875,0.033519744873046875,2FCF8698E07D47D15B78C6B61A0986DC3976F8960AAB26F633306F27E1E5638A
20260713,js_consistency_transfer,JS Consistency,cnrs_parent_0154,pattern_444,triclinic,0,0.12244557017221891,0.5568237312272294,1,1,0,0,1,0.0074615478515625,0.9404296875,-0.9329681396484375,-0.9852142333984375,0.88079833984375,-1.8660125732421875,2FCF8698E07D47D15B78C6B61A0986DC3976F8960AAB26F633306F27E1E5638A
20260713,js_consistency_transfer,JS Consistency,cnrs_parent_0158,pattern_456,triclinic,0,0.022500023467145636,0.0025661341242320308,0,0,0,1,1,0.98583984375,0.998046875,-0.01220703125,0.9715576171875,0.9959468841552734,-0.024389266967773438,2FCF8698E07D47D15B78C6B61A0986DC3976F8960AAB26F633306F27E1E5638A
20260713,js_consistency_transfer,JS Consistency,cnrs_parent_0161,pattern_464,triclinic,0,0.09969511770193784,0.005750168198767979,0,0,0,1,1,0.94482421875,0.98388671875,-0.0390625,0.88983154296875,0.9676055908203125,-0.0777740478515625,2FCF8698E07D47D15B78C6B61A0986DC3976F8960AAB26F633306F27E1E5638A
20260713,js_consistency_transfer,JS Consistency,cnrs_parent_0207,pattern_585,triclinic,0,0.014952848895759985,0.0020359615779438176,0,0,0,1,1,0.95654296875,0.978515625,-0.02197265625,0.912841796875,0.9572296142578125,-0.0443878173828125,2FCF8698E07D47D15B78C6B61A0986DC3976F8960AAB26F633306F27E1E5638A
20260713,js_consistency_transfer,JS Consistency,cnrs_parent_0233,pattern_653,triclinic,0,0.05270334194908077,0.1691808576909598,1,1,0,0,1,0.049957275390625,0.55224609375,-0.502288818359375,-0.900238037109375,0.105224609375,-1.005462646484375,2FCF8698E07D47D15B78C6B61A0986DC3976F8960AAB26F633306F27E1E5638A
20260713,js_consistency_transfer,JS Consistency,cnrs_parent_0253,pattern_753,triclinic,0,0.02234043612291159,0.0013198524028890345,0,0,0,1,1,0.97998046875,0.99169921875,-0.01171875,0.9597320556640625,0.9834442138671875,-0.023712158203125,2FCF8698E07D47D15B78C6B61A0986DC3976F8960AAB26F633306F27E1E5638A
20260713,js_consistency_transfer,JS Consistency,cnrs_parent_0291,pattern_881,triclinic,0,0.13398481577731247,0.06559435426109914,0,1,1,0,0,0.07000732421875,0.355712890625,-0.28570556640625,-0.85919189453125,-0.288330078125,-0.57086181640625,2FCF8698E07D47D15B78C6B61A0986DC3976F8960AAB26F633306F27E1E5638A
20260713,js_consistency_transfer,JS Consistency,cnrs_parent_0321,pattern_979,triclinic,0,0.07093011217466116,0.00037832078647825554,0,1,1,0,0,0.005138397216796875,0.00243377685546875,0.002704620361328125,-0.9894905090332031,-0.9951248168945312,0.005634307861328125,2FCF8698E07D47D15B78C6B61A0986DC3976F8960AAB26F633306F27E1E5638A
20260713,js_consistency_transfer,JS Consistency,cnrs_parent_0028,pattern_11,monoclinic,1,0.011229470567866384,0.005717873228157446,0,1,1,1,1,0.99267578125,0.96240234375,0.0302734375,0.9853858947753906,0.9248046875,0.060581207275390625,2FCF8698E07D47D15B78C6B61A0986DC3976F8960AAB26F633306F27E1E5638A
20260713,js_consistency_transfer,JS Consistency,cnrs_parent_0049,pattern_15,monoclinic,1,0.09347287399106163,0.0009397979469896317,0,0,0,0,0,0.0307769775390625,0.0177764892578125,0.01300048828125,-0.9379730224609375,-0.9636688232421875,0.02569580078125,2FCF8698E07D47D15B78C6B61A0986DC3976F8960AAB26F633306F27E1E5638A
20260713,js_consistency_transfer,JS Consistency,cnrs_parent_0115,pattern_32,monoclinic,1,0.04555152537080076,0.34003421244902443,1,1,0,1,0,0.86962890625,0.11883544921875,0.75079345703125,0.76495361328125,-0.75909423828125,1.5240478515625,2FCF8698E07D47D15B78C6B61A0986DC3976F8960AAB26F633306F27E1E5638A
20260713,js_consistency_transfer,JS Consistency,cnrs_parent_0153,pattern_44,monoclinic,1,0.2768553275142088,0.19880592312725426,0,1,1,1,1,0.99072265625,0.52294921875,0.4677734375,0.9829673767089844,0.046630859375,0.9363365173339844,2FCF8698E07D47D15B78C6B61A0986DC3976F8960AAB26F633306F27E1E5638A
20260713,js_consistency_transfer,JS Consistency,cnrs_parent_0214,pattern_60,monoclinic,1,0.08265708606192024,0.3474145406022506,1,1,0,1,0,0.98095703125,0.2379150390625,0.7430419921875,0.9618377685546875,-0.5242919921875,1.4861297607421875,2FCF8698E07D47D15B78C6B61A0986DC3976F8960AAB26F633306F27E1E5638A
20260713,js_consistency_transfer,JS Consistency,cnrs_parent_0236,pattern_67,monoclinic,1,0.21416466331564243,1.3552341971751889e-05,0,0,0,0,0,1.5437602996826172e-05,1.1920928955078125e-07,1.531839370727539e-05,-0.9999845623970032,-0.9999998807907104,1.531839370727539e-05,2FCF8698E07D47D15B78C6B61A0986DC3976F8960AAB26F633306F27E1E5638A
20260713,js_consistency_transfer,JS Consistency,cnrs_parent_0005,pattern_102,monoclinic,1,0.08044964861350301,0.2908991638572871,1,1,0,1,0,0.865234375,0.169921875,0.6953125,0.75433349609375,-0.66015625,1.41448974609375,2FCF8698E07D47D15B78C6B61A0986DC3976F8960AAB26F633306F27E1E5638A
20260713,js_consistency_transfer,JS Consistency,cnrs_parent_0011,pattern_103,monoclinic,1,0.9190424607680766,0.5761755047247246,1,2,4,0,0,0.058746337890625,0.26318359375,-0.204437255859375,-0.807952880859375,-0.193359375,-0.614593505859375,2FCF8698E07D47D15B78C6B61A0986DC3976F8960AAB26F633306F27E1E5638A
20260713,js_consistency_transfer,JS Consistency,cnrs_parent_0027,pattern_109,monoclinic,1,0.01463772391544138,0.022919235208875923,0,0,0,0,0,0.011688232421875,0.10595703125,-0.094268798828125,-0.976593017578125,-0.7880859375,-0.188507080078125,2FCF8698E07D47D15B78C6B61A0986DC3976F8960AAB26F633306F27E1E5638A
20260713,js_consistency_transfer,JS Consistency,cnrs_parent_0030,pattern_112,monoclinic,1,0.07792885022028784,0.2476106718134426,1,0,1,0,1,0.018402099609375,0.61865234375,-0.600250244140625,-0.963043212890625,0.237548828125,-1.200592041015625,2FCF8698E07D47D15B78C6B61A0986DC3976F8960AAB26F633306F27E1E5638A
20260713,js_consistency_transfer,JS Consistency,cnrs_parent_0031,pattern_113,monoclinic,1,0.21972767067268018,0.1801730656741912,1,2,5,0,0,0.39794921875,0.379150390625,0.018798828125,-0.006103515625,-0.226806640625,0.220703125,2FCF8698E07D47D15B78C6B61A0986DC3976F8960AAB26F633306F27E1E5638A
20260713,js_consistency_transfer,JS Consistency,cnrs_parent_0039,pattern_125,monoclinic,1,0.062139959786365995,0.38992838950529907,1,1,0,1,0,0.83740234375,0.0333251953125,0.8040771484375,0.675048828125,-0.9334716796875,1.6085205078125,2FCF8698E07D47D15B78C6B61A0986DC3976F8960AAB26F633306F27E1E5638A
20260713,js_consistency_transfer,JS Consistency,cnrs_parent_0042,pattern_129,monoclinic,1,0.6703334138367303,0.6898808482418031,1,1,0,1,0,0.99755859375,3.522634506225586e-05,0.9975233674049377,0.9960813522338867,-0.9999647736549377,1.9960461258888245,2FCF8698E07D47D15B78C6B61A0986DC3976F8960AAB26F633306F27E1E5638A
20260713,js_consistency_transfer,JS Consistency,cnrs_parent_0051,pattern_151,monoclinic,1,0.2440590977498429,0.5481308862217495,1,1,0,1,0,0.93505859375,0.0080718994140625,0.9269866943359375,0.87091064453125,-0.9811859130859375,1.8520965576171875,2FCF8698E07D47D15B78C6B61A0986DC3976F8960AAB26F633306F27E1E5638A
20260713,js_consistency_transfer,JS Consistency,cnrs_parent_0060,pattern_175,monoclinic,1,0.16012793331326447,0.22387291158012818,1,1,0,1,0,0.861328125,0.2298583984375,0.6314697265625,0.730712890625,-0.5386962890625,1.2694091796875,2FCF8698E07D47D15B78C6B61A0986DC3976F8960AAB26F633306F27E1E5638A
20260713,js_consistency_transfer,JS Consistency,cnrs_parent_0066,pattern_192,monoclinic,1,0.47450499307016547,0.2566996495787562,1,1,2,1,0,1.0,0.4287109375,0.5712890625,0.9999963641166687,-0.1328125,1.1328088641166687,2FCF8698E07D47D15B78C6B61A0986DC3976F8960AAB26F633306F27E1E5638A
20260713,js_consistency_transfer,JS Consistency,cnrs_parent_0072,pattern_205,monoclinic,1,0.17121125992391362,0.3609288086970174,1,2,1,0,1,0.11517333984375,0.8359375,-0.72076416015625,-0.62701416015625,0.774658203125,-1.40167236328125,2FCF8698E07D47D15B78C6B61A0986DC3976F8960AAB26F633306F27E1E5638A
20260713,js_consistency_transfer,JS Consistency,cnrs_parent_0074,pattern_208,monoclinic,1,0.07161346382345601,0.21133547688177687,1,1,0,1,0,0.974609375,0.42431640625,0.55029296875,0.9492340087890625,-0.1513671875,1.1006011962890625,2FCF8698E07D47D15B78C6B61A0986DC3976F8960AAB26F633306F27E1E5638A
20260713,js_consistency_transfer,JS Consistency,cnrs_parent_0080,pattern_225,monoclinic,1,0.12386085094811561,0.10609168866817421,0,0,0,0,0,0.26220703125,0.00016033649444580078,0.2620466947555542,-0.4619140625,-0.9998396635055542,0.5379256010055542,2FCF8698E07D47D15B78C6B61A0986DC3976F8960AAB26F633306F27E1E5638A
20260713,js_consistency_transfer,JS Consistency,cnrs_parent_0081,pattern_226,monoclinic,1,0.15909822440344357,0.05938405825871372,0,1,1,1,1,0.900390625,0.75,0.150390625,0.83477783203125,0.5093994140625,0.32537841796875,2FCF8698E07D47D15B78C6B61A0986DC3976F8960AAB26F633306F27E1E5638A
20260713,js_consistency_transfer,JS Consistency,cnrs_parent_0084,pattern_233,monoclinic,1,0.11398247407474693,0.017356344256766805,0,1,1,1,1,0.83203125,0.8759765625,-0.0439453125,0.6676025390625,0.79254150390625,-0.12493896484375,2FCF8698E07D47D15B78C6B61A0986DC3976F8960AAB26F633306F27E1E5638A
20260713,js_consistency_transfer,JS Consistency,cnrs_parent_0089,pattern_241,monoclinic,1,0.022674128896686963,0.00015567760973007747,0,1,1,1,1,0.9970703125,0.99853515625,-0.00146484375,0.9942474365234375,0.9972801208496094,-0.003032684326171875,2FCF8698E07D47D15B78C6B61A0986DC3976F8960AAB26F633306F27E1E5638A
20260713,js_consistency_transfer,JS Consistency,cnrs_parent_0091,pattern_243,monoclinic,1,0.37436614367086873,0.07361311637507381,0,4,4,0,0,0.0007867813110351562,0.01611328125,-0.015326499938964844,-0.9713811874389648,-0.8037109375,-0.16767024993896484,2FCF8698E07D47D15B78C6B61A0986DC3976F8960AAB26F633306F27E1E5638A
20260713,js_consistency_transfer,JS Consistency,cnrs_parent_0092,pattern_244,monoclinic,1,0.00500271670471053,0.0016918355981346248,0,1,1,1,1,0.970703125,0.9873046875,-0.0166015625,0.9423980712890625,0.975067138671875,-0.0326690673828125,2FCF8698E07D47D15B78C6B61A0986DC3976F8960AAB26F633306F27E1E5638A
20260713,js_consistency_transfer,JS Consistency,cnrs_parent_0094,pattern_250,monoclinic,1,0.2851463253972678,0.6654878212030603,1,2,0,0,0,0.489990234375,0.0108184814453125,0.4791717529296875,-0.019775390625,-0.9779510498046875,0.9581756591796875,2FCF8698E07D47D15B78C6B61A0986DC3976F8960AAB26F633306F27E1E5638A
20260713,js_consistency_transfer,JS Consistency,cnrs_parent_0095,pattern_255,monoclinic,1,0.38013045774411436,0.1481463336306855,1,0,1,0,1,0.31640625,0.83544921875,-0.51904296875,-0.345703125,0.6708984375,-1.0166015625,2FCF8698E07D47D15B78C6B61A0986DC3976F8960AAB26F633306F27E1E5638A
20260713,js_consistency_transfer,JS Consistency,cnrs_parent_0098,pattern_262,monoclinic,1,0.0760419627206338,0.12371042728780676,0,1,1,1,1,0.99658203125,0.66552734375,0.3310546875,0.9929466247558594,0.3310546875,0.6618919372558594,2FCF8698E07D47D15B78C6B61A0986DC3976F8960AAB26F633306F27E1E5638A
20260713,js_consistency_transfer,JS Consistency,cnrs_parent_0099,pattern_266,monoclinic,1,0.18535469070795918,0.6106741385695099,1,2,0,0,0,0.0257110595703125,0.408447265625,-0.3827362060546875,-0.9352264404296875,-0.172119140625,-0.7631072998046875,2FCF8698E07D47D15B78C6B61A0986DC3976F8960AAB26F633306F27E1E5638A
20260713,js_consistency_transfer,JS Consistency,cnrs_parent_0102,pattern_273,monoclinic,1,0.2593724711627139,0.3652939093891592,1,1,0,1,0,0.9833984375,0.26708984375,0.71630859375,0.9669952392578125,-0.46484375,1.4318389892578125,2FCF8698E07D47D15B78C6B61A0986DC3976F8960AAB26F633306F27E1E5638A
20260713,js_consistency_transfer,JS Consistency,cnrs_parent_0110,pattern_303,monoclinic,1,0.25004813464021236,0.18443403576031248,0,1,1,1,1,0.9765625,0.50634765625,0.47021484375,0.9625473022460938,0.013916015625,0.9486312866210938,2FCF8698E07D47D15B78C6B61A0986DC3976F8960AAB26F633306F27E1E5638A
20260713,js_consistency_transfer,JS Consistency,cnrs_parent_0111,pattern_307,monoclinic,1,0.022720226013065448,0.05751034497162875,0,1,1,1,1,0.9267578125,0.66357421875,0.26318359375,0.854736328125,0.327392578125,0.52734375,2FCF8698E07D47D15B78C6B61A0986DC3976F8960AAB26F633306F27E1E5638A
20260713,js_consistency_transfer,JS Consistency,cnrs_parent_0121,pattern_342,monoclinic,1,0.05794831403723388,0.13093373967996977,1,2,1,0,1,0.1622314453125,0.546875,-0.3846435546875,-0.6551513671875,0.220458984375,-0.8756103515625,2FCF8698E07D47D15B78C6B61A0986DC3976F8960AAB26F633306F27E1E5638A
20260713,js_consistency_transfer,JS Consistency,cnrs_parent_0122,pattern_344,monoclinic,1,0.5771933563351934,0.32919758841919444,1,2,1,0,1,0.14453125,0.88720703125,-0.74267578125,-0.484375,0.7791748046875,-1.2635498046875,2FCF8698E07D47D15B78C6B61A0986DC3976F8960AAB26F633306F27E1E5638A
20260713,js_consistency_transfer,JS Consistency,cnrs_parent_0128,pattern_362,monoclinic,1,0.07655739049135935,0.0010938460050189678,0,0,0,0,0,0.0005154609680175781,0.00511932373046875,-0.004603862762451172,-0.9989962577819824,-0.9899978637695312,-0.008998394012451172,2FCF8698E07D47D15B78C6B61A0986DC3976F8960AAB26F633306F27E1E5638A
20260713,js_consistency_transfer,JS Consistency,cnrs_parent_0130,pattern_365,monoclinic,1,0.4548087578565959,0.001090218449255287,0,0,0,0,0,7.748603820800781e-07,0.00030541419982910156,-0.0003046393394470215,-0.9970695376396179,-0.9992063045501709,0.0021367669105529785,2FCF8698E07D47D15B78C6B61A0986DC3976F8960AAB26F633306F27E1E5638A
20260713,js_consistency_transfer,JS Consistency,cnrs_parent_0137,pattern_388,monoclinic,1,0.09889148318188012,0.0003041499776006164,0,0,0,0,0,0.0017805099487304688,0.0008492469787597656,0.0009312629699707031,-0.9957780838012695,-0.9981741905212402,0.002396106719970703,2FCF8698E07D47D15B78C6B61A0986DC3976F8960AAB26F633306F27E1E5638A
20260713,js_consistency_transfer,JS Consistency,cnrs_parent_0140,pattern_397,monoclinic,1,0.051295271523028374,0.10171391814468267,0,1,1,1,1,0.9931640625,0.70263671875,0.29052734375,0.986602783203125,0.40869140625,0.577911376953125,2FCF8698E07D47D15B78C6B61A0986DC3976F8960AAB26F633306F27E1E5638A
20260713,js_consistency_transfer,JS Consistency,cnrs_parent_0151,pattern_431,monoclinic,1,0.035223783542100096,0.00012889963165297,0,0,0,0,0,0.1580810546875,0.1688232421875,-0.0107421875,-0.6832275390625,-0.6622314453125,-0.02099609375,2FCF8698E07D47D15B78C6B61A0986DC3976F8960AAB26F633306F27E1E5638A
20260713,js_consistency_transfer,JS Consistency,cnrs_parent_0162,pattern_469,monoclinic,1,0.06202270095004081,0.01932039139102013,0,0,0,0,0,0.1744384765625,0.0526123046875,0.121826171875,-0.6512451171875,-0.8946533203125,0.243408203125,2FCF8698E07D47D15B78C6B61A0986DC3976F8960AAB26F633306F27E1E5638A
20260713,js_consistency_transfer,JS Consistency,cnrs_parent_0165,pattern_474,monoclinic,1,0.7568641197866735,0.6044996430109346,1,1,2,1,0,1.0,0.042327880859375,0.957672119140625,0.9999487400054932,-0.679351806640625,1.6793005466461182,2FCF8698E07D47D15B78C6B61A0986DC3976F8960AAB26F633306F27E1E5638A
20260713,js_consistency_transfer,JS Consistency,cnrs_parent_0169,pattern_480,monoclinic,1,0.010456969386263837,0.010721341094812507,0,0,0,0,0,0.09197998046875,0.193115234375,-0.10113525390625,-0.81524658203125,-0.613525390625,-0.20172119140625,2FCF8698E07D47D15B78C6B61A0986DC3976F8960AAB26F633306F27E1E5638A
20260713,js_consistency_transfer,JS Consistency,cnrs_parent_0170,pattern_482,monoclinic,1,0.10605874163478368,0.30537345548595035,1,1,0,1,0,0.63427734375,0.0074615478515625,0.6268157958984375,0.310302734375,-0.9852142333984375,1.2955169677734375,2FCF8698E07D47D15B78C6B61A0986DC3976F8960AAB26F633306F27E1E5638A
20260713,js_consistency_transfer,JS Consistency,cnrs_parent_0174,pattern_491,monoclinic,1,0.26419509471866176,0.6291641093002716,1,4,1,0,1,0.0103302001953125,0.96044921875,-0.9501190185546875,-0.9794158935546875,0.934844970703125,-1.9142608642578125,2FCF8698E07D47D15B78C6B61A0986DC3976F8960AAB26F633306F27E1E5638A
20260713,js_consistency_transfer,JS Consistency,cnrs_parent_0176,pattern_497,monoclinic,1,0.009412433087438776,0.013152221689273356,0,0,0,0,0,0.10968017578125,0.0295257568359375,0.0801544189453125,-0.78045654296875,-0.9406890869140625,0.1602325439453125,2FCF8698E07D47D15B78C6B61A0986DC3976F8960AAB26F633306F27E1E5638A
20260713,js_consistency_transfer,JS Consistency,cnrs_parent_0180,pattern_513,monoclinic,1,0.25584141732970256,0.30578564009122366,1,0,2,0,0,0.28759765625,0.10821533203125,0.17938232421875,-0.37841796875,-0.62420654296875,0.24578857421875,2FCF8698E07D47D15B78C6B61A0986DC3976F8960AAB26F633306F27E1E5638A
20260713,js_consistency_transfer,JS Consistency,cnrs_parent_0181,pattern_514,monoclinic,1,0.1195175581022625,0.00010424029525446579,0,0,0,0,0,2.6524066925048828e-05,6.556510925292969e-07,2.586841583251953e-05,-0.999485194683075,-0.9999993443489075,0.0005141496658325195,2FCF8698E07D47D15B78C6B61A0986DC3976F8960AAB26F633306F27E1E5638A
20260713,js_consistency_transfer,JS Consistency,cnrs_parent_0182,pattern_516,monoclinic,1,0.040889672173204716,0.053246403208049665,0,1,1,1,1,0.83984375,0.54296875,0.296875,0.6795654296875,0.0859375,0.5936279296875,2FCF8698E07D47D15B78C6B61A0986DC3976F8960AAB26F633306F27E1E5638A
20260713,js_consistency_transfer,JS Consistency,cnrs_parent_0186,pattern_538,monoclinic,1,0.28340497754209715,0.08300853963241878,1,1,0,1,0,0.56689453125,0.185546875,0.38134765625,0.14892578125,-0.62060546875,0.76953125,2FCF8698E07D47D15B78C6B61A0986DC3976F8960AAB26F633306F27E1E5638A
20260713,js_consistency_transfer,JS Consistency,cnrs_parent_0190,pattern_551,monoclinic,1,0.19878614891564161,0.03865056703885435,0,0,0,0,0,0.1083984375,0.00033402442932128906,0.10806441307067871,-0.78173828125,-0.9991776943206787,0.2174394130706787,2FCF8698E07D47D15B78C6B61A0986DC3976F8960AAB26F633306F27E1E5638A
20260713,js_consistency_transfer,JS Consistency,cnrs_parent_0191,pattern_552,monoclinic,1,0.18427539086500788,0.004235263884077603,0,0,0,0,0,0.01149749755859375,1.1622905731201172e-05,0.011485874652862549,-0.9762954711914062,-0.9999883770942688,0.02369290590286255,2FCF8698E07D47D15B78C6B61A0986DC3976F8960AAB26F633306F27E1E5638A
20260713,js_consistency_transfer,JS Consistency,cnrs_parent_0193,pattern_554,monoclinic,1,0.058784858290045205,0.00040588996755549394,0,0,0,0,0,0.058929443359375,0.063232421875,-0.004302978515625,-0.881011962890625,-0.873291015625,-0.007720947265625,2FCF8698E07D47D15B78C6B61A0986DC3976F8960AAB26F633306F27E1E5638A
20260713,js_consistency_transfer,JS Consistency,cnrs_parent_0195,pattern_560,monoclinic,1,0.07651859444256026,0.2268964483217638,1,1,0,1,0,0.9912109375,0.443603515625,0.547607421875,0.9824295043945312,-0.113037109375,1.0954666137695312,2FCF8698E07D47D15B78C6B61A0986DC3976F8960AAB26F633306F27E1E5638A
20260713,js_consistency_transfer,JS Consistency,cnrs_parent_0198,pattern_568,monoclinic,1,0.013225174513559868,0.046271498025446806,0,1,1,1,1,0.8349609375,0.5595703125,0.275390625,0.6705322265625,0.120361328125,0.5501708984375,2FCF8698E07D47D15B78C6B61A0986DC3976F8960AAB26F633306F27E1E5638A
20260713,js_consistency_transfer,JS Consistency,cnrs_parent_0209,pattern_588,monoclinic,1,0.14021661229524018,0.22192803028926367,1,1,0,1,0,0.93798828125,0.332763671875,0.605224609375,0.8760986328125,-0.334228515625,1.2103271484375,2FCF8698E07D47D15B78C6B61A0986DC3976F8960AAB26F633306F27E1E5638A
20260713,js_consistency_transfer,JS Consistency,cnrs_parent_0210,pattern_590,monoclinic,1,0.050967790650861655,0.0731866131175546,0,0,0,0,0,0.2479248046875,0.01247406005859375,0.23545074462890625,-0.5040283203125,-0.9748306274414062,0.47080230712890625,2FCF8698E07D47D15B78C6B61A0986DC3976F8960AAB26F633306F27E1E5638A
20260713,js_consistency_transfer,JS Consistency,cnrs_parent_0212,pattern_595,monoclinic,1,0.02947645711102831,0.00505298265859317,0,1,1,1,1,0.95556640625,0.98779296875,-0.0322265625,0.911224365234375,0.975738525390625,-0.06451416015625,2FCF8698E07D47D15B78C6B61A0986DC3976F8960AAB26F633306F27E1E5638A
20260713,js_consistency_transfer,JS Consistency,cnrs_parent_0213,pattern_599,monoclinic,1,0.04621424048655676,0.04015841323172317,0,0,0,0,0,0.29736328125,0.0809326171875,0.2164306640625,-0.4052734375,-0.8380126953125,0.4327392578125,2FCF8698E07D47D15B78C6B61A0986DC3976F8960AAB26F633306F27E1E5638A
20260713,js_consistency_transfer,JS Consistency,cnrs_parent_0219,pattern_616,monoclinic,1,0.02263360662235392,0.16984515985405402,1,0,1,0,1,0.315673828125,0.86865234375,-0.552978515625,-0.368408203125,0.7374267578125,-1.1058349609375,2FCF8698E07D47D15B78C6B61A0986DC3976F8960AAB26F633306F27E1E5638A
20260713,js_consistency_transfer,JS Consistency,cnrs_parent_0221,pattern_618,monoclinic,1,0.2744783368472804,0.6611689455919065,1,2,0,0,0,0.225830078125,0.01363372802734375,0.21219635009765625,-0.547119140625,-0.9726943969726562,0.42557525634765625,2FCF8698E07D47D15B78C6B61A0986DC3976F8960AAB26F633306F27E1E5638A
20260713,js_consistency_transfer,JS Consistency,cnrs_parent_0240,pattern_684,monoclinic,1,0.25092288129925944,0.0014618611822681273,0,1,1,1,1,0.98046875,0.98974609375,-0.00927734375,0.9644317626953125,0.979339599609375,-0.0149078369140625,2FCF8698E07D47D15B78C6B61A0986DC3976F8960AAB26F633306F27E1E5638A
20260713,js_consistency_transfer,JS Consistency,cnrs_parent_0243,pattern_710,monoclinic,1,0.012438840664685147,0.005631956338035494,0,1,1,1,1,0.830078125,0.90185546875,-0.07177734375,0.66015625,0.80377197265625,-0.14361572265625,2FCF8698E07D47D15B78C6B61A0986DC3976F8960AAB26F633306F27E1E5638A
20260713,js_consistency_transfer,JS Consistency,cnrs_parent_0251,pattern_745,monoclinic,1,0.1264116183694146,0.06788104122632477,0,0,0,0,0,0.26171875,0.056610107421875,0.205108642578125,-0.412109375,-0.886260986328125,0.474151611328125,2FCF8698E07D47D15B78C6B61A0986DC3976F8960AAB26F633306F27E1E5638A
20260713,js_consistency_transfer,JS Consistency,cnrs_parent_0254,pattern_756,monoclinic,1,0.030188213026536626,0.008865655115544067,0,1,1,1,1,0.97021484375,0.9111328125,0.05908203125,0.949676513671875,0.86376953125,0.085906982421875,2FCF8698E07D47D15B78C6B61A0986DC3976F8960AAB26F633306F27E1E5638A
20260713,js_consistency_transfer,JS Consistency,cnrs_parent_0259,pattern_779,monoclinic,1,0.05175307230884896,0.07299047211614049,0,1,1,1,1,0.9990234375,0.7978515625,0.201171875,0.9981198310852051,0.5960693359375,0.4020504951477051,2FCF8698E07D47D15B78C6B61A0986DC3976F8960AAB26F633306F27E1E5638A
20260713,js_consistency_transfer,JS Consistency,cnrs_parent_0269,pattern_815,monoclinic,1,0.8069194833979474,0.6622077790371337,1,5,3,0,0,0.01300048828125,0.002361297607421875,0.010639190673828125,-0.82977294921875,-0.9746894836425781,0.14491653442382812,2FCF8698E07D47D15B78C6B61A0986DC3976F8960AAB26F633306F27E1E5638A
20260713,js_consistency_transfer,JS Consistency,cnrs_parent_0271,pattern_825,monoclinic,1,0.14678255845454358,3.598366773852955e-05,0,0,0,0,0,0.0007495880126953125,0.0012845993041992188,-0.0005350112915039062,-0.9982738494873047,-0.9972505569458008,-0.0010232925415039062,2FCF8698E07D47D15B78C6B61A0986DC3976F8960AAB26F633306F27E1E5638A
20260713,js_consistency_transfer,JS Consistency,cnrs_parent_0273,pattern_831,monoclinic,1,0.04401897750353245,0.022959688935639468,0,1,1,1,1,0.92724609375,0.77880859375,0.1484375,0.8546142578125,0.5574951171875,0.297119140625,2FCF8698E07D47D15B78C6B61A0986DC3976F8960AAB26F633306F27E1E5638A
20260713,js_consistency_transfer,JS Consistency,cnrs_parent_0274,pattern_833,monoclinic,1,0.05224130143245653,0.01173810428087547,0,1,1,1,1,0.99951171875,0.962890625,0.03662109375,0.9989457130432129,0.92584228515625,0.07310342788696289,2FCF8698E07D47D15B78C6B61A0986DC3976F8960AAB26F633306F27E1E5638A
20260713,js_consistency_transfer,JS Consistency,cnrs_parent_0284,pattern_857,monoclinic,1,0.020709436798043157,0.00953844103814755,0,0,0,0,0,0.384765625,0.2568359375,0.1279296875,-0.22998046875,-0.486328125,0.25634765625,2FCF8698E07D47D15B78C6B61A0986DC3976F8960AAB26F633306F27E1E5638A
20260713,js_consistency_transfer,JS Consistency,cnrs_parent_0285,pattern_859,monoclinic,1,0.3227683401130125,0.24063829417559773,1,1,0,1,0,0.99951171875,0.453369140625,0.546142578125,0.9991042613983154,-0.093505859375,1.0926101207733154,2FCF8698E07D47D15B78C6B61A0986DC3976F8960AAB26F633306F27E1E5638A
20260713,js_consistency_transfer,JS Consistency,cnrs_parent_0292,pattern_885,monoclinic,1,0.025131613947454667,0.018946757139890164,0,1,1,1,1,0.97509765625,0.87890625,0.09619140625,0.951263427734375,0.75897216796875,0.192291259765625,2FCF8698E07D47D15B78C6B61A0986DC3976F8960AAB26F633306F27E1E5638A
20260713,js_consistency_transfer,JS Consistency,cnrs_parent_0294,pattern_890,monoclinic,1,0.23823995019087707,0.3375396003679128,1,1,0,1,0,0.80078125,0.04742431640625,0.75335693359375,0.60302734375,-0.90472412109375,1.50775146484375,2FCF8698E07D47D15B78C6B61A0986DC3976F8960AAB26F633306F27E1E5638A
20260713,js_consistency_transfer,JS Consistency,cnrs_parent_0295,pattern_895,monoclinic,1,0.16018735220079583,0.0001710208277923886,0,0,0,0,0,0.0010080337524414062,0.0001609325408935547,0.0008471012115478516,-0.9980154037475586,-0.9998390674591064,0.0018236637115478516,2FCF8698E07D47D15B78C6B61A0986DC3976F8960AAB26F633306F27E1E5638A
20260713,js_consistency_transfer,JS Consistency,cnrs_parent_0296,pattern_896,monoclinic,1,0.026608060800413447,0.005327132792316295,0,1,1,1,1,0.99951171875,0.98095703125,0.0185546875,0.9988293647766113,0.962127685546875,0.03670167922973633,2FCF8698E07D47D15B78C6B61A0986DC3976F8960AAB26F633306F27E1E5638A
20260713,js_consistency_transfer,JS Consistency,cnrs_parent_0297,pattern_906,monoclinic,1,0.017807470844842466,0.0026282598929797934,0,0,0,0,0,0.027374267578125,0.008575439453125,0.018798828125,-0.945281982421875,-0.982635498046875,0.037353515625,2FCF8698E07D47D15B78C6B61A0986DC3976F8960AAB26F633306F27E1E5638A
20260713,js_consistency_transfer,JS Consistency,cnrs_parent_0298,pattern_907,monoclinic,1,0.08376680070736109,0.004952041841254206,0,0,0,0,0,0.05426025390625,0.05560302734375,-0.0013427734375,-0.87445068359375,-0.88824462890625,0.0137939453125,2FCF8698E07D47D15B78C6B61A0986DC3976F8960AAB26F633306F27E1E5638A
20260713,js_consistency_transfer,JS Consistency,cnrs_parent_0301,pattern_912,monoclinic,1,0.029436334022717614,3.049131005481893e-05,0,1,1,1,1,1.0,1.0,0.0,0.9999972581863403,0.9999096989631653,8.755922317504883e-05,2FCF8698E07D47D15B78C6B61A0986DC3976F8960AAB26F633306F27E1E5638A
20260713,js_consistency_transfer,JS Consistency,cnrs_parent_0305,pattern_930,monoclinic,1,0.6816627516205873,0.6906823379738241,1,1,0,1,0,0.97509765625,6.556510925292969e-07,0.9750970005989075,0.9563751220703125,-0.9999993443489075,1.95637446641922,2FCF8698E07D47D15B78C6B61A0986DC3976F8960AAB26F633306F27E1E5638A
20260713,js_consistency_transfer,JS Consistency,cnrs_parent_0306,pattern_938,monoclinic,1,0.02141969061926352,0.10633475915971266,0,0,0,0,0,0.055419921875,0.43212890625,-0.376708984375,-0.888916015625,-0.1357421875,-0.753173828125,2FCF8698E07D47D15B78C6B61A0986DC3976F8960AAB26F633306F27E1E5638A
20260713,js_consistency_transfer,JS Consistency,cnrs_parent_0314,pattern_961,monoclinic,1,0.1157534111344447,0.01710378515599937,0,0,0,0,0,0.0341796875,0.0002512931823730469,0.03392839431762695,-0.91552734375,-0.999260425567627,0.08373308181762695,2FCF8698E07D47D15B78C6B61A0986DC3976F8960AAB26F633306F27E1E5638A
20260713,js_consistency_transfer,JS Consistency,cnrs_parent_0320,pattern_977,monoclinic,1,0.06169521896649488,0.040608357423235646,0,1,1,1,1,0.875,0.9775390625,-0.1025390625,0.756103515625,0.95709228515625,-0.20098876953125,2FCF8698E07D47D15B78C6B61A0986DC3976F8960AAB26F633306F27E1E5638A
20260713,js_consistency_transfer,JS Consistency,cnrs_parent_0323,pattern_998,monoclinic,1,0.19467003212550804,0.6421654645180774,1,2,0,0,0,0.01641845703125,0.262939453125,-0.24652099609375,-0.94500732421875,-0.468994140625,-0.47601318359375,2FCF8698E07D47D15B78C6B61A0986DC3976F8960AAB26F633306F27E1E5638A
20260713,js_consistency_transfer,JS Consistency,cnrs_parent_0007,pattern_1021,monoclinic,1,0.889386771712143,0.6194768687098979,1,1,0,1,0,1.0,0.033050537109375,0.966949462890625,0.9999243021011353,-0.613922119140625,1.6138464212417603,2FCF8698E07D47D15B78C6B61A0986DC3976F8960AAB26F633306F27E1E5638A
20260713,js_consistency_transfer,JS Consistency,cnrs_parent_0008,pattern_1023,monoclinic,1,0.09438162781476767,0.0011033925347399113,0,0,0,0,0,0.003749847412109375,0.00010865926742553711,0.003641188144683838,-0.9923439025878906,-0.9998913407325745,0.007547438144683838,2FCF8698E07D47D15B78C6B61A0986DC3976F8960AAB26F633306F27E1E5638A
20260713,js_consistency_transfer,JS Consistency,cnrs_parent_0014,pattern_1034,monoclinic,1,0.25652607532692595,0.00012627468227563253,0,4,4,0,0,0.000186920166015625,3.2782554626464844e-06,0.00018364191055297852,-0.9993247985839844,-0.9999967217445374,0.0006719231605529785,2FCF8698E07D47D15B78C6B61A0986DC3976F8960AAB26F633306F27E1E5638A
20260713,js_consistency_transfer,JS Consistency,cnrs_parent_0020,pattern_1044,monoclinic,1,0.007313786674814082,0.0016432432769225443,0,1,1,1,1,0.9365234375,0.90576171875,0.03076171875,0.873291015625,0.811767578125,0.0615234375,2FCF8698E07D47D15B78C6B61A0986DC3976F8960AAB26F633306F27E1E5638A
20260713,js_consistency_transfer,JS Consistency,cnrs_parent_0021,pattern_1045,monoclinic,1,0.01818467112740474,0.09173975047206051,0,0,0,0,0,0.017578125,0.30908203125,-0.29150390625,-0.96484375,-0.3818359375,-0.5830078125,2FCF8698E07D47D15B78C6B61A0986DC3976F8960AAB26F633306F27E1E5638A
20260713,js_consistency_transfer,JS Consistency,cnrs_parent_0070,pattern_20,orthorhombic,2,0.1804861068195014,0.008490015784215663,0,0,0,0,0,0.0001310110092163086,3.7550926208496094e-06,0.00012725591659545898,-0.8397127389907837,-0.9228478074073792,0.08313506841659546,2FCF8698E07D47D15B78C6B61A0986DC3976F8960AAB26F633306F27E1E5638A
20260713,js_consistency_transfer,JS Consistency,cnrs_parent_0163,pattern_47,orthorhombic,2,0.23265976674385802,0.28599526730342234,1,2,0,1,0,0.50830078125,0.0009241104125976562,0.5073766708374023,0.176025390625,-0.9736852645874023,1.1497106552124023,2FCF8698E07D47D15B78C6B61A0986DC3976F8960AAB26F633306F27E1E5638A
20260713,js_consistency_transfer,JS Consistency,cnrs_parent_0173,pattern_49,orthorhombic,2,0.08494018779393142,0.3029383177481584,1,1,0,0,0,1.8477439880371094e-06,5.3942203521728516e-05,-5.2094459533691406e-05,-0.989255964756012,-0.6825632452964783,-0.3066927194595337,2FCF8698E07D47D15B78C6B61A0986DC3976F8960AAB26F633306F27E1E5638A
20260713,js_consistency_transfer,JS Consistency,cnrs_parent_0224,pattern_63,orthorhombic,2,0.6024803185218992,0.51460613583678,1,4,1,0,0,0.00510406494140625,0.0214385986328125,-0.01633453369140625,-0.8894271850585938,-0.9082489013671875,0.01882171630859375,2FCF8698E07D47D15B78C6B61A0986DC3976F8960AAB26F633306F27E1E5638A
20260713,js_consistency_transfer,JS Consistency,cnrs_parent_0234,pattern_66,orthorhombic,2,0.058236121979957645,0.0040095749120909845,0,1,1,0,0,0.0023288726806640625,0.00429534912109375,-0.0019664764404296875,-0.9786281585693359,-0.9449234008789062,-0.03370475769042969,2FCF8698E07D47D15B78C6B61A0986DC3976F8960AAB26F633306F27E1E5638A
20260713,js_consistency_transfer,JS Consistency,cnrs_parent_0245,pattern_72,orthorhombic,2,0.2835516049598684,0.5429235771234269,1,2,1,1,0,0.908203125,0.000141143798828125,0.9080619812011719,0.82171630859375,-0.7181205749511719,1.5398368835449219,2FCF8698E07D47D15B78C6B61A0986DC3976F8960AAB26F633306F27E1E5638A
20260713,js_consistency_transfer,JS Consistency,cnrs_parent_0293,pattern_89,orthorhombic,2,0.24618899558490337,0.39529078218160474,1,5,0,0,0,0.035980224609375,1.3589859008789062e-05,0.03596663475036621,-0.412750244140625,-0.7187364101409912,0.3059861660003662,2FCF8698E07D47D15B78C6B61A0986DC3976F8960AAB26F633306F27E1E5638A
20260713,js_consistency_transfer,JS Consistency,cnrs_parent_0025,pattern_106,orthorhombic,2,1.361296874168962,0.6856362732432192,1,1,5,0,0,0.004520416259765625,0.038970947265625,-0.034450531005859375,-0.9910850524902344,-0.477630615234375,-0.5134544372558594,2FCF8698E07D47D15B78C6B61A0986DC3976F8960AAB26F633306F27E1E5638A
20260713,js_consistency_transfer,JS Consistency,cnrs_parent_0032,pattern_114,orthorhombic,2,0.9855736778282937,0.6695974240359757,1,2,0,1,0,0.95263671875,0.007415771484375,0.945220947265625,0.9053955078125,-0.949127197265625,1.854522705078125,2FCF8698E07D47D15B78C6B61A0986DC3976F8960AAB26F633306F27E1E5638A
20260713,js_consistency_transfer,JS Consistency,cnrs_parent_0033,pattern_116,orthorhombic,2,0.03670766869059172,0.08856778238486551,0,1,1,0,0,0.372802734375,0.05731201171875,0.31549072265625,-0.246826171875,-0.82208251953125,0.57525634765625,2FCF8698E07D47D15B78C6B61A0986DC3976F8960AAB26F633306F27E1E5638A
20260713,js_consistency_transfer,JS Consistency,cnrs_parent_0034,pattern_117,orthorhombic,2,0.3666313819866952,0.24039266326957376,1,1,0,0,0,0.40380859375,0.00981903076171875,0.39398956298828125,-0.012939453125,-0.6049270629882812,0.5919876098632812,2FCF8698E07D47D15B78C6B61A0986DC3976F8960AAB26F633306F27E1E5638A
20260713,js_consistency_transfer,JS Consistency,cnrs_parent_0037,pattern_123,orthorhombic,2,0.4253381408322897,0.4779658017864547,1,1,2,0,1,0.007640838623046875,0.86474609375,-0.8571052551269531,-0.9547615051269531,0.75775146484375,-1.7125129699707031,2FCF8698E07D47D15B78C6B61A0986DC3976F8960AAB26F633306F27E1E5638A
20260713,js_consistency_transfer,JS Consistency,cnrs_parent_0043,pattern_131,orthorhombic,2,0.8128759284576623,0.6913491564569078,1,1,0,0,0,9.059906005859375e-06,0.0,9.059906005859375e-06,-0.9995026588439941,-1.0,0.0004973411560058594,2FCF8698E07D47D15B78C6B61A0986DC3976F8960AAB26F633306F27E1E5638A
20260713,js_consistency_transfer,JS Consistency,cnrs_parent_0044,pattern_132,orthorhombic,2,0.02120540545763172,0.04006964140642402,0,1,1,0,0,0.015228271484375,0.00787353515625,0.007354736328125,-0.873443603515625,-0.66351318359375,-0.209930419921875,2FCF8698E07D47D15B78C6B61A0986DC3976F8960AAB26F633306F27E1E5638A
20260713,js_consistency_transfer,JS Consistency,cnrs_parent_0045,pattern_135,orthorhombic,2,0.347144146091228,0.032856742270635224,0,0,0,0,0,0.00522613525390625,7.152557373046875e-07,0.005225419998168945,-0.9020004272460938,-0.9995110034942627,0.09751057624816895,2FCF8698E07D47D15B78C6B61A0986DC3976F8960AAB26F633306F27E1E5638A
20260713,js_consistency_transfer,JS Consistency,cnrs_parent_0046,pattern_136,orthorhombic,2,0.2455973001439551,0.000893610937207939,0,4,4,0,0,3.6954879760742188e-06,0.002223968505859375,-0.0022202730178833008,-0.9999963045120239,-0.9948463439941406,-0.005149960517883301,2FCF8698E07D47D15B78C6B61A0986DC3976F8960AAB26F633306F27E1E5638A
20260713,js_consistency_transfer,JS Consistency,cnrs_parent_0048,pattern_148,orthorhombic,2,0.49629896365478243,0.5892353702229987,1,1,0,0,0,0.400390625,0.0625,0.337890625,-0.19580078125,-0.87451171875,0.6787109375,2FCF8698E07D47D15B78C6B61A0986DC3976F8960AAB26F633306F27E1E5638A
20260713,js_consistency_transfer,JS Consistency,cnrs_parent_0054,pattern_166,orthorhombic,2,0.04010516837106748,0.10296316075423324,0,1,1,0,0,3.874301910400391e-06,6.973743438720703e-06,-3.0994415283203125e-06,-0.9902305006980896,-0.6894461512565613,-0.3007843494415283,2FCF8698E07D47D15B78C6B61A0986DC3976F8960AAB26F633306F27E1E5638A
20260713,js_consistency_transfer,JS Consistency,cnrs_parent_0055,pattern_167,orthorhombic,2,0.05674158735215107,0.04471950192114776,0,1,1,0,0,0.04296875,0.0026912689208984375,0.04027748107910156,-0.68115234375,-0.6257266998291016,-0.05542564392089844,2FCF8698E07D47D15B78C6B61A0986DC3976F8960AAB26F633306F27E1E5638A
20260713,js_consistency_transfer,JS Consistency,cnrs_parent_0059,pattern_174,orthorhombic,2,0.9740915543343882,0.6925618343185762,1,1,2,0,1,4.762411117553711e-05,1.0,-0.9999523758888245,-0.9652844071388245,0.9998785257339478,-1.9651629328727722,2FCF8698E07D47D15B78C6B61A0986DC3976F8960AAB26F633306F27E1E5638A
20260713,js_consistency_transfer,JS Consistency,cnrs_parent_0064,pattern_188,orthorhombic,2,1.0785670916111496,0.5440340793726737,1,1,4,0,0,0.00339508056640625,0.028167724609375,-0.02477264404296875,-0.8501205444335938,-0.762359619140625,-0.08776092529296875,2FCF8698E07D47D15B78C6B61A0986DC3976F8960AAB26F633306F27E1E5638A
20260713,js_consistency_transfer,JS Consistency,cnrs_parent_0076,pattern_212,orthorhombic,2,0.11369823727259387,0.24352298312429066,1,1,0,0,0,0.0025768280029296875,0.001190185546875,0.0013866424560546875,-0.8245716094970703,-0.836700439453125,0.012128829956054688,2FCF8698E07D47D15B78C6B61A0986DC3976F8960AAB26F633306F27E1E5638A
20260713,js_consistency_transfer,JS Consistency,cnrs_parent_0078,pattern_220,orthorhombic,2,0.055070199668927344,0.025631525250219864,0,1,1,0,0,0.00366973876953125,0.00014388561248779297,0.003525853157043457,-0.9152755737304688,-0.7645045518875122,-0.15077102184295654,2FCF8698E07D47D15B78C6B61A0986DC3976F8960AAB26F633306F27E1E5638A
20260713,js_consistency_transfer,JS Consistency,cnrs_parent_0079,pattern_223,orthorhombic,2,0.11790562303329177,0.007918366067404434,0,1,1,0,0,7.212162017822266e-05,3.898143768310547e-05,3.314018249511719e-05,-0.9974864721298218,-0.9667578935623169,-0.030728578567504883,2FCF8698E07D47D15B78C6B61A0986DC3976F8960AAB26F633306F27E1E5638A
20260713,js_consistency_transfer,JS Consistency,cnrs_parent_0082,pattern_227,orthorhombic,2,0.07205160530647792,0.00022233072588997944,0,0,0,0,0,1.3172626495361328e-05,0.0,1.3172626495361328e-05,-0.9990102648735046,-1.0,0.0009897351264953613,2FCF8698E07D47D15B78C6B61A0986DC3976F8960AAB26F633306F27E1E5638A
20260713,js_consistency_transfer,JS Consistency,cnrs_parent_0086,pattern_238,orthorhombic,2,0.018981389162359807,0.11053189732259616,1,1,0,0,0,5.9604644775390625e-06,4.0531158447265625e-06,1.9073486328125e-06,-0.8139588832855225,-0.6386678218841553,-0.1752910614013672,2FCF8698E07D47D15B78C6B61A0986DC3976F8960AAB26F633306F27E1E5638A
20260713,js_consistency_transfer,JS Consistency,cnrs_parent_0090,pattern_242,orthorhombic,2,0.010397059011621246,0.029081222943873768,0,1,1,0,0,0.026123046875,0.1588134765625,-0.1326904296875,-0.898193359375,-0.6448974609375,-0.2532958984375,2FCF8698E07D47D15B78C6B61A0986DC3976F8960AAB26F633306F27E1E5638A
20260713,js_consistency_transfer,JS Consistency,cnrs_parent_0100,pattern_268,orthorhombic,2,0.3373375418401966,0.19189286121312205,0,1,1,0,0,0.046600341796875,2.9981136322021484e-05,0.04657036066055298,-0.682403564453125,-0.613251268863678,-0.06915229558944702,2FCF8698E07D47D15B78C6B61A0986DC3976F8960AAB26F633306F27E1E5638A
20260713,js_consistency_transfer,JS Consistency,cnrs_parent_0114,pattern_319,orthorhombic,2,0.4475380601071749,0.5878274729115605,1,1,2,0,1,0.0012798309326171875,0.69677734375,-0.6954975128173828,-0.9747943878173828,0.433349609375,-1.4081439971923828,2FCF8698E07D47D15B78C6B61A0986DC3976F8960AAB26F633306F27E1E5638A
20260713,js_consistency_transfer,JS Consistency,cnrs_parent_0119,pattern_334,orthorhombic,2,0.03858278837514506,0.04561500585347452,0,0,0,0,0,1.8596649169921875e-05,5.960464477539062e-07,1.800060272216797e-05,-0.8212704658508301,-0.9858392477035522,0.16456878185272217,2FCF8698E07D47D15B78C6B61A0986DC3976F8960AAB26F633306F27E1E5638A
20260713,js_consistency_transfer,JS Consistency,cnrs_parent_0120,pattern_341,orthorhombic,2,0.1734509667285422,0.263223521501195,1,1,0,0,0,0.0755615234375,7.659196853637695e-05,0.07548493146896362,-0.5367431640625,-0.9335171580314636,0.3967739939689636,2FCF8698E07D47D15B78C6B61A0986DC3976F8960AAB26F633306F27E1E5638A
20260713,js_consistency_transfer,JS Consistency,cnrs_parent_0136,pattern_382,orthorhombic,2,0.21905545767309598,0.06683011022790267,0,1,1,0,0,5.125999450683594e-06,0.0,5.125999450683594e-06,-0.9721628427505493,-0.7890625,-0.18310034275054932,2FCF8698E07D47D15B78C6B61A0986DC3976F8960AAB26F633306F27E1E5638A
20260713,js_consistency_transfer,JS Consistency,cnrs_parent_0139,pattern_395,orthorhombic,2,0.07210541347572597,0.1174443075095091,0,1,1,0,0,0.0165252685546875,0.0009217262268066406,0.01560354232788086,-0.8872833251953125,-0.5024962425231934,-0.38478708267211914,2FCF8698E07D47D15B78C6B61A0986DC3976F8960AAB26F633306F27E1E5638A
20260713,js_consistency_transfer,JS Consistency,cnrs_parent_0150,pattern_427,orthorhombic,2,0.11313377477493103,0.3537503895453522,1,1,0,0,0,2.09808349609375e-05,0.0,2.09808349609375e-05,-0.8437290191650391,-0.93603515625,0.09230613708496094,2FCF8698E07D47D15B78C6B61A0986DC3976F8960AAB26F633306F27E1E5638A
20260713,js_consistency_transfer,JS Consistency,cnrs_parent_0152,pattern_439,orthorhombic,2,0.9678444162365406,0.6859727033766883,1,5,1,0,0,0.00021529197692871094,0.08624267578125,-0.08602738380432129,-0.9021284580230713,-0.81219482421875,-0.08993363380432129,2FCF8698E07D47D15B78C6B61A0986DC3976F8960AAB26F633306F27E1E5638A
20260713,js_consistency_transfer,JS Consistency,cnrs_parent_0156,pattern_451,orthorhombic,2,0.2708356364232748,0.6873695605793544,1,1,0,0,0,0.00824737548828125,1.2516975402832031e-06,0.008246123790740967,-0.9834518432617188,-0.9990221858024597,0.015570342540740967,2FCF8698E07D47D15B78C6B61A0986DC3976F8960AAB26F633306F27E1E5638A
20260713,js_consistency_transfer,JS Consistency,cnrs_parent_0164,pattern_470,orthorhombic,2,1.2965010504622092,0.6784905891762382,1,0,5,0,0,0.00798797607421875,0.0753173828125,-0.06732940673828125,-0.9339065551757812,-0.6195068359375,-0.31439971923828125,2FCF8698E07D47D15B78C6B61A0986DC3976F8960AAB26F633306F27E1E5638A
20260713,js_consistency_transfer,JS Consistency,cnrs_parent_0167,pattern_476,orthorhombic,2,0.18456104547783658,0.0013717991762273794,0,4,4,0,0,1.430511474609375e-06,0.003662109375,-0.0036606788635253906,-0.9999985694885254,-0.992431640625,-0.007566928863525391,2FCF8698E07D47D15B78C6B61A0986DC3976F8960AAB26F633306F27E1E5638A
20260713,js_consistency_transfer,JS Consistency,cnrs_parent_0168,pattern_479,orthorhombic,2,0.2811152102355091,0.2920764403331177,1,1,0,0,0,0.310791015625,0.01276397705078125,0.29802703857421875,-0.055419921875,-0.9701461791992188,0.9147262573242188,2FCF8698E07D47D15B78C6B61A0986DC3976F8960AAB26F633306F27E1E5638A
20260713,js_consistency_transfer,JS Consistency,cnrs_parent_0171,pattern_485,orthorhombic,2,0.2898637100140079,0.03199503286267804,0,2,2,1,1,1.0,0.91064453125,0.08935546875,0.9999925494194031,0.8218994140625,0.17809313535690308,2FCF8698E07D47D15B78C6B61A0986DC3976F8960AAB26F633306F27E1E5638A
20260713,js_consistency_transfer,JS Consistency,cnrs_parent_0172,pattern_487,orthorhombic,2,0.10667683261885808,0.5105335914088514,1,1,0,0,0,6.431341171264648e-05,1.2218952178955078e-05,5.2094459533691406e-05,-0.9559903740882874,-0.954089343547821,-0.0019010305404663086,2FCF8698E07D47D15B78C6B61A0986DC3976F8960AAB26F633306F27E1E5638A
20260713,js_consistency_transfer,JS Consistency,cnrs_parent_0177,pattern_498,orthorhombic,2,0.24896695299150884,0.04815787579799928,0,2,2,1,1,0.85693359375,0.9755859375,-0.11865234375,0.722900390625,0.959686279296875,-0.236785888671875,2FCF8698E07D47D15B78C6B61A0986DC3976F8960AAB26F633306F27E1E5638A
20260713,js_consistency_transfer,JS Consistency,cnrs_parent_0184,pattern_532,orthorhombic,2,0.15837015278367406,0.0034840168399122287,0,1,1,0,0,0.00957489013671875,4.470348358154297e-06,0.009570419788360596,-0.9787063598632812,-0.9975541234016418,0.018847763538360596,2FCF8698E07D47D15B78C6B61A0986DC3976F8960AAB26F633306F27E1E5638A
20260713,js_consistency_transfer,JS Consistency,cnrs_parent_0187,pattern_541,orthorhombic,2,0.14648229754720943,0.11898553302067463,0,1,1,0,0,7.158517837524414e-05,3.039836883544922e-06,6.854534149169922e-05,-0.9955338835716248,-0.6772430539131165,-0.3182908296585083,2FCF8698E07D47D15B78C6B61A0986DC3976F8960AAB26F633306F27E1E5638A
20260713,js_consistency_transfer,JS Consistency,cnrs_parent_0192,pattern_553,orthorhombic,2,0.11992757015149091,0.13176067963779314,0,1,1,0,0,0.02752685546875,0.0123748779296875,0.0151519775390625,-0.50714111328125,-0.4890899658203125,-0.0180511474609375,2FCF8698E07D47D15B78C6B61A0986DC3976F8960AAB26F633306F27E1E5638A
20260713,js_consistency_transfer,JS Consistency,cnrs_parent_0194,pattern_559,orthorhombic,2,0.9512127741298894,0.6230616866795203,1,1,0,0,0,0.06805419921875,0.0,0.06805419921875,-0.71710205078125,-1.0,0.28289794921875,2FCF8698E07D47D15B78C6B61A0986DC3976F8960AAB26F633306F27E1E5638A
20260713,js_consistency_transfer,JS Consistency,cnrs_parent_0197,pattern_566,orthorhombic,2,0.20719060950559454,0.07103767592153248,0,1,1,0,0,0.010009765625,0.1788330078125,-0.1688232421875,-0.908935546875,-0.6414794921875,-0.2674560546875,2FCF8698E07D47D15B78C6B61A0986DC3976F8960AAB26F633306F27E1E5638A
20260713,js_consistency_transfer,JS Consistency,cnrs_parent_0202,pattern_577,orthorhombic,2,0.0015928331182676336,0.0032647377309578244,0,0,0,0,0,4.351139068603516e-06,5.304813385009766e-06,-9.5367431640625e-07,-0.8310503363609314,-0.887201726436615,0.056151390075683594,2FCF8698E07D47D15B78C6B61A0986DC3976F8960AAB26F633306F27E1E5638A
20260713,js_consistency_transfer,JS Consistency,cnrs_parent_0204,pattern_581,orthorhombic,2,0.05621439371962822,0.0004319801261405209,0,1,1,0,0,0.0005698204040527344,4.029273986816406e-05,0.0005295276641845703,-0.9984536170959473,-0.9980065822601318,-0.0004470348358154297,2FCF8698E07D47D15B78C6B61A0986DC3976F8960AAB26F633306F27E1E5638A
20260713,js_consistency_transfer,JS Consistency,cnrs_parent_0206,pattern_583,orthorhombic,2,0.002834533511339332,0.00993104625436279,0,3,3,0,0,0.0012969970703125,0.0015926361083984375,-0.0002956390380859375,-0.6529998779296875,-0.5443058013916016,-0.10869407653808594,2FCF8698E07D47D15B78C6B61A0986DC3976F8960AAB26F633306F27E1E5638A
20260713,js_consistency_transfer,JS Consistency,cnrs_parent_0227,pattern_634,orthorhombic,2,0.35766220559261497,0.6515044300355188,1,1,0,0,0,6.854534149169922e-06,0.0,6.854534149169922e-06,-0.9838798642158508,-1.0,0.01612013578414917,2FCF8698E07D47D15B78C6B61A0986DC3976F8960AAB26F633306F27E1E5638A
20260713,js_consistency_transfer,JS Consistency,cnrs_parent_0230,pattern_646,orthorhombic,2,0.3497007985645947,0.14780313784138985,0,1,1,0,0,0.00010228157043457031,1.2516975402832031e-06,0.00010102987289428711,-0.6229445934295654,-0.9897448420524597,0.3668002486228943,2FCF8698E07D47D15B78C6B61A0986DC3976F8960AAB26F633306F27E1E5638A
20260713,js_consistency_transfer,JS Consistency,cnrs_parent_0235,pattern_660,orthorhombic,2,0.1802198575705326,0.19233070186230855,0,3,3,0,0,0.037841796875,0.279052734375,-0.2412109375,-0.836669921875,-0.144775390625,-0.69189453125,2FCF8698E07D47D15B78C6B61A0986DC3976F8960AAB26F633306F27E1E5638A
20260713,js_consistency_transfer,JS Consistency,cnrs_parent_0242,pattern_697,orthorhombic,2,0.01377852612381436,0.10963843114979359,0,0,0,0,0,2.0444393157958984e-05,8.344650268554688e-07,1.9609928131103516e-05,-0.558573305606842,-0.9433585405349731,0.3847852349281311,2FCF8698E07D47D15B78C6B61A0986DC3976F8960AAB26F633306F27E1E5638A
20260713,js_consistency_transfer,JS Consistency,cnrs_parent_0256,pattern_760,orthorhombic,2,1.1269339214200886,0.6567546789615771,1,1,4,0,0,0.030029296875,0.096435546875,-0.06640625,-0.686279296875,-0.707763671875,0.021484375,2FCF8698E07D47D15B78C6B61A0986DC3976F8960AAB26F633306F27E1E5638A
20260713,js_consistency_transfer,JS Consistency,cnrs_parent_0261,pattern_781,orthorhombic,2,0.27531140613877036,0.6270967068359655,1,1,0,0,0,0.07708740234375,6.079673767089844e-06,0.07708132266998291,-0.69244384765625,-0.9877868890762329,0.2953430414199829,2FCF8698E07D47D15B78C6B61A0986DC3976F8960AAB26F633306F27E1E5638A
20260713,js_consistency_transfer,JS Consistency,cnrs_parent_0262,pattern_784,orthorhombic,2,0.4093927130706615,0.42403430887094834,1,0,1,0,0,0.136474609375,0.003261566162109375,0.13321304321289062,-0.391357421875,-0.9332618713378906,0.5419044494628906,2FCF8698E07D47D15B78C6B61A0986DC3976F8960AAB26F633306F27E1E5638A
20260713,js_consistency_transfer,JS Consistency,cnrs_parent_0267,pattern_800,orthorhombic,2,0.05983717032948099,0.008139443425871256,0,1,1,0,0,0.0026111602783203125,0.0001780986785888672,0.0024330615997314453,-0.9568614959716797,-0.9007008075714111,-0.056160688400268555,2FCF8698E07D47D15B78C6B61A0986DC3976F8960AAB26F633306F27E1E5638A
20260713,js_consistency_transfer,JS Consistency,cnrs_parent_0281,pattern_845,orthorhombic,2,0.15019955794289785,0.013516872741049617,0,0,0,0,0,0.0156707763671875,0.00043463706970214844,0.015236139297485352,-0.9413604736328125,-0.9990770816802979,0.05771660804748535,2FCF8698E07D47D15B78C6B61A0986DC3976F8960AAB26F633306F27E1E5638A
20260713,js_consistency_transfer,JS Consistency,cnrs_parent_0283,pattern_855,orthorhombic,2,1.0345597740630676,0.6893658589970851,1,5,0,0,0,0.0272369384765625,0.00021600723266601562,0.027020931243896484,-0.9400482177734375,-0.944119930267334,0.004071712493896484,2FCF8698E07D47D15B78C6B61A0986DC3976F8960AAB26F633306F27E1E5638A
20260713,js_consistency_transfer,JS Consistency,cnrs_parent_0286,pattern_861,orthorhombic,2,0.016910274401899406,0.020163573647017506,1,0,1,0,0,4.750490188598633e-05,2.378225326538086e-05,2.372264862060547e-05,-0.694288432598114,-0.5019293427467346,-0.1923590898513794,2FCF8698E07D47D15B78C6B61A0986DC3976F8960AAB26F633306F27E1E5638A
20260713,js_consistency_transfer,JS Consistency,cnrs_parent_0287,pattern_868,orthorhombic,2,0.07824095407246312,0.003833815330073858,0,0,0,0,0,0.0015430450439453125,2.086162567138672e-05,0.0015221834182739258,-0.9852733612060547,-0.9994908571243286,0.014217495918273926,2FCF8698E07D47D15B78C6B61A0986DC3976F8960AAB26F633306F27E1E5638A
20260713,js_consistency_transfer,JS Consistency,cnrs_parent_0299,pattern_908,orthorhombic,2,1.069953512229957,0.62431019678006,1,1,0,0,0,0.039886474609375,0.1474609375,-0.107574462890625,-0.919097900390625,-0.64501953125,-0.274078369140625,2FCF8698E07D47D15B78C6B61A0986DC3976F8960AAB26F633306F27E1E5638A
20260713,js_consistency_transfer,JS Consistency,cnrs_parent_0307,pattern_939,orthorhombic,2,0.35043893916858926,0.13006951964302255,0,0,0,0,0,0.32568359375,0.0001780986785888672,0.32550549507141113,-0.2734375,-0.9212086200714111,0.6477711200714111,2FCF8698E07D47D15B78C6B61A0986DC3976F8960AAB26F633306F27E1E5638A
20260713,js_consistency_transfer,JS Consistency,cnrs_parent_0310,pattern_950,orthorhombic,2,0.4412329857139691,0.5696019990402779,1,4,0,0,0,0.006130218505859375,4.112720489501953e-06,0.006126105785369873,-0.6686744689941406,-0.9077107310295105,0.23903626203536987,2FCF8698E07D47D15B78C6B61A0986DC3976F8960AAB26F633306F27E1E5638A
20260713,js_consistency_transfer,JS Consistency,cnrs_parent_0312,pattern_958,orthorhombic,2,0.03296109334127528,0.025064511494068267,0,1,1,0,0,3.874301910400391e-06,7.748603820800781e-07,3.0994415283203125e-06,-0.8764609694480896,-0.6953117251396179,-0.18114924430847168,2FCF8698E07D47D15B78C6B61A0986DC3976F8960AAB26F633306F27E1E5638A
20260713,js_consistency_transfer,JS Consistency,cnrs_parent_0318,pattern_972,orthorhombic,2,0.6527077663564662,0.6833670558159101,1,4,1,0,0,0.003749847412109375,5.0127506256103516e-05,0.0036997199058532715,-0.9864845275878906,-0.8319811224937439,-0.15450340509414673,2FCF8698E07D47D15B78C6B61A0986DC3976F8960AAB26F633306F27E1E5638A
20260713,js_consistency_transfer,JS Consistency,cnrs_parent_0002,pattern_1010,orthorhombic,2,0.6560879778346838,0.3896226742438471,1,4,5,0,0,0.00595855712890625,0.002777099609375,0.00318145751953125,-0.6761703491210938,-0.754058837890625,0.07788848876953125,2FCF8698E07D47D15B78C6B61A0986DC3976F8960AAB26F633306F27E1E5638A
20260713,js_consistency_transfer,JS Consistency,cnrs_parent_0003,pattern_1013,orthorhombic,2,0.07157053619236287,0.006921814587808099,0,1,1,0,0,0.00524139404296875,0.03564453125,-0.03040313720703125,-0.9859695434570312,-0.9208984375,-0.06507110595703125,2FCF8698E07D47D15B78C6B61A0986DC3976F8960AAB26F633306F27E1E5638A
20260713,js_consistency_transfer,JS Consistency,cnrs_parent_0004,pattern_1018,orthorhombic,2,0.42603258161787005,0.6143844404357568,1,1,0,0,0,0.0002181529998779297,0.0036182403564453125,-0.003400087356567383,-0.9988052845001221,-0.9553661346435547,-0.04343914985656738,2FCF8698E07D47D15B78C6B61A0986DC3976F8960AAB26F633306F27E1E5638A
20260713,js_consistency_transfer,JS Consistency,cnrs_parent_0009,pattern_1024,orthorhombic,2,0.9094295393182804,0.6809226922726679,1,4,1,0,0,0.0001589059829711914,0.0021514892578125,-0.0019925832748413086,-0.9583371877670288,-0.9929656982421875,0.03462851047515869,2FCF8698E07D47D15B78C6B61A0986DC3976F8960AAB26F633306F27E1E5638A
20260713,js_consistency_transfer,JS Consistency,cnrs_parent_0010,pattern_1028,orthorhombic,2,0.07216741970724505,0.2881084788098416,1,1,0,0,0,0.0001035928726196289,3.3855438232421875e-05,6.973743438720703e-05,-0.6458925008773804,-0.9941067695617676,0.3482142686843872,2FCF8698E07D47D15B78C6B61A0986DC3976F8960AAB26F633306F27E1E5638A
20260713,js_consistency_transfer,JS Consistency,cnrs_parent_0013,pattern_1032,orthorhombic,2,0.05493972704874073,0.005142750302826756,0,1,1,0,0,0.0007281303405761719,0.0005927085876464844,0.0001354217529296875,-0.9797406196594238,-0.9979424476623535,0.018201828002929688,2FCF8698E07D47D15B78C6B61A0986DC3976F8960AAB26F633306F27E1E5638A
20260713,js_consistency_transfer,JS Consistency,cnrs_parent_0016,pattern_1038,orthorhombic,2,0.19549698427276685,0.0002911867211032098,0,4,4,0,0,2.384185791015625e-07,0.0006008148193359375,-0.0006005764007568359,-0.9999997615814209,-0.9984226226806641,-0.001577138900756836,2FCF8698E07D47D15B78C6B61A0986DC3976F8960AAB26F633306F27E1E5638A
20260713,js_consistency_transfer,JS Consistency,cnrs_parent_0017,pattern_1039,orthorhombic,2,0.4898919465479491,0.6123876383675446,1,2,0,1,0,0.953125,0.00014090538024902344,0.952984094619751,0.923370361328125,-0.640484094619751,1.563854455947876,2FCF8698E07D47D15B78C6B61A0986DC3976F8960AAB26F633306F27E1E5638A
20260713,js_consistency_transfer,JS Consistency,cnrs_parent_0018,pattern_1040,orthorhombic,2,0.4412020748735014,0.09058307863152681,0,2,2,1,1,0.56298828125,0.8662109375,-0.30322265625,0.247314453125,0.75909423828125,-0.51177978515625,2FCF8698E07D47D15B78C6B61A0986DC3976F8960AAB26F633306F27E1E5638A
20260713,js_consistency_transfer,JS Consistency,cnrs_parent_0019,pattern_1043,orthorhombic,2,0.00599441557672431,0.01335064559720996,0,1,1,0,0,0.0030536651611328125,0.0017442703247070312,0.0013093948364257812,-0.6990947723388672,-0.544154167175293,-0.15494060516357422,2FCF8698E07D47D15B78C6B61A0986DC3976F8960AAB26F633306F27E1E5638A
20260713,js_consistency_transfer,JS Consistency,cnrs_parent_0133,pattern_37,tetragonal,3,0.4990129914070063,0.04243199392940056,0,2,2,0,0,0.08489990234375,0.0004322528839111328,0.08446764945983887,-0.81402587890625,-0.9756419658660889,0.16161608695983887,2FCF8698E07D47D15B78C6B61A0986DC3976F8960AAB26F633306F27E1E5638A
20260713,js_consistency_transfer,JS Consistency,cnrs_parent_0203,pattern_58,tetragonal,3,0.42341543417837935,0.46204471807778735,1,3,4,1,0,0.833984375,0.01558685302734375,0.8183975219726562,0.71002197265625,-0.9028701782226562,1.6128921508789062,2FCF8698E07D47D15B78C6B61A0986DC3976F8960AAB26F633306F27E1E5638A
20260713,js_consistency_transfer,JS Consistency,cnrs_parent_0222,pattern_62,tetragonal,3,0.15826408953474425,0.0008201821784782218,0,1,1,0,0,1.7881393432617188e-07,3.7550926208496094e-06,-3.5762786865234375e-06,-0.9980466961860657,-0.9931603074073792,-0.0048863887786865234,2FCF8698E07D47D15B78C6B61A0986DC3976F8960AAB26F633306F27E1E5638A
20260713,js_consistency_transfer,JS Consistency,cnrs_parent_0264,pattern_79,tetragonal,3,0.10591031868246792,0.0007942096428316185,0,3,3,1,1,0.99755859375,1.0,-0.00244140625,0.9952449798583984,0.9999938607215881,-0.004748880863189697,2FCF8698E07D47D15B78C6B61A0986DC3976F8960AAB26F633306F27E1E5638A
20260713,js_consistency_transfer,JS Consistency,cnrs_parent_0023,pattern_105,tetragonal,3,0.36033619275942497,0.29590943888617816,0,3,3,1,1,0.99951171875,0.363525390625,0.635986328125,0.999058723449707,0.03369140625,0.965367317199707,2FCF8698E07D47D15B78C6B61A0986DC3976F8960AAB26F633306F27E1E5638A
20260713,js_consistency_transfer,JS Consistency,cnrs_parent_0038,pattern_124,tetragonal,3,0.4334878137235134,0.4922695092675892,1,4,0,0,0,0.00034308433532714844,5.507469177246094e-05,0.0002880096435546875,-0.9361803531646729,-0.7172300815582275,-0.2189502716064453,2FCF8698E07D47D15B78C6B61A0986DC3976F8960AAB26F633306F27E1E5638A
20260713,js_consistency_transfer,JS Consistency,cnrs_parent_0052,pattern_156,tetragonal,3,0.42708500242677416,0.5181145588713632,1,2,0,0,0,0.005641937255859375,1.7881393432617188e-07,0.005641758441925049,-0.7336158752441406,-0.7646482586860657,0.03103238344192505,2FCF8698E07D47D15B78C6B61A0986DC3976F8960AAB26F633306F27E1E5638A
20260713,js_consistency_transfer,JS Consistency,cnrs_parent_0071,pattern_203,tetragonal,3,0.707731715292881,0.6331902094226809,1,3,4,1,0,0.99951171875,0.0254058837890625,0.9741058349609375,0.9992825984954834,-0.9223480224609375,1.921630620956421,2FCF8698E07D47D15B78C6B61A0986DC3976F8960AAB26F633306F27E1E5638A
20260713,js_consistency_transfer,JS Consistency,cnrs_parent_0103,pattern_274,tetragonal,3,0.38074109736348294,0.5127063196040622,1,3,4,1,0,0.50927734375,0.01141357421875,0.49786376953125,0.112548828125,-0.93878173828125,1.05133056640625,2FCF8698E07D47D15B78C6B61A0986DC3976F8960AAB26F633306F27E1E5638A
20260713,js_consistency_transfer,JS Consistency,cnrs_parent_0104,pattern_278,tetragonal,3,0.023685236036315116,0.0010617931273570792,0,2,2,0,0,0.0002014636993408203,7.212162017822266e-06,0.00019425153732299805,-0.9944274425506592,-0.9990162253379822,0.004588782787322998,2FCF8698E07D47D15B78C6B61A0986DC3976F8960AAB26F633306F27E1E5638A
20260713,js_consistency_transfer,JS Consistency,cnrs_parent_0106,pattern_283,tetragonal,3,0.18297470011067796,0.48066090684107854,1,0,2,0,0,0.0029430389404296875,0.0001392364501953125,0.002803802490234375,-0.9081897735595703,-0.9544506072998047,0.046260833740234375,2FCF8698E07D47D15B78C6B61A0986DC3976F8960AAB26F633306F27E1E5638A
20260713,js_consistency_transfer,JS Consistency,cnrs_parent_0107,pattern_288,tetragonal,3,0.5950161016559419,0.43642459533377775,1,3,4,1,0,0.77880859375,0.0033130645751953125,0.7754955291748047,0.6087646484375,-0.9805736541748047,1.5893383026123047,2FCF8698E07D47D15B78C6B61A0986DC3976F8960AAB26F633306F27E1E5638A
20260713,js_consistency_transfer,JS Consistency,cnrs_parent_0108,pattern_294,tetragonal,3,1.5888928132514877,0.6931471805599453,1,4,0,0,0,1.3709068298339844e-06,0.0,1.3709068298339844e-06,-0.9990220665931702,-0.99951171875,0.000489652156829834,2FCF8698E07D47D15B78C6B61A0986DC3976F8960AAB26F633306F27E1E5638A
20260713,js_consistency_transfer,JS Consistency,cnrs_parent_0117,pattern_324,tetragonal,3,0.24562502264742136,0.0009202031550515177,0,3,3,1,1,0.99951171875,0.99658203125,0.0029296875,0.9990248680114746,0.9943408966064453,0.004683971405029297,2FCF8698E07D47D15B78C6B61A0986DC3976F8960AAB26F633306F27E1E5638A
20260713,js_consistency_transfer,JS Consistency,cnrs_parent_0118,pattern_327,tetragonal,3,0.26050523392456193,0.23845059546150232,1,3,2,1,0,0.68505859375,0.224853515625,0.460205078125,0.5408935546875,-0.1591796875,0.7000732421875,2FCF8698E07D47D15B78C6B61A0986DC3976F8960AAB26F633306F27E1E5638A
20260713,js_consistency_transfer,JS Consistency,cnrs_parent_0144,pattern_409,tetragonal,3,1.459400412049103,0.6900311173962675,1,3,1,1,0,0.9267578125,0.0,0.9267578125,0.882904052734375,-0.97998046875,1.862884521484375,2FCF8698E07D47D15B78C6B61A0986DC3976F8960AAB26F633306F27E1E5638A
20260713,js_consistency_transfer,JS Consistency,cnrs_parent_0155,pattern_448,tetragonal,3,0.03680765411420228,0.03683205231796106,0,3,3,1,1,0.88427734375,0.6640625,0.22021484375,0.79107666015625,0.4254150390625,0.36566162109375,2FCF8698E07D47D15B78C6B61A0986DC3976F8960AAB26F633306F27E1E5638A
20260713,js_consistency_transfer,JS Consistency,cnrs_parent_0166,pattern_475,tetragonal,3,0.38262996339136923,0.5356445317606809,1,2,4,0,0,0.1053466796875,0.0110321044921875,0.0943145751953125,-0.7105712890625,-0.9630889892578125,0.2525177001953125,2FCF8698E07D47D15B78C6B61A0986DC3976F8960AAB26F633306F27E1E5638A
20260713,js_consistency_transfer,JS Consistency,cnrs_parent_0185,pattern_533,tetragonal,3,0.9681351094494156,0.48959499088568365,1,4,0,0,0,0.005741119384765625,0.0,0.005741119384765625,-0.5753135681152344,-0.51611328125,-0.059200286865234375,2FCF8698E07D47D15B78C6B61A0986DC3976F8960AAB26F633306F27E1E5638A
20260713,js_consistency_transfer,JS Consistency,cnrs_parent_0201,pattern_576,tetragonal,3,0.29092331746150235,0.5277223519658583,1,2,4,0,0,0.3466796875,0.00555419921875,0.34112548828125,-0.224609375,-0.98272705078125,0.75811767578125,2FCF8698E07D47D15B78C6B61A0986DC3976F8960AAB26F633306F27E1E5638A
20260713,js_consistency_transfer,JS Consistency,cnrs_parent_0215,pattern_606,tetragonal,3,0.09807508469772808,0.1091414564256724,0,0,0,0,0,1.0073184967041016e-05,5.304813385009766e-06,4.76837158203125e-06,-0.711415708065033,-0.998529851436615,0.28711414337158203,2FCF8698E07D47D15B78C6B61A0986DC3976F8960AAB26F633306F27E1E5638A
20260713,js_consistency_transfer,JS Consistency,cnrs_parent_0218,pattern_615,tetragonal,3,0.39588891506477397,0.5704889404788223,1,2,4,0,0,0.03253173828125,0.0034160614013671875,0.029115676879882812,-0.87274169921875,-0.9912128448486328,0.11847114562988281,2FCF8698E07D47D15B78C6B61A0986DC3976F8960AAB26F633306F27E1E5638A
20260713,js_consistency_transfer,JS Consistency,cnrs_parent_0225,pattern_631,tetragonal,3,0.8578270976313002,0.46842974787506986,1,5,4,0,0,0.3115234375,0.00037670135498046875,0.31114673614501953,-0.04150390625,-0.9869279861450195,0.9454240798950195,2FCF8698E07D47D15B78C6B61A0986DC3976F8960AAB26F633306F27E1E5638A
20260713,js_consistency_transfer,JS Consistency,cnrs_parent_0226,pattern_633,tetragonal,3,0.6660565555865978,0.5682180200381735,1,3,6,1,0,0.9013671875,0.0631103515625,0.8382568359375,0.8089599609375,-0.8533935546875,1.662353515625,2FCF8698E07D47D15B78C6B61A0986DC3976F8960AAB26F633306F27E1E5638A
20260713,js_consistency_transfer,JS Consistency,cnrs_parent_0228,pattern_638,tetragonal,3,0.1382196998383184,0.044361220114417774,0,3,3,1,1,0.5517578125,0.591796875,-0.0400390625,0.171142578125,0.390869140625,-0.2197265625,2FCF8698E07D47D15B78C6B61A0986DC3976F8960AAB26F633306F27E1E5638A
20260713,js_consistency_transfer,JS Consistency,cnrs_parent_0231,pattern_648,tetragonal,3,1.3524614250263467,0.6835311710235815,1,4,0,0,0,0.038787841796875,4.76837158203125e-07,0.0387873649597168,-0.917755126953125,-0.8012690544128418,-0.1164860725402832,2FCF8698E07D47D15B78C6B61A0986DC3976F8960AAB26F633306F27E1E5638A
20260713,js_consistency_transfer,JS Consistency,cnrs_parent_0239,pattern_682,tetragonal,3,0.08101301457395027,0.002265758322072783,0,1,1,0,0,2.2590160369873047e-05,1.728534698486328e-05,5.304813385009766e-06,-0.9897235035896301,-0.9980295896530151,0.00830608606338501,2FCF8698E07D47D15B78C6B61A0986DC3976F8960AAB26F633306F27E1E5638A
20260713,js_consistency_transfer,JS Consistency,cnrs_parent_0247,pattern_724,tetragonal,3,0.3055433588878397,0.21603073663832442,1,3,2,1,0,0.9990234375,0.493408203125,0.505615234375,0.9980478286743164,-0.007568359375,1.0056161880493164,2FCF8698E07D47D15B78C6B61A0986DC3976F8960AAB26F633306F27E1E5638A
20260713,js_consistency_transfer,JS Consistency,cnrs_parent_0250,pattern_744,tetragonal,3,0.4406363349221569,0.4407672748416331,1,3,4,1,0,0.87060546875,0.046966552734375,0.823638916015625,0.7716064453125,-0.752349853515625,1.523956298828125,2FCF8698E07D47D15B78C6B61A0986DC3976F8960AAB26F633306F27E1E5638A
20260713,js_consistency_transfer,JS Consistency,cnrs_parent_0252,pattern_751,tetragonal,3,1.5579494869604256,0.6931248932084313,1,6,0,0,0,0.0,0.00487518310546875,-0.00487518310546875,-1.0,-0.6640701293945312,-0.33592987060546875,2FCF8698E07D47D15B78C6B61A0986DC3976F8960AAB26F633306F27E1E5638A
20260713,js_consistency_transfer,JS Consistency,cnrs_parent_0258,pattern_772,tetragonal,3,0.4681596839870752,0.6051435638384782,1,2,4,0,0,0.00927734375,0.0006732940673828125,0.008604049682617188,-0.94287109375,-0.9934673309326172,0.05059623718261719,2FCF8698E07D47D15B78C6B61A0986DC3976F8960AAB26F633306F27E1E5638A
20260713,js_consistency_transfer,JS Consistency,cnrs_parent_0263,pattern_785,tetragonal,3,0.7866416215546532,0.496390418742087,1,2,4,0,0,0.35595703125,0.0008568763732910156,0.355100154876709,-0.016357421875,-0.994260311126709,0.977902889251709,2FCF8698E07D47D15B78C6B61A0986DC3976F8960AAB26F633306F27E1E5638A
20260713,js_consistency_transfer,JS Consistency,cnrs_parent_0275,pattern_837,tetragonal,3,0.8306189507076305,0.6908435779986846,1,5,0,0,0,0.0162200927734375,2.3245811462402344e-06,0.01621776819229126,-0.9603424072265625,-0.9853492379188538,0.02500683069229126,2FCF8698E07D47D15B78C6B61A0986DC3976F8960AAB26F633306F27E1E5638A
20260713,js_consistency_transfer,JS Consistency,cnrs_parent_0279,pattern_841,tetragonal,3,0.5216512806700291,0.4380075448618609,1,3,4,1,0,0.8916015625,0.055908203125,0.835693359375,0.809326171875,-0.775146484375,1.58447265625,2FCF8698E07D47D15B78C6B61A0986DC3976F8960AAB26F633306F27E1E5638A
20260713,js_consistency_transfer,JS Consistency,cnrs_parent_0280,pattern_844,tetragonal,3,0.3436751126746569,0.5860303585919839,1,2,4,0,0,4.32133674621582e-05,7.092952728271484e-06,3.612041473388672e-05,-0.9403864741325378,-0.9926686882972717,0.05228221416473389,2FCF8698E07D47D15B78C6B61A0986DC3976F8960AAB26F633306F27E1E5638A
20260713,js_consistency_transfer,JS Consistency,cnrs_parent_0304,pattern_928,tetragonal,3,0.4778358678462954,0.5995202664868309,1,2,4,0,0,0.00013017654418945312,2.3424625396728516e-05,0.00010675191879272461,-0.9510416984558105,-0.9858164191246033,0.034774720668792725,2FCF8698E07D47D15B78C6B61A0986DC3976F8960AAB26F633306F27E1E5638A
20260713,js_consistency_transfer,JS Consistency,cnrs_parent_0315,pattern_963,tetragonal,3,0.43056473600345513,0.22066247684602563,1,3,4,1,0,0.939453125,0.39013671875,0.54931640625,0.91461181640625,-0.07958984375,0.99420166015625,2FCF8698E07D47D15B78C6B61A0986DC3976F8960AAB26F633306F27E1E5638A
20260713,js_consistency_transfer,JS Consistency,cnrs_parent_0317,pattern_966,tetragonal,3,0.36784734307299494,0.24083659123375933,1,2,4,0,0,0.012908935546875,0.0013427734375,0.011566162109375,-0.536895751953125,-0.9879150390625,0.451019287109375,2FCF8698E07D47D15B78C6B61A0986DC3976F8960AAB26F633306F27E1E5638A
20260713,js_consistency_transfer,JS Consistency,cnrs_parent_0319,pattern_975,tetragonal,3,0.15853581291343855,0.017348680787490356,0,0,0,0,0,0.0,1.1980533599853516e-05,-1.1980533599853516e-05,-0.89697265625,-0.9706911444664001,0.07371848821640015,2FCF8698E07D47D15B78C6B61A0986DC3976F8960AAB26F633306F27E1E5638A
20260713,js_consistency_transfer,JS Consistency,cnrs_parent_0006,pattern_1020,tetragonal,3,0.5540038093441477,0.5965243412272417,1,2,4,0,0,0.0036163330078125,0.0008463859558105469,0.002769947052001953,-0.9446258544921875,-0.9957356452941895,0.05110979080200195,2FCF8698E07D47D15B78C6B61A0986DC3976F8960AAB26F633306F27E1E5638A
20260713,js_consistency_transfer,JS Consistency,cnrs_parent_0022,pattern_1049,tetragonal,3,0.12812048241122576,0.23886820828942723,0,2,2,0,0,0.403564453125,0.0009717941284179688,0.40259265899658203,-0.029296875,-0.991703987121582,0.962407112121582,2FCF8698E07D47D15B78C6B61A0986DC3976F8960AAB26F633306F27E1E5638A
20260713,js_consistency_transfer,JS Consistency,cnrs_parent_0075,pattern_21,trigonal,4,0.317420775252526,0.2491382001079374,1,1,2,0,0,0.051788330078125,1.1324882507324219e-06,0.05178719758987427,-0.807098388671875,-0.5263660550117493,-0.28073233366012573,2FCF8698E07D47D15B78C6B61A0986DC3976F8960AAB26F633306F27E1E5638A
20260713,js_consistency_transfer,JS Consistency,cnrs_parent_0309,pattern_95,trigonal,4,0.3278514822473656,0.19255767119263262,0,1,1,0,0,0.1888427734375,1.7881393432617188e-06,0.18884098529815674,-0.4937744140625,-0.6782208681106567,0.18444645404815674,2FCF8698E07D47D15B78C6B61A0986DC3976F8960AAB26F633306F27E1E5638A
20260713,js_consistency_transfer,JS Consistency,cnrs_parent_0026,pattern_107,trigonal,4,0.687707335105108,0.4390323956646347,1,5,0,0,0,0.006816864013671875,0.00490570068359375,0.001911163330078125,-0.9814643859863281,-0.5361099243164062,-0.4453544616699219,2FCF8698E07D47D15B78C6B61A0986DC3976F8960AAB26F633306F27E1E5638A
20260713,js_consistency_transfer,JS Consistency,cnrs_parent_0041,pattern_127,trigonal,4,0.6604842825919266,0.6272362331931933,1,4,1,1,0,0.58203125,2.0563602447509766e-05,0.5820106863975525,0.1943359375,-0.8798622488975525,1.0741981863975525,2FCF8698E07D47D15B78C6B61A0986DC3976F8960AAB26F633306F27E1E5638A
20260713,js_consistency_transfer,JS Consistency,cnrs_parent_0047,pattern_142,trigonal,4,0.06274310919667114,0.12262549275486584,1,4,1,1,0,0.89453125,0.464599609375,0.429931640625,0.808349609375,-0.059814453125,0.8681640625,2FCF8698E07D47D15B78C6B61A0986DC3976F8960AAB26F633306F27E1E5638A
20260713,js_consistency_transfer,JS Consistency,cnrs_parent_0050,pattern_150,trigonal,4,1.0735898782976705,0.6929346603308564,1,4,0,1,0,0.97900390625,3.5762786865234375e-07,0.9790035486221313,0.9594573974609375,-0.9877926111221313,1.9472500085830688,2FCF8698E07D47D15B78C6B61A0986DC3976F8960AAB26F633306F27E1E5638A
20260713,js_consistency_transfer,JS Consistency,cnrs_parent_0058,pattern_171,trigonal,4,0.1790223817592459,0.4208120700460124,1,1,0,0,0,0.0007853507995605469,1.0132789611816406e-06,0.0007843375205993652,-0.8170857429504395,-0.9931630492210388,0.17607730627059937,2FCF8698E07D47D15B78C6B61A0986DC3976F8960AAB26F633306F27E1E5638A
20260713,js_consistency_transfer,JS Consistency,cnrs_parent_0068,pattern_194,trigonal,4,0.1536958742907405,0.005661676126631113,0,1,1,0,0,3.921985626220703e-05,0.0007290840148925781,-0.0006898641586303711,-0.9999607801437378,-0.9826693534851074,-0.01729142665863037,2FCF8698E07D47D15B78C6B61A0986DC3976F8960AAB26F633306F27E1E5638A
20260713,js_consistency_transfer,JS Consistency,cnrs_parent_0112,pattern_308,trigonal,4,0.5620899833405253,0.04420567920366295,0,1,1,0,0,0.1153564453125,7.152557373046875e-07,0.1153557300567627,-0.7640380859375,-0.9799797534942627,0.2159416675567627,2FCF8698E07D47D15B78C6B61A0986DC3976F8960AAB26F633306F27E1E5638A
20260713,js_consistency_transfer,JS Consistency,cnrs_parent_0116,pattern_323,trigonal,4,1.061752666407929,0.68594944227465,1,4,0,1,0,0.99462890625,0.00199127197265625,0.9926376342773438,0.9892005920410156,-0.9672470092773438,1.9564476013183594,2FCF8698E07D47D15B78C6B61A0986DC3976F8960AAB26F633306F27E1E5638A
20260713,js_consistency_transfer,JS Consistency,cnrs_parent_0125,pattern_354,trigonal,4,0.37197499696519387,0.010541654828312878,0,0,0,0,0,5.0067901611328125e-06,4.112720489501953e-06,8.940696716308594e-07,-0.9682567119598389,-0.9995076060295105,0.03125089406967163,2FCF8698E07D47D15B78C6B61A0986DC3976F8960AAB26F633306F27E1E5638A
20260713,js_consistency_transfer,JS Consistency,cnrs_parent_0126,pattern_357,trigonal,4,0.40054733163374046,0.23516737134896495,1,1,4,0,1,0.08831787109375,0.476806640625,-0.38848876953125,-0.82135009765625,0.187744140625,-1.00909423828125,2FCF8698E07D47D15B78C6B61A0986DC3976F8960AAB26F633306F27E1E5638A
20260713,js_consistency_transfer,JS Consistency,cnrs_parent_0141,pattern_398,trigonal,4,0.3875486613227025,0.6732401218137603,1,4,0,1,0,0.736328125,0.00019824504852294922,0.736129879951477,0.475830078125,-0.962692379951477,1.438522458076477,2FCF8698E07D47D15B78C6B61A0986DC3976F8960AAB26F633306F27E1E5638A
20260713,js_consistency_transfer,JS Consistency,cnrs_parent_0145,pattern_413,trigonal,4,0.25607063964590726,0.3533060105550709,1,2,1,0,0,0.065673828125,5.364418029785156e-06,0.06566846370697021,-0.486572265625,-0.6259711980819702,0.13939893245697021,2FCF8698E07D47D15B78C6B61A0986DC3976F8960AAB26F633306F27E1E5638A
20260713,js_consistency_transfer,JS Consistency,cnrs_parent_0146,pattern_415,trigonal,4,0.5259422555748212,0.0723128832559016,0,1,1,0,0,0.188232421875,1.5497207641601562e-06,0.18823087215423584,-0.607666015625,-0.9868148565292358,0.37914884090423584,2FCF8698E07D47D15B78C6B61A0986DC3976F8960AAB26F633306F27E1E5638A
20260713,js_consistency_transfer,JS Consistency,cnrs_parent_0157,pattern_452,trigonal,4,0.25655054873180483,0.5404792291030727,1,1,2,0,0,0.0010766983032226562,3.5822391510009766e-05,0.0010408759117126465,-0.9388647079467773,-0.94576495885849,0.0069002509117126465,2FCF8698E07D47D15B78C6B61A0986DC3976F8960AAB26F633306F27E1E5638A
20260713,js_consistency_transfer,JS Consistency,cnrs_parent_0179,pattern_506,trigonal,4,0.9219726926485087,0.6928361199344908,1,4,0,1,0,0.9951171875,4.273653030395508e-05,0.995074450969696,0.9901351928710938,-0.979449450969696,1.9695846438407898,2FCF8698E07D47D15B78C6B61A0986DC3976F8960AAB26F633306F27E1E5638A
20260713,js_consistency_transfer,JS Consistency,cnrs_parent_0208,pattern_587,trigonal,4,0.16030023853475672,0.09926277022226415,0,0,0,0,0,4.839897155761719e-05,1.7881393432617188e-07,4.8220157623291016e-05,-0.7401859760284424,-0.9999998211860657,0.2598138451576233,2FCF8698E07D47D15B78C6B61A0986DC3976F8960AAB26F633306F27E1E5638A
20260713,js_consistency_transfer,JS Consistency,cnrs_parent_0211,pattern_591,trigonal,4,0.2606997457794844,0.15921339671502854,0,0,0,0,0,0.003124237060546875,2.980232238769531e-07,0.003123939037322998,-0.5071296691894531,-0.7890622019767761,0.281932532787323,2FCF8698E07D47D15B78C6B61A0986DC3976F8960AAB26F633306F27E1E5638A
20260713,js_consistency_transfer,JS Consistency,cnrs_parent_0220,pattern_617,trigonal,4,0.3066627331848695,0.3970477897614846,1,2,1,0,0,0.0025272369384765625,5.960464477539063e-08,0.002527177333831787,-0.8563594818115234,-0.9106444716453552,0.05428498983383179,2FCF8698E07D47D15B78C6B61A0986DC3976F8960AAB26F633306F27E1E5638A
20260713,js_consistency_transfer,JS Consistency,cnrs_parent_0237,pattern_673,trigonal,4,1.5157153340163176,0.6931471392502024,1,6,1,0,0,5.960464477539063e-08,5.960464477539063e-08,0.0,-0.9999999403953552,-0.7124022841453552,-0.28759765625,2FCF8698E07D47D15B78C6B61A0986DC3976F8960AAB26F633306F27E1E5638A
20260713,js_consistency_transfer,JS Consistency,cnrs_parent_0246,pattern_722,trigonal,4,0.06411581391265686,0.33402687495271766,1,2,0,0,0,0.033599853515625,0.022979736328125,0.0106201171875,-0.850189208984375,-0.565399169921875,-0.2847900390625,2FCF8698E07D47D15B78C6B61A0986DC3976F8960AAB26F633306F27E1E5638A
20260713,js_consistency_transfer,JS Consistency,cnrs_parent_0248,pattern_736,trigonal,4,0.1279778845210774,0.47318029066462863,1,2,1,0,0,0.0001615285873413086,1.1920928955078125e-07,0.0001614093780517578,-0.8782564401626587,-0.9736326932907104,0.09537625312805176,2FCF8698E07D47D15B78C6B61A0986DC3976F8960AAB26F633306F27E1E5638A
20260713,js_consistency_transfer,JS Consistency,cnrs_parent_0270,pattern_820,trigonal,4,0.2771032367121228,0.18998459114399477,1,2,4,0,1,0.055206298828125,0.5185546875,-0.463348388671875,-0.839324951171875,0.0986328125,-0.937957763671875,2FCF8698E07D47D15B78C6B61A0986DC3976F8960AAB26F633306F27E1E5638A
20260713,js_consistency_transfer,JS Consistency,cnrs_parent_0272,pattern_826,trigonal,4,0.15639701779791348,0.037147252248658225,1,2,1,0,0,0.007404327392578125,0.050079345703125,-0.042675018310546875,-0.5931816101074219,-0.479705810546875,-0.11347579956054688,2FCF8698E07D47D15B78C6B61A0986DC3976F8960AAB26F633306F27E1E5638A
20260713,js_consistency_transfer,JS Consistency,cnrs_parent_0276,pattern_838,trigonal,4,0.2269162386436514,0.3016797091157817,1,2,1,0,0,0.054168701171875,0.00010758638381958008,0.05406111478805542,-0.546417236328125,-0.8792869448661804,0.3328697085380554,2FCF8698E07D47D15B78C6B61A0986DC3976F8960AAB26F633306F27E1E5638A
20260713,js_consistency_transfer,JS Consistency,cnrs_parent_0277,pattern_839,trigonal,4,1.4276251872059893,0.6905545191029588,1,4,1,1,0,0.387451171875,5.364418029785156e-07,0.387450635433197,0.0,-0.919433057308197,0.919433057308197,2FCF8698E07D47D15B78C6B61A0986DC3976F8960AAB26F633306F27E1E5638A
20260713,js_consistency_transfer,JS Consistency,cnrs_parent_0278,pattern_840,trigonal,4,0.16633720201509516,0.05541397225362701,0,0,0,0,0,5.960464477539062e-07,2.6226043701171875e-06,-2.0265579223632812e-06,-0.7729486227035522,-0.9775364398956299,0.20458781719207764,2FCF8698E07D47D15B78C6B61A0986DC3976F8960AAB26F633306F27E1E5638A
20260713,js_consistency_transfer,JS Consistency,cnrs_parent_0289,pattern_878,trigonal,4,0.43906980677243956,0.32664638533326196,1,1,0,0,0,0.002593994140625,2.384185791015625e-06,0.0025916099548339844,-0.961273193359375,-0.678708553314209,-0.282564640045166,2FCF8698E07D47D15B78C6B61A0986DC3976F8960AAB26F633306F27E1E5638A
20260713,js_consistency_transfer,JS Consistency,cnrs_parent_0302,pattern_915,trigonal,4,0.5943266074915052,0.6847407680603932,1,4,0,1,0,1.0,0.0023708343505859375,0.9976291656494141,0.9999925494194031,-0.9878635406494141,1.9878560900688171,2FCF8698E07D47D15B78C6B61A0986DC3976F8960AAB26F633306F27E1E5638A
20260713,js_consistency_transfer,JS Consistency,cnrs_parent_0308,pattern_943,trigonal,4,0.11410356984378622,0.07342327435068043,0,1,1,0,0,6.556510925292969e-07,0.0,6.556510925292969e-07,-0.9902337193489075,-0.7744140625,-0.21581965684890747,2FCF8698E07D47D15B78C6B61A0986DC3976F8960AAB26F633306F27E1E5638A
20260713,js_consistency_transfer,JS Consistency,cnrs_parent_0313,pattern_960,trigonal,4,0.11982742004703206,9.175453274680044e-06,0,4,4,1,1,1.0,1.0,0.0,0.9999785423278809,0.9999969005584717,-1.8358230590820312e-05,2FCF8698E07D47D15B78C6B61A0986DC3976F8960AAB26F633306F27E1E5638A
20260713,js_consistency_transfer,JS Consistency,cnrs_parent_0012,pattern_1030,trigonal,4,0.042328449838092586,0.12428941867729916,0,6,6,0,0,0.00020503997802734375,0.3173828125,-0.31717777252197266,-0.9997949600219727,-0.365234375,-0.6345605850219727,2FCF8698E07D47D15B78C6B61A0986DC3976F8960AAB26F633306F27E1E5638A
20260713,js_consistency_transfer,JS Consistency,cnrs_parent_0057,pattern_17,hexagonal,5,0.25645717732166484,0.07640075107225945,0,4,4,0,0,0.278076171875,0.02032470703125,0.25775146484375,-0.443115234375,-0.95916748046875,0.51605224609375,2FCF8698E07D47D15B78C6B61A0986DC3976F8960AAB26F633306F27E1E5638A
20260713,js_consistency_transfer,JS Consistency,cnrs_parent_0065,pattern_19,hexagonal,5,0.3194685643524908,0.024632110197120985,0,3,3,0,0,0.01342010498046875,0.0005545616149902344,0.012865543365478516,-0.5246658325195312,-0.5228829383850098,-0.0017828941345214844,2FCF8698E07D47D15B78C6B61A0986DC3976F8960AAB26F633306F27E1E5638A
20260713,js_consistency_transfer,JS Consistency,cnrs_parent_0061,pattern_176,hexagonal,5,0.5823709225865574,0.2699243562505046,1,3,4,0,0,0.04083251953125,0.00018274784088134766,0.04064977169036865,-0.49090576171875,-0.7473758459091187,0.25647008419036865,2FCF8698E07D47D15B78C6B61A0986DC3976F8960AAB26F633306F27E1E5638A
20260713,js_consistency_transfer,JS Consistency,cnrs_parent_0073,pattern_207,hexagonal,5,0.4271668354997985,0.10217223029438469,0,4,4,0,0,0.11175537109375,0.001125335693359375,0.11063003540039062,-0.72027587890625,-0.7464332580566406,0.026157379150390625,2FCF8698E07D47D15B78C6B61A0986DC3976F8960AAB26F633306F27E1E5638A
20260713,js_consistency_transfer,JS Consistency,cnrs_parent_0093,pattern_249,hexagonal,5,0.15357961924926922,0.41835059999286517,1,5,1,1,0,0.59033203125,0.10443115234375,0.48590087890625,0.2578125,-0.73492431640625,0.99273681640625,2FCF8698E07D47D15B78C6B61A0986DC3976F8960AAB26F633306F27E1E5638A
20260713,js_consistency_transfer,JS Consistency,cnrs_parent_0096,pattern_257,hexagonal,5,0.2045306377821795,0.01817948115844152,1,4,5,0,1,0.3310546875,0.5146484375,-0.18359375,-0.337890625,0.03125,-0.369140625,2FCF8698E07D47D15B78C6B61A0986DC3976F8960AAB26F633306F27E1E5638A
20260713,js_consistency_transfer,JS Consistency,cnrs_parent_0132,pattern_367,hexagonal,5,0.13893713412690611,0.131853752215773,0,1,1,0,0,2.9206275939941406e-06,0.0,2.9206275939941406e-06,-0.554196298122406,-0.7275390625,0.173342764377594,2FCF8698E07D47D15B78C6B61A0986DC3976F8960AAB26F633306F27E1E5638A
20260713,js_consistency_transfer,JS Consistency,cnrs_parent_0159,pattern_457,hexagonal,5,0.6542510497261466,0.4465596568601561,1,2,1,0,0,0.004940032958984375,0.294677734375,-0.2897377014160156,-0.6776771545410156,-0.120849609375,-0.5568275451660156,2FCF8698E07D47D15B78C6B61A0986DC3976F8960AAB26F633306F27E1E5638A
20260713,js_consistency_transfer,JS Consistency,cnrs_parent_0216,pattern_608,hexagonal,5,0.9421678163580184,0.6924311026721722,1,4,1,0,0,0.00217437744140625,1.1920928955078125e-06,0.002173185348510742,-0.9953842163085938,-0.5429675579071045,-0.45241665840148926,2FCF8698E07D47D15B78C6B61A0986DC3976F8960AAB26F633306F27E1E5638A
20260713,js_consistency_transfer,JS Consistency,cnrs_parent_0223,pattern_627,hexagonal,5,0.2520161276066485,0.20067163190013193,0,5,5,1,1,0.52685546875,1.0,-0.47314453125,0.144287109375,0.99988853931427,-0.85560142993927,2FCF8698E07D47D15B78C6B61A0986DC3976F8960AAB26F633306F27E1E5638A
20260713,js_consistency_transfer,JS Consistency,cnrs_parent_0288,pattern_873,hexagonal,5,0.43150791275623757,0.09358690288152169,0,2,2,0,0,0.0032196044921875,0.0017604827880859375,0.0014591217041015625,-0.7921905517578125,-0.5778293609619141,-0.21436119079589844,2FCF8698E07D47D15B78C6B61A0986DC3976F8960AAB26F633306F27E1E5638A
20260713,js_consistency_transfer,JS Consistency,cnrs_parent_0300,pattern_909,hexagonal,5,0.1905689241696671,0.022229136218012528,0,4,4,0,0,1.4126300811767578e-05,0.0004146099090576172,-0.0004004836082458496,-0.9985210299491882,-0.9317142963409424,-0.06680673360824585,2FCF8698E07D47D15B78C6B61A0986DC3976F8960AAB26F633306F27E1E5638A
20260713,js_consistency_transfer,JS Consistency,cnrs_parent_0069,pattern_2,cubic,6,1.1891427472025486,0.6931457369107328,1,6,0,1,0,0.99951171875,0.0,0.99951171875,0.9992337226867676,-1.0,1.9992337226867676,2FCF8698E07D47D15B78C6B61A0986DC3976F8960AAB26F633306F27E1E5638A
20260713,js_consistency_transfer,JS Consistency,cnrs_parent_0083,pattern_23,cubic,6,0.31059851492367985,0.1463363117784326,0,1,1,0,0,0.0,2.980232238769531e-07,-2.980232238769531e-07,-0.6279296875,-0.9985348582267761,0.3706051707267761,2FCF8698E07D47D15B78C6B61A0986DC3976F8960AAB26F633306F27E1E5638A
20260713,js_consistency_transfer,JS Consistency,cnrs_parent_0097,pattern_26,cubic,6,0.1420382842951866,0.0011068846500215312,0,6,6,1,1,0.99658203125,1.0,-0.00341796875,0.9932708740234375,0.9999542236328125,-0.006683349609375,2FCF8698E07D47D15B78C6B61A0986DC3976F8960AAB26F633306F27E1E5638A
20260713,js_consistency_transfer,JS Consistency,cnrs_parent_0101,pattern_27,cubic,6,1.5977479644402441,0.6929490751436977,1,6,2,1,0,1.0,0.0,1.0,0.9999558925628662,-0.7548828125,1.7548387050628662,2FCF8698E07D47D15B78C6B61A0986DC3976F8960AAB26F633306F27E1E5638A
20260713,js_consistency_transfer,JS Consistency,cnrs_parent_0142,pattern_40,cubic,6,0.14649376051232232,0.006770254140381115,0,6,6,1,1,1.0,0.97998046875,0.02001953125,0.999951183795929,0.962554931640625,0.037396252155303955,2FCF8698E07D47D15B78C6B61A0986DC3976F8960AAB26F633306F27E1E5638A
20260713,js_consistency_transfer,JS Consistency,cnrs_parent_0199,pattern_57,cubic,6,1.3886368270838019,0.6931076245111125,1,6,0,1,0,0.99560546875,0.0,0.99560546875,0.9927978515625,-1.0,1.9927978515625,2FCF8698E07D47D15B78C6B61A0986DC3976F8960AAB26F633306F27E1E5638A
20260713,js_consistency_transfer,JS Consistency,cnrs_parent_0241,pattern_69,cubic,6,0.04887921765594627,0.007222506273321022,0,6,6,1,1,1.0,0.97900390625,0.02099609375,0.9999403357505798,0.957794189453125,0.042146146297454834,2FCF8698E07D47D15B78C6B61A0986DC3976F8960AAB26F633306F27E1E5638A
20260713,js_consistency_transfer,JS Consistency,cnrs_parent_0290,pattern_88,cubic,6,0.1849680995398868,0.010632453475042691,1,1,0,0,0,0.0,8.821487426757812e-06,-8.821487426757812e-06,-0.57568359375,-0.5698153972625732,-0.005868196487426758,2FCF8698E07D47D15B78C6B61A0986DC3976F8960AAB26F633306F27E1E5638A
20260713,js_consistency_transfer,JS Consistency,cnrs_parent_0029,pattern_110,cubic,6,1.4416393145161737,0.6928620995774921,1,6,0,1,0,0.9990234375,1.1920928955078125e-07,0.9990233182907104,0.9980611801147461,-0.9638670682907104,1.9619282484054565,2FCF8698E07D47D15B78C6B61A0986DC3976F8960AAB26F633306F27E1E5638A
20260713,js_consistency_transfer,JS Consistency,cnrs_parent_0035,pattern_119,cubic,6,1.3923962697954968,0.6795506822850774,1,6,1,1,0,0.99462890625,1.1920928955078125e-07,0.9946287870407104,0.9891586303710938,-0.5527342557907104,1.5418928861618042,2FCF8698E07D47D15B78C6B61A0986DC3976F8960AAB26F633306F27E1E5638A
20260713,js_consistency_transfer,JS Consistency,cnrs_parent_0040,pattern_126,cubic,6,1.6342189510252076,0.6884691883465973,1,4,1,0,0,0.28564453125,4.827976226806641e-06,0.2856397032737732,-0.3916015625,-0.9848584532737732,0.5932568907737732,2FCF8698E07D47D15B78C6B61A0986DC3976F8960AAB26F633306F27E1E5638A
20260713,js_consistency_transfer,JS Consistency,cnrs_parent_0062,pattern_178,cubic,6,0.400830536694865,0.5311428663793895,1,1,0,0,0,0.0009012222290039062,1.7881393432617188e-07,0.0009010434150695801,-0.8994894027709961,-0.9995115399360657,0.10002213716506958,2FCF8698E07D47D15B78C6B61A0986DC3976F8960AAB26F633306F27E1E5638A
20260713,js_consistency_transfer,JS Consistency,cnrs_parent_0067,pattern_193,cubic,6,0.18496076026241381,0.04728120076229238,0,6,6,1,1,0.96923828125,0.779296875,0.18994140625,0.9407501220703125,0.5594482421875,0.3813018798828125,2FCF8698E07D47D15B78C6B61A0986DC3976F8960AAB26F633306F27E1E5638A
20260713,js_consistency_transfer,JS Consistency,cnrs_parent_0077,pattern_215,cubic,6,1.5162358463022405,0.6929064057283252,1,6,0,1,0,0.99951171875,0.0,0.99951171875,0.9992475509643555,-0.99658203125,1.9958295822143555,2FCF8698E07D47D15B78C6B61A0986DC3976F8960AAB26F633306F27E1E5638A
20260713,js_consistency_transfer,JS Consistency,cnrs_parent_0085,pattern_236,cubic,6,0.028904723344403083,0.025285812559172456,0,6,6,1,1,0.99658203125,0.91259765625,0.083984375,0.9932842254638672,0.82537841796875,0.1679058074951172,2FCF8698E07D47D15B78C6B61A0986DC3976F8960AAB26F633306F27E1E5638A
20260713,js_consistency_transfer,JS Consistency,cnrs_parent_0105,pattern_279,cubic,6,1.4761702028204442,0.6931098648957436,1,6,4,1,0,1.0,0.0,1.0,0.9999924898147583,-0.59619140625,1.5961838960647583,2FCF8698E07D47D15B78C6B61A0986DC3976F8960AAB26F633306F27E1E5638A
20260713,js_consistency_transfer,JS Consistency,cnrs_parent_0127,pattern_360,cubic,6,1.4587323234985359,0.6929395971628647,1,6,2,1,0,0.99951171875,0.0,0.99951171875,0.9991905689239502,-0.8828125,1.8820030689239502,2FCF8698E07D47D15B78C6B61A0986DC3976F8960AAB26F633306F27E1E5638A
20260713,js_consistency_transfer,JS Consistency,cnrs_parent_0129,pattern_363,cubic,6,1.4201727783754121,0.6930968487461513,1,6,0,1,0,0.9990234375,0.0,0.9990234375,0.9982767105102539,-1.0,1.998276710510254,2FCF8698E07D47D15B78C6B61A0986DC3976F8960AAB26F633306F27E1E5638A
20260713,js_consistency_transfer,JS Consistency,cnrs_parent_0131,pattern_366,cubic,6,1.1178589281261853,0.6921994696317728,1,6,2,1,0,0.99951171875,3.528594970703125e-05,0.999476432800293,0.999275803565979,-0.543910026550293,1.543185830116272,2FCF8698E07D47D15B78C6B61A0986DC3976F8960AAB26F633306F27E1E5638A
20260713,js_consistency_transfer,JS Consistency,cnrs_parent_0134,pattern_375,cubic,6,1.4055287528039062,0.6926845336153473,1,6,0,1,0,0.9970703125,8.940696716308594e-07,0.9970694184303284,0.9943447113037109,-0.9614248871803284,1.9557695984840393,2FCF8698E07D47D15B78C6B61A0986DC3976F8960AAB26F633306F27E1E5638A
20260713,js_consistency_transfer,JS Consistency,cnrs_parent_0135,pattern_376,cubic,6,0.3302443634259241,0.5169414536444837,1,1,2,0,0,5.9604644775390625e-06,9.5367431640625e-07,5.0067901611328125e-06,-0.9970643520355225,-0.8857412338256836,-0.11132311820983887,2FCF8698E07D47D15B78C6B61A0986DC3976F8960AAB26F633306F27E1E5638A
20260713,js_consistency_transfer,JS Consistency,cnrs_parent_0138,pattern_394,cubic,6,1.3116689869298612,0.669226789452434,1,6,1,1,0,0.763671875,0.0,0.763671875,0.587158203125,-0.8408203125,1.427978515625,2FCF8698E07D47D15B78C6B61A0986DC3976F8960AAB26F633306F27E1E5638A
20260713,js_consistency_transfer,JS Consistency,cnrs_parent_0143,pattern_408,cubic,6,0.11517866016738731,0.2472033214971477,1,1,0,0,0,0.0,0.0,0.0,-0.8759765625,-0.6728515625,-0.203125,2FCF8698E07D47D15B78C6B61A0986DC3976F8960AAB26F633306F27E1E5638A
20260713,js_consistency_transfer,JS Consistency,cnrs_parent_0149,pattern_426,cubic,6,1.6370949459467536,0.6931020834495196,1,6,2,1,0,1.0,0.0,1.0,0.9999913573265076,-0.79931640625,1.7993077635765076,2FCF8698E07D47D15B78C6B61A0986DC3976F8960AAB26F633306F27E1E5638A
20260713,js_consistency_transfer,JS Consistency,cnrs_parent_0160,pattern_458,cubic,6,0.3182857400370449,0.06774519668398671,0,4,4,0,0,0.004184722900390625,2.6941299438476562e-05,0.0041577816009521484,-0.8263816833496094,-0.9760472774505615,0.14966559410095215,2FCF8698E07D47D15B78C6B61A0986DC3976F8960AAB26F633306F27E1E5638A
20260713,js_consistency_transfer,JS Consistency,cnrs_parent_0175,pattern_493,cubic,6,0.10552613808084732,0.0036994114969534702,0,1,1,0,0,2.384185791015625e-07,0.0,2.384185791015625e-07,-0.9692380428314209,-0.97509765625,0.0058596134185791016,2FCF8698E07D47D15B78C6B61A0986DC3976F8960AAB26F633306F27E1E5638A
20260713,js_consistency_transfer,JS Consistency,cnrs_parent_0178,pattern_503,cubic,6,0.06590756394670894,0.39255481450040486,1,1,2,0,0,0.0,1.1920928955078125e-07,-1.1920928955078125e-07,-0.95703125,-0.8413084745407104,-0.11572277545928955,2FCF8698E07D47D15B78C6B61A0986DC3976F8960AAB26F633306F27E1E5638A
20260713,js_consistency_transfer,JS Consistency,cnrs_parent_0183,pattern_527,cubic,6,0.5708136488351438,0.6752832559501,1,4,5,0,0,0.00018322467803955078,0.1593017578125,-0.15911853313446045,-0.5383909940719604,-0.6722412109375,0.13385021686553955,2FCF8698E07D47D15B78C6B61A0986DC3976F8960AAB26F633306F27E1E5638A
20260713,js_consistency_transfer,JS Consistency,cnrs_parent_0188,pattern_545,cubic,6,0.13618981840564048,0.2761238204767203,1,1,2,0,0,1.6093254089355469e-06,0.0,1.6093254089355469e-06,-0.9550765156745911,-0.407470703125,-0.5476058125495911,2FCF8698E07D47D15B78C6B61A0986DC3976F8960AAB26F633306F27E1E5638A
20260713,js_consistency_transfer,JS Consistency,cnrs_parent_0196,pattern_565,cubic,6,0.14727111133968396,0.028204509230152153,0,1,1,0,0,0.0,1.4901161193847656e-06,-1.4901161193847656e-06,-0.99853515625,-0.9125961661338806,-0.08593899011611938,2FCF8698E07D47D15B78C6B61A0986DC3976F8960AAB26F633306F27E1E5638A
20260713,js_consistency_transfer,JS Consistency,cnrs_parent_0200,pattern_570,cubic,6,0.43796570914571276,0.30840425337289434,1,0,1,0,0,0.0,4.470348358154297e-06,-4.470348358154297e-06,-0.560546875,-0.6928666234016418,0.13231974840164185,2FCF8698E07D47D15B78C6B61A0986DC3976F8960AAB26F633306F27E1E5638A
20260713,js_consistency_transfer,JS Consistency,cnrs_parent_0205,pattern_582,cubic,6,0.25838594378380153,0.4151179630802624,1,6,4,1,0,1.0,0.2081298828125,0.7918701171875,0.9998983144760132,-0.5838623046875,1.5837606191635132,2FCF8698E07D47D15B78C6B61A0986DC3976F8960AAB26F633306F27E1E5638A
20260713,js_consistency_transfer,JS Consistency,cnrs_parent_0217,pattern_609,cubic,6,0.208397264253258,0.29127288922995387,1,0,1,0,0,2.2649765014648438e-06,1.6689300537109375e-06,5.960464477539062e-07,-0.6992164850234985,-0.9741194248199463,0.27490293979644775,2FCF8698E07D47D15B78C6B61A0986DC3976F8960AAB26F633306F27E1E5638A
20260713,js_consistency_transfer,JS Consistency,cnrs_parent_0229,pattern_644,cubic,6,0.7928455016620531,0.676816595751887,1,4,1,0,0,9.5367431640625e-07,8.559226989746094e-05,-8.463859558105469e-05,-0.9912099838256836,-0.9838011264801025,-0.007408857345581055,2FCF8698E07D47D15B78C6B61A0986DC3976F8960AAB26F633306F27E1E5638A
20260713,js_consistency_transfer,JS Consistency,cnrs_parent_0238,pattern_678,cubic,6,0.07921562290985906,0.014909622164782744,0,0,0,0,0,0.0,0.0,0.0,-0.96337890625,-0.87109375,-0.09228515625,2FCF8698E07D47D15B78C6B61A0986DC3976F8960AAB26F633306F27E1E5638A
20260713,js_consistency_transfer,JS Consistency,cnrs_parent_0249,pattern_737,cubic,6,0.5083523630512626,0.35652462620670344,1,4,1,0,0,0.0004134178161621094,2.3365020751953125e-05,0.00039005279541015625,-0.7066178321838379,-0.912086009979248,0.20546817779541016,2FCF8698E07D47D15B78C6B61A0986DC3976F8960AAB26F633306F27E1E5638A
20260713,js_consistency_transfer,JS Consistency,cnrs_parent_0255,pattern_759,cubic,6,0.018136936916588353,0.12277014783698252,1,6,4,1,0,0.92724609375,0.498046875,0.42919921875,0.8543701171875,-0.00390625,0.8582763671875,2FCF8698E07D47D15B78C6B61A0986DC3976F8960AAB26F633306F27E1E5638A
20260713,js_consistency_transfer,JS Consistency,cnrs_parent_0257,pattern_770,cubic,6,0.30854891177382104,0.041633404109089826,0,4,4,0,0,0.00237274169921875,2.968311309814453e-05,0.0023430585861206055,-0.8823928833007812,-0.9994820356369019,0.1170891523361206,2FCF8698E07D47D15B78C6B61A0986DC3976F8960AAB26F633306F27E1E5638A
20260713,js_consistency_transfer,JS Consistency,cnrs_parent_0265,pattern_790,cubic,6,1.4497339973694412,0.692906388802735,1,6,2,1,0,1.0,4.0471553802490234e-05,0.9999595284461975,0.9999984502792358,-0.8954673409461975,1.8954657912254333,2FCF8698E07D47D15B78C6B61A0986DC3976F8960AAB26F633306F27E1E5638A
20260713,js_consistency_transfer,JS Consistency,cnrs_parent_0266,pattern_794,cubic,6,0.051057585175001474,0.00016632901304516862,0,6,6,1,1,1.0,0.9990234375,0.0009765625,0.9998612403869629,0.9983258247375488,0.0015354156494140625,2FCF8698E07D47D15B78C6B61A0986DC3976F8960AAB26F633306F27E1E5638A
20260713,js_consistency_transfer,JS Consistency,cnrs_parent_0268,pattern_810,cubic,6,0.040048862332135005,0.0348322130989856,0,6,6,1,1,0.79833984375,0.9580078125,-0.15966796875,0.6170654296875,0.92755126953125,-0.31048583984375,2FCF8698E07D47D15B78C6B61A0986DC3976F8960AAB26F633306F27E1E5638A
20260713,js_consistency_transfer,JS Consistency,cnrs_parent_0282,pattern_851,cubic,6,1.0216258297445797,0.6900567637460043,1,6,1,1,0,0.998046875,9.781122207641602e-05,0.9979490637779236,0.9967689514160156,-0.9432615637779236,1.9400305151939392,2FCF8698E07D47D15B78C6B61A0986DC3976F8960AAB26F633306F27E1E5638A
20260713,js_consistency_transfer,JS Consistency,cnrs_parent_0303,pattern_919,cubic,6,1.625040402844764,0.6931470806985318,1,6,0,1,0,1.0,0.0,1.0,0.9999999403953552,-0.7392578125,1.7392577528953552,2FCF8698E07D47D15B78C6B61A0986DC3976F8960AAB26F633306F27E1E5638A
20260713,js_consistency_transfer,JS Consistency,cnrs_parent_0311,pattern_956,cubic,6,0.2705805820690904,0.6201695641652125,1,0,1,0,0,5.960464477539063e-08,7.152557373046875e-06,-7.092952728271484e-06,-0.9956054091453552,-0.974113941192627,-0.02149146795272827,2FCF8698E07D47D15B78C6B61A0986DC3976F8960AAB26F633306F27E1E5638A
20260713,js_consistency_transfer,JS Consistency,cnrs_parent_0316,pattern_964,cubic,6,1.358282464986236,0.6929921838556852,1,6,4,1,0,1.0,5.364418029785156e-07,0.999999463558197,0.9999796748161316,-0.641112744808197,1.6410924196243286,2FCF8698E07D47D15B78C6B61A0986DC3976F8960AAB26F633306F27E1E5638A
20260713,js_consistency_transfer,JS Consistency,cnrs_parent_0001,pattern_1009,cubic,6,1.362855407183391,0.6925912771922031,1,6,4,1,0,1.0,0.0,1.0,0.9999017119407654,-0.7666015625,1.7665032744407654,2FCF8698E07D47D15B78C6B61A0986DC3976F8960AAB26F633306F27E1E5638A
20260713,js_consistency_transfer,JS Consistency,cnrs_parent_0024,pattern_1051,cubic,6,0.13733163604832987,0.31349927307893144,1,1,0,0,0,4.172325134277344e-07,4.5299530029296875e-06,-4.112720489501953e-06,-0.8774409890174866,-0.8681595325469971,-0.009281456470489502,2FCF8698E07D47D15B78C6B61A0986DC3976F8960AAB26F633306F27E1E5638A
20260714,ordinary_dynamic_augmentation,Dynamic ERM,cnrs_parent_0087,pattern_24,triclinic,0,0.05258036726367599,0.005188494384260672,0,1,1,0,0,0.00803375244140625,0.03704833984375,-0.02901458740234375,-0.9836654663085938,-0.92584228515625,-0.05782318115234375,149C20E32D35565D305B3CCCF3CA981118ECC5BCBBA29B04F99FD7C0CEC4C4FB
20260714,ordinary_dynamic_augmentation,Dynamic ERM,cnrs_parent_0189,pattern_55,triclinic,0,0.03855569676508197,0.00015341751618889706,0,1,1,0,0,1.7881393432617188e-07,1.8715858459472656e-05,-1.8537044525146484e-05,-0.9999998211860657,-0.9994930028915405,-0.0005068182945251465,149C20E32D35565D305B3CCCF3CA981118ECC5BCBBA29B04F99FD7C0CEC4C4FB
20260714,ordinary_dynamic_augmentation,Dynamic ERM,cnrs_parent_0260,pattern_78,triclinic,0,0.22512159388674324,0.11192763801728543,0,0,0,1,1,0.70703125,0.99951171875,-0.29248046875,0.41455078125,0.998845100402832,-0.584294319152832,149C20E32D35565D305B3CCCF3CA981118ECC5BCBBA29B04F99FD7C0CEC4C4FB
20260714,ordinary_dynamic_augmentation,Dynamic ERM,cnrs_parent_0322,pattern_99,triclinic,0,0.17094340042585854,0.0005890041249712406,0,0,0,1,1,0.998046875,1.0,-0.001953125,0.9964981079101562,0.9999809861183167,-0.0034828782081604004,149C20E32D35565D305B3CCCF3CA981118ECC5BCBBA29B04F99FD7C0CEC4C4FB
20260714,ordinary_dynamic_augmentation,Dynamic ERM,cnrs_parent_0036,pattern_120,triclinic,0,0.12658308088912495,3.4420885324140515e-05,0,0,0,1,1,1.0,1.0,0.0,0.9999381899833679,0.9999883770942688,-5.0187110900878906e-05,149C20E32D35565D305B3CCCF3CA981118ECC5BCBBA29B04F99FD7C0CEC4C4FB
20260714,ordinary_dynamic_augmentation,Dynamic ERM,cnrs_parent_0053,pattern_157,triclinic,0,0.1189079508719576,0.4713739595892995,1,1,0,0,1,0.042694091796875,0.91064453125,-0.867950439453125,-0.913848876953125,0.8367919921875,-1.750640869140625,149C20E32D35565D305B3CCCF3CA981118ECC5BCBBA29B04F99FD7C0CEC4C4FB
20260714,ordinary_dynamic_augmentation,Dynamic ERM,cnrs_parent_0063,pattern_180,triclinic,0,0.017906047812064618,2.0900162791577427e-06,0,1,1,0,0,0.0,0.0,0.0,-1.0,-1.0,0.0,149C20E32D35565D305B3CCCF3CA981118ECC5BCBBA29B04F99FD7C0CEC4C4FB
20260714,ordinary_dynamic_augmentation,Dynamic ERM,cnrs_parent_0088,pattern_240,triclinic,0,0.13873319937400308,0.0029480712995517003,0,1,1,0,0,0.2216796875,0.27587890625,-0.05419921875,-0.55224609375,-0.44775390625,-0.1044921875,149C20E32D35565D305B3CCCF3CA981118ECC5BCBBA29B04F99FD7C0CEC4C4FB
20260714,ordinary_dynamic_augmentation,Dynamic ERM,cnrs_parent_0109,pattern_298,triclinic,0,0.025677140625680606,0.0010702105630017475,0,1,1,0,0,0.0001398324966430664,0.0038089752197265625,-0.003669142723083496,-0.9998601675033569,-0.9922847747802734,-0.007575392723083496,149C20E32D35565D305B3CCCF3CA981118ECC5BCBBA29B04F99FD7C0CEC4C4FB
20260714,ordinary_dynamic_augmentation,Dynamic ERM,cnrs_parent_0113,pattern_311,triclinic,0,0.16547644155648877,0.008457899586859392,0,0,0,1,1,0.9755859375,1.0,-0.0244140625,0.9548492431640625,0.9999992847442627,-0.045150041580200195,149C20E32D35565D305B3CCCF3CA981118ECC5BCBBA29B04F99FD7C0CEC4C4FB
20260714,ordinary_dynamic_augmentation,Dynamic ERM,cnrs_parent_0124,pattern_348,triclinic,0,0.04493717315639356,0.45918735589430165,1,0,1,1,0,0.939453125,0.06463623046875,0.87481689453125,0.878936767578125,-0.87091064453125,1.749847412109375,149C20E32D35565D305B3CCCF3CA981118ECC5BCBBA29B04F99FD7C0CEC4C4FB
20260714,ordinary_dynamic_augmentation,Dynamic ERM,cnrs_parent_0147,pattern_417,triclinic,0,0.04322299214535452,0.0023398750084754937,0,0,0,1,1,0.99560546875,0.982421875,0.01318359375,0.9915199279785156,0.9647064208984375,0.026813507080078125,149C20E32D35565D305B3CCCF3CA981118ECC5BCBBA29B04F99FD7C0CEC4C4FB
20260714,ordinary_dynamic_augmentation,Dynamic ERM,cnrs_parent_0148,pattern_423,triclinic,0,0.045054211404294,0.08926485093904692,0,0,0,1,1,0.998046875,0.751953125,0.24609375,0.9959468841552734,0.5040283203125,0.49191856384277344,149C20E32D35565D305B3CCCF3CA981118ECC5BCBBA29B04F99FD7C0CEC4C4FB
20260714,ordinary_dynamic_augmentation,Dynamic ERM,cnrs_parent_0154,pattern_444,triclinic,0,0.14194664562435966,0.26853926919758275,1,1,0,0,1,0.315673828125,0.966796875,-0.651123046875,-0.368408203125,0.9339599609375,-1.3023681640625,149C20E32D35565D305B3CCCF3CA981118ECC5BCBBA29B04F99FD7C0CEC4C4FB
20260714,ordinary_dynamic_augmentation,Dynamic ERM,cnrs_parent_0158,pattern_456,triclinic,0,0.09837458720827308,0.1195323361198756,1,1,0,0,1,0.1519775390625,0.61474609375,-0.4627685546875,-0.6961669921875,0.22998046875,-0.9261474609375,149C20E32D35565D305B3CCCF3CA981118ECC5BCBBA29B04F99FD7C0CEC4C4FB
20260714,ordinary_dynamic_augmentation,Dynamic ERM,cnrs_parent_0161,pattern_464,triclinic,0,0.26633518559804004,0.2030962605144155,0,0,0,1,1,0.5185546875,0.9990234375,-0.48046875,0.041015625,0.9983010292053223,-0.9572854042053223,149C20E32D35565D305B3CCCF3CA981118ECC5BCBBA29B04F99FD7C0CEC4C4FB
20260714,ordinary_dynamic_augmentation,Dynamic ERM,cnrs_parent_0207,pattern_585,triclinic,0,0.045907662946744865,0.17257778274291685,1,0,1,1,0,0.83349609375,0.267333984375,0.566162109375,0.6668701171875,-0.465087890625,1.1319580078125,149C20E32D35565D305B3CCCF3CA981118ECC5BCBBA29B04F99FD7C0CEC4C4FB
20260714,ordinary_dynamic_augmentation,Dynamic ERM,cnrs_parent_0233,pattern_653,triclinic,0,0.023817640866125256,2.342695463187697e-06,0,1,1,0,0,0.0001609325408935547,0.000110626220703125,5.030632019042969e-05,-0.9998390674591064,-0.9998893737792969,5.030632019042969e-05,149C20E32D35565D305B3CCCF3CA981118ECC5BCBBA29B04F99FD7C0CEC4C4FB
20260714,ordinary_dynamic_augmentation,Dynamic ERM,cnrs_parent_0253,pattern_753,triclinic,0,0.08829477425730137,0.10270893030990665,0,0,0,1,1,0.681640625,0.98779296875,-0.30615234375,0.36328125,0.9756927490234375,-0.6124114990234375,149C20E32D35565D305B3CCCF3CA981118ECC5BCBBA29B04F99FD7C0CEC4C4FB
20260714,ordinary_dynamic_augmentation,Dynamic ERM,cnrs_parent_0291,pattern_881,triclinic,0,0.3405442071177255,0.48384793070648946,1,1,0,0,1,5.7637691497802734e-05,0.86328125,-0.8632236123085022,-0.9984775185585022,0.7266845703125,-1.7251620888710022,149C20E32D35565D305B3CCCF3CA981118ECC5BCBBA29B04F99FD7C0CEC4C4FB
20260714,ordinary_dynamic_augmentation,Dynamic ERM,cnrs_parent_0321,pattern_979,triclinic,0,0.254539970177173,0.3795548554212479,1,0,1,1,0,0.7568359375,0.0059814453125,0.7508544921875,0.5263671875,-0.9881591796875,1.5145263671875,149C20E32D35565D305B3CCCF3CA981118ECC5BCBBA29B04F99FD7C0CEC4C4FB
20260714,ordinary_dynamic_augmentation,Dynamic ERM,cnrs_parent_0028,pattern_11,monoclinic,1,0.1070635616459813,0.06044909274607805,0,1,1,1,1,1.0,0.83544921875,0.16455078125,0.9999310374259949,0.6708984375,0.3290325999259949,149C20E32D35565D305B3CCCF3CA981118ECC5BCBBA29B04F99FD7C0CEC4C4FB
20260714,ordinary_dynamic_augmentation,Dynamic ERM,cnrs_parent_0049,pattern_15,monoclinic,1,0.11609965113313325,0.0003256625146208916,0,0,0,0,0,0.00047850608825683594,0.0022869110107421875,-0.0018084049224853516,-0.9990332126617432,-0.9952716827392578,-0.0037615299224853516,149C20E32D35565D305B3CCCF3CA981118ECC5BCBBA29B04F99FD7C0CEC4C4FB
20260714,ordinary_dynamic_augmentation,Dynamic ERM,cnrs_parent_0115,pattern_32,monoclinic,1,0.02639758147563187,0.00029357819991747186,0,1,1,1,1,0.9990234375,1.0,-0.0009765625,0.9980154037475586,0.9999711513519287,-0.001955747604370117,149C20E32D35565D305B3CCCF3CA981118ECC5BCBBA29B04F99FD7C0CEC4C4FB
20260714,ordinary_dynamic_augmentation,Dynamic ERM,cnrs_parent_0153,pattern_44,monoclinic,1,0.4027431950887438,0.13282413064724788,0,1,1,1,1,1.0,0.66552734375,0.33447265625,0.9999350309371948,0.3310546875,0.6688803434371948,149C20E32D35565D305B3CCCF3CA981118ECC5BCBBA29B04F99FD7C0CEC4C4FB
20260714,ordinary_dynamic_augmentation,Dynamic ERM,cnrs_parent_0214,pattern_60,monoclinic,1,0.19367815540524425,0.4280382734335042,1,1,0,1,0,0.96826171875,0.1270751953125,0.8411865234375,0.9366455078125,-0.7445068359375,1.68115234375,149C20E32D35565D305B3CCCF3CA981118ECC5BCBBA29B04F99FD7C0CEC4C4FB
20260714,ordinary_dynamic_augmentation,Dynamic ERM,cnrs_parent_0236,pattern_67,monoclinic,1,0.10343429119292868,0.00047020651618486366,0,0,0,0,0,0.00014722347259521484,4.291534423828125e-06,0.00014293193817138672,-0.9983879327774048,-0.9999957084655762,0.0016077756881713867,149C20E32D35565D305B3CCCF3CA981118ECC5BCBBA29B04F99FD7C0CEC4C4FB
20260714,ordinary_dynamic_augmentation,Dynamic ERM,cnrs_parent_0005,pattern_102,monoclinic,1,0.2479662257121662,0.12753661173493205,0,0,0,0,0,0.0167388916015625,0.00013339519500732422,0.016605496406555176,-0.6595306396484375,-0.9998666048049927,0.3403359651565552,149C20E32D35565D305B3CCCF3CA981118ECC5BCBBA29B04F99FD7C0CEC4C4FB
20260714,ordinary_dynamic_augmentation,Dynamic ERM,cnrs_parent_0011,pattern_103,monoclinic,1,1.0179715599003882,0.6869175351186056,1,1,6,1,0,0.9443359375,0.0016698837280273438,0.9426660537719727,0.888946533203125,-0.9900293350219727,1.8789758682250977,149C20E32D35565D305B3CCCF3CA981118ECC5BCBBA29B04F99FD7C0CEC4C4FB
20260714,ordinary_dynamic_augmentation,Dynamic ERM,cnrs_parent_0027,pattern_109,monoclinic,1,0.029827524127825966,0.00400442829029292,0,0,0,0,0,0.07159423828125,0.0323486328125,0.03924560546875,-0.85662841796875,-0.9354248046875,0.07879638671875,149C20E32D35565D305B3CCCF3CA981118ECC5BCBBA29B04F99FD7C0CEC4C4FB
20260714,ordinary_dynamic_augmentation,Dynamic ERM,cnrs_parent_0030,pattern_112,monoclinic,1,0.2063077115935278,0.12178855216135742,0,1,1,1,1,0.9990234375,0.6845703125,0.314453125,0.9982943534851074,0.4605712890625,0.5377230644226074,149C20E32D35565D305B3CCCF3CA981118ECC5BCBBA29B04F99FD7C0CEC4C4FB
20260714,ordinary_dynamic_augmentation,Dynamic ERM,cnrs_parent_0031,pattern_113,monoclinic,1,0.41946355642481525,0.12049061580561707,0,0,0,0,0,0.049530029296875,0.0019006729125976562,0.047629356384277344,-0.629180908203125,-0.9863805770874023,0.35719966888427734,149C20E32D35565D305B3CCCF3CA981118ECC5BCBBA29B04F99FD7C0CEC4C4FB
20260714,ordinary_dynamic_augmentation,Dynamic ERM,cnrs_parent_0039,pattern_125,monoclinic,1,0.05287109084002284,0.057536404555117646,1,0,1,0,1,0.334228515625,0.66748046875,-0.333251953125,-0.330810546875,0.338134765625,-0.6689453125,149C20E32D35565D305B3CCCF3CA981118ECC5BCBBA29B04F99FD7C0CEC4C4FB
20260714,ordinary_dynamic_augmentation,Dynamic ERM,cnrs_parent_0042,pattern_129,monoclinic,1,0.39402980156381495,0.6929720043269436,1,1,0,1,0,1.0,1.3530254364013672e-05,0.999986469745636,0.9999846816062927,-0.999986469745636,1.9999711513519287,149C20E32D35565D305B3CCCF3CA981118ECC5BCBBA29B04F99FD7C0CEC4C4FB
20260714,ordinary_dynamic_augmentation,Dynamic ERM,cnrs_parent_0051,pattern_151,monoclinic,1,0.2736984250312624,0.16745336626218482,0,1,1,1,1,1.0,0.5927734375,0.4072265625,0.9999998807907104,0.185546875,0.8144530057907104,149C20E32D35565D305B3CCCF3CA981118ECC5BCBBA29B04F99FD7C0CEC4C4FB
20260714,ordinary_dynamic_augmentation,Dynamic ERM,cnrs_parent_0060,pattern_175,monoclinic,1,0.2402675823451068,0.004387918593055439,0,0,0,0,0,0.00865936279296875,2.1457672119140625e-06,0.008657217025756836,-0.9786453247070312,-0.9999978542327881,0.021352529525756836,149C20E32D35565D305B3CCCF3CA981118ECC5BCBBA29B04F99FD7C0CEC4C4FB
20260714,ordinary_dynamic_augmentation,Dynamic ERM,cnrs_parent_0066,pattern_192,monoclinic,1,0.42826684586550534,0.4575036933328222,1,1,4,1,0,1.0,0.1629638671875,0.8370361328125,0.9999970197677612,-0.6055908203125,1.6055878400802612,149C20E32D35565D305B3CCCF3CA981118ECC5BCBBA29B04F99FD7C0CEC4C4FB
20260714,ordinary_dynamic_augmentation,Dynamic ERM,cnrs_parent_0072,pattern_205,monoclinic,1,0.7408159098306413,0.5353208801279565,1,4,0,0,0,0.0,0.0177001953125,-0.0177001953125,-0.98876953125,-0.8724365234375,-0.1163330078125,149C20E32D35565D305B3CCCF3CA981118ECC5BCBBA29B04F99FD7C0CEC4C4FB
20260714,ordinary_dynamic_augmentation,Dynamic ERM,cnrs_parent_0074,pattern_208,monoclinic,1,0.13509873282512097,0.05072719387725821,1,0,2,0,0,0.00027370452880859375,0.00104522705078125,-0.0007715225219726562,-0.5114450454711914,-0.7850875854492188,0.27364253997802734,149C20E32D35565D305B3CCCF3CA981118ECC5BCBBA29B04F99FD7C0CEC4C4FB
20260714,ordinary_dynamic_augmentation,Dynamic ERM,cnrs_parent_0080,pattern_225,monoclinic,1,0.23060322168115832,0.6521600050277412,1,1,0,1,0,0.98681640625,0.0023784637451171875,0.9844379425048828,0.9748458862304688,-0.9951801300048828,1.9700260162353516,149C20E32D35565D305B3CCCF3CA981118ECC5BCBBA29B04F99FD7C0CEC4C4FB
20260714,ordinary_dynamic_augmentation,Dynamic ERM,cnrs_parent_0081,pattern_226,monoclinic,1,0.22623926563654828,0.4404102508365058,1,1,0,1,0,0.84326171875,0.0316162109375,0.8116455078125,0.72711181640625,-0.9366455078125,1.66375732421875,149C20E32D35565D305B3CCCF3CA981118ECC5BCBBA29B04F99FD7C0CEC4C4FB
20260714,ordinary_dynamic_augmentation,Dynamic ERM,cnrs_parent_0084,pattern_233,monoclinic,1,0.1574783989669426,0.04388787426578329,0,2,2,0,0,0.0005507469177246094,0.00519561767578125,-0.004644870758056641,-0.9989609718322754,-0.8717575073242188,-0.12720346450805664,149C20E32D35565D305B3CCCF3CA981118ECC5BCBBA29B04F99FD7C0CEC4C4FB
20260714,ordinary_dynamic_augmentation,Dynamic ERM,cnrs_parent_0089,pattern_241,monoclinic,1,0.3350453173492164,0.35506176656607424,1,1,0,1,0,0.84130859375,0.29150390625,0.5498046875,0.688720703125,-0.416015625,1.104736328125,149C20E32D35565D305B3CCCF3CA981118ECC5BCBBA29B04F99FD7C0CEC4C4FB
20260714,ordinary_dynamic_augmentation,Dynamic ERM,cnrs_parent_0091,pattern_243,monoclinic,1,0.5387597620725348,0.014267813208642718,0,1,1,1,1,0.96875,0.990234375,-0.021484375,0.954071044921875,0.9803390502929688,-0.02626800537109375,149C20E32D35565D305B3CCCF3CA981118ECC5BCBBA29B04F99FD7C0CEC4C4FB
20260714,ordinary_dynamic_augmentation,Dynamic ERM,cnrs_parent_0092,pattern_244,monoclinic,1,0.025703630978602066,0.02456584889481802,0,2,2,0,0,0.043670654296875,0.0200347900390625,0.0236358642578125,-0.905059814453125,-0.8657073974609375,-0.0393524169921875,149C20E32D35565D305B3CCCF3CA981118ECC5BCBBA29B04F99FD7C0CEC4C4FB
20260714,ordinary_dynamic_augmentation,Dynamic ERM,cnrs_parent_0094,pattern_250,monoclinic,1,0.652101603933776,0.06338109660669405,0,1,1,1,1,0.83056640625,0.99755859375,-0.1669921875,0.68896484375,0.9949684143066406,-0.3060035705566406,149C20E32D35565D305B3CCCF3CA981118ECC5BCBBA29B04F99FD7C0CEC4C4FB
20260714,ordinary_dynamic_augmentation,Dynamic ERM,cnrs_parent_0095,pattern_255,monoclinic,1,0.44496509915800264,0.6470263066426212,1,1,0,1,0,0.99462890625,0.0167236328125,0.9779052734375,0.9906768798828125,-0.9666748046875,1.9573516845703125,149C20E32D35565D305B3CCCF3CA981118ECC5BCBBA29B04F99FD7C0CEC4C4FB
20260714,ordinary_dynamic_augmentation,Dynamic ERM,cnrs_parent_0098,pattern_262,monoclinic,1,0.1810209917494383,0.3309928685753591,1,1,0,1,0,0.7021484375,0.004451751708984375,0.6976966857910156,0.40478515625,-0.9911537170410156,1.3959388732910156,149C20E32D35565D305B3CCCF3CA981118ECC5BCBBA29B04F99FD7C0CEC4C4FB
20260714,ordinary_dynamic_augmentation,Dynamic ERM,cnrs_parent_0099,pattern_266,monoclinic,1,0.9202422484565635,0.6804282268118702,1,2,1,0,1,0.0038242340087890625,0.83349609375,-0.8296718597412109,-0.9922695159912109,0.6768798828125,-1.669149398803711,149C20E32D35565D305B3CCCF3CA981118ECC5BCBBA29B04F99FD7C0CEC4C4FB
20260714,ordinary_dynamic_augmentation,Dynamic ERM,cnrs_parent_0102,pattern_273,monoclinic,1,0.33068340836444843,0.652732328682589,1,1,0,1,0,0.99853515625,0.01374053955078125,0.9847946166992188,0.9975051879882812,-0.9725875854492188,1.9700927734375,149C20E32D35565D305B3CCCF3CA981118ECC5BCBBA29B04F99FD7C0CEC4C4FB
20260714,ordinary_dynamic_augmentation,Dynamic ERM,cnrs_parent_0110,pattern_303,monoclinic,1,0.37342059883439405,0.4097621284248737,1,1,0,1,0,0.7568359375,0.0002551078796386719,0.7565808296203613,0.5433349609375,-0.9992566108703613,1.5425915718078613,149C20E32D35565D305B3CCCF3CA981118ECC5BCBBA29B04F99FD7C0CEC4C4FB
20260714,ordinary_dynamic_augmentation,Dynamic ERM,cnrs_parent_0111,pattern_307,monoclinic,1,0.063093461204904,0.2427598575347124,1,1,0,1,0,0.57373046875,0.00591278076171875,0.5678176879882812,0.1474609375,-0.9882278442382812,1.1356887817382812,149C20E32D35565D305B3CCCF3CA981118ECC5BCBBA29B04F99FD7C0CEC4C4FB
20260714,ordinary_dynamic_augmentation,Dynamic ERM,cnrs_parent_0121,pattern_342,monoclinic,1,0.1463134369814617,0.29368841718502336,1,1,0,1,0,0.63525390625,0.0009217262268066406,0.6343321800231934,0.2705078125,-0.9981017112731934,1.2686095237731934,149C20E32D35565D305B3CCCF3CA981118ECC5BCBBA29B04F99FD7C0CEC4C4FB
20260714,ordinary_dynamic_augmentation,Dynamic ERM,cnrs_parent_0122,pattern_344,monoclinic,1,0.37454735679883877,0.00023546547442302736,0,1,1,1,1,0.99951171875,1.0,-0.00048828125,0.9988679885864258,0.999994158744812,-0.0011261701583862305,149C20E32D35565D305B3CCCF3CA981118ECC5BCBBA29B04F99FD7C0CEC4C4FB
20260714,ordinary_dynamic_augmentation,Dynamic ERM,cnrs_parent_0128,pattern_362,monoclinic,1,0.08236397819315455,3.814965340429167e-05,0,0,0,0,0,0.00024628639221191406,0.00018167495727539062,6.461143493652344e-05,-0.9992654323577881,-0.9998183250427246,0.0005528926849365234,149C20E32D35565D305B3CCCF3CA981118ECC5BCBBA29B04F99FD7C0CEC4C4FB
20260714,ordinary_dynamic_augmentation,Dynamic ERM,cnrs_parent_0130,pattern_365,monoclinic,1,0.10143796307648034,7.911296434433343e-06,0,0,0,0,0,1.3113021850585938e-05,5.662441253662109e-06,7.450580596923828e-06,-0.9999868869781494,-0.9999943375587463,7.450580596923828e-06,149C20E32D35565D305B3CCCF3CA981118ECC5BCBBA29B04F99FD7C0CEC4C4FB
20260714,ordinary_dynamic_augmentation,Dynamic ERM,cnrs_parent_0137,pattern_388,monoclinic,1,0.217476372685514,0.028902331237827504,0,0,0,0,0,0.0809326171875,6.556510925292969e-07,0.08093196153640747,-0.8380126953125,-0.9999993443489075,0.16198664903640747,149C20E32D35565D305B3CCCF3CA981118ECC5BCBBA29B04F99FD7C0CEC4C4FB
20260714,ordinary_dynamic_augmentation,Dynamic ERM,cnrs_parent_0140,pattern_397,monoclinic,1,0.5248296726733248,0.03694546761566492,0,1,1,1,1,0.99560546875,0.89990234375,0.095703125,0.991455078125,0.80279541015625,0.18865966796875,149C20E32D35565D305B3CCCF3CA981118ECC5BCBBA29B04F99FD7C0CEC4C4FB
20260714,ordinary_dynamic_augmentation,Dynamic ERM,cnrs_parent_0151,pattern_431,monoclinic,1,0.10052493154218634,6.926829195303551e-06,0,1,1,1,1,1.0,1.0,0.0,0.9999986886978149,0.9999745488166809,2.4139881134033203e-05,149C20E32D35565D305B3CCCF3CA981118ECC5BCBBA29B04F99FD7C0CEC4C4FB
20260714,ordinary_dynamic_augmentation,Dynamic ERM,cnrs_parent_0162,pattern_469,monoclinic,1,0.15701030122029436,0.013486749453918267,0,1,1,1,1,1.0,0.96142578125,0.03857421875,0.999986469745636,0.928924560546875,0.07106190919876099,149C20E32D35565D305B3CCCF3CA981118ECC5BCBBA29B04F99FD7C0CEC4C4FB
20260714,ordinary_dynamic_augmentation,Dynamic ERM,cnrs_parent_0165,pattern_474,monoclinic,1,0.43496118717068666,0.545947021891201,1,1,4,1,0,0.99169921875,0.08209228515625,0.90960693359375,0.9841270446777344,-0.43304443359375,1.4171714782714844,149C20E32D35565D305B3CCCF3CA981118ECC5BCBBA29B04F99FD7C0CEC4C4FB
20260714,ordinary_dynamic_augmentation,Dynamic ERM,cnrs_parent_0169,pattern_480,monoclinic,1,0.04109575640629626,0.12228715672977988,0,0,0,0,0,0.06268310546875,0.4794921875,-0.41680908203125,-0.86260986328125,-0.037109375,-0.82550048828125,149C20E32D35565D305B3CCCF3CA981118ECC5BCBBA29B04F99FD7C0CEC4C4FB
20260714,ordinary_dynamic_augmentation,Dynamic ERM,cnrs_parent_0170,pattern_482,monoclinic,1,0.049736986458959076,6.147910308877376e-05,0,0,0,0,0,2.9325485229492188e-05,0.0002892017364501953,-0.0002598762512207031,-0.9999706745147705,-0.9992225170135498,-0.0007481575012207031,149C20E32D35565D305B3CCCF3CA981118ECC5BCBBA29B04F99FD7C0CEC4C4FB
20260714,ordinary_dynamic_augmentation,Dynamic ERM,cnrs_parent_0174,pattern_491,monoclinic,1,0.16137438801739512,0.0004998018676389558,0,1,1,1,1,0.99853515625,1.0,-0.00146484375,0.9972000122070312,0.9998626708984375,-0.00266265869140625,149C20E32D35565D305B3CCCF3CA981118ECC5BCBBA29B04F99FD7C0CEC4C4FB
20260714,ordinary_dynamic_augmentation,Dynamic ERM,cnrs_parent_0176,pattern_497,monoclinic,1,0.014885935120764415,0.00017510052687913272,0,1,1,1,1,0.9892578125,0.99267578125,-0.00341796875,0.978607177734375,0.9852714538574219,-0.006664276123046875,149C20E32D35565D305B3CCCF3CA981118ECC5BCBBA29B04F99FD7C0CEC4C4FB
20260714,ordinary_dynamic_augmentation,Dynamic ERM,cnrs_parent_0180,pattern_513,monoclinic,1,0.3718593264742457,0.5417870656398011,1,1,4,1,0,1.0,0.08673095703125,0.91326904296875,0.9998992681503296,-0.82391357421875,1.8238128423690796,149C20E32D35565D305B3CCCF3CA981118ECC5BCBBA29B04F99FD7C0CEC4C4FB
20260714,ordinary_dynamic_augmentation,Dynamic ERM,cnrs_parent_0181,pattern_514,monoclinic,1,0.09012897980219814,5.733289718939269e-05,0,0,0,0,0,0.00017333030700683594,1.0132789611816406e-06,0.0001723170280456543,-0.9998266696929932,-0.9999989867210388,0.0001723170280456543,149C20E32D35565D305B3CCCF3CA981118ECC5BCBBA29B04F99FD7C0CEC4C4FB
20260714,ordinary_dynamic_augmentation,Dynamic ERM,cnrs_parent_0182,pattern_516,monoclinic,1,0.02635804020652599,8.687991387488968e-05,0,0,0,0,0,0.002452850341796875,0.00131988525390625,0.001132965087890625,-0.9951057434082031,-0.9972152709960938,0.002109527587890625,149C20E32D35565D305B3CCCF3CA981118ECC5BCBBA29B04F99FD7C0CEC4C4FB
20260714,ordinary_dynamic_augmentation,Dynamic ERM,cnrs_parent_0186,pattern_538,monoclinic,1,0.4410777944701284,0.2072155847210821,0,1,1,1,1,0.80029296875,0.59033203125,0.2099609375,0.6041259765625,0.181396484375,0.4227294921875,149C20E32D35565D305B3CCCF3CA981118ECC5BCBBA29B04F99FD7C0CEC4C4FB
20260714,ordinary_dynamic_augmentation,Dynamic ERM,cnrs_parent_0190,pattern_551,monoclinic,1,0.4160316892474948,0.6256045396444354,1,1,0,1,0,0.998046875,0.0282135009765625,0.9698333740234375,0.9967365264892578,-0.9434661865234375,1.9402027130126953,149C20E32D35565D305B3CCCF3CA981118ECC5BCBBA29B04F99FD7C0CEC4C4FB
20260714,ordinary_dynamic_augmentation,Dynamic ERM,cnrs_parent_0191,pattern_552,monoclinic,1,0.5627648975690119,0.09699792212406622,0,0,0,0,0,0.1273193359375,5.960464477539063e-08,0.12731927633285522,-0.6192626953125,-0.9999999403953552,0.3807372450828552,149C20E32D35565D305B3CCCF3CA981118ECC5BCBBA29B04F99FD7C0CEC4C4FB
20260714,ordinary_dynamic_augmentation,Dynamic ERM,cnrs_parent_0193,pattern_554,monoclinic,1,0.06772250623253562,7.760219510776011e-06,0,1,1,1,1,1.0,1.0,0.0,0.9998915195465088,0.9999581575393677,-6.663799285888672e-05,149C20E32D35565D305B3CCCF3CA981118ECC5BCBBA29B04F99FD7C0CEC4C4FB
20260714,ordinary_dynamic_augmentation,Dynamic ERM,cnrs_parent_0195,pattern_560,monoclinic,1,0.3210088456519413,0.660614578625283,1,1,0,1,0,1.0,0.0119171142578125,0.9880828857421875,0.9999743103981018,-0.9763641357421875,1.9763384461402893,149C20E32D35565D305B3CCCF3CA981118ECC5BCBBA29B04F99FD7C0CEC4C4FB
20260714,ordinary_dynamic_augmentation,Dynamic ERM,cnrs_parent_0198,pattern_568,monoclinic,1,0.07982049554861492,0.04404605023221375,0,1,1,1,1,0.61865234375,0.7919921875,-0.17333984375,0.237548828125,0.631103515625,-0.3935546875,149C20E32D35565D305B3CCCF3CA981118ECC5BCBBA29B04F99FD7C0CEC4C4FB
20260714,ordinary_dynamic_augmentation,Dynamic ERM,cnrs_parent_0209,pattern_588,monoclinic,1,0.27972545347899,0.2020505097437103,0,0,0,0,0,0.486328125,0.0021305084228515625,0.48419761657714844,-0.02734375,-0.9949398040771484,0.9675960540771484,149C20E32D35565D305B3CCCF3CA981118ECC5BCBBA29B04F99FD7C0CEC4C4FB
20260714,ordinary_dynamic_augmentation,Dynamic ERM,cnrs_parent_0210,pattern_590,monoclinic,1,0.04531346660506408,0.06813829320519388,0,1,1,1,1,0.99560546875,0.79443359375,0.201171875,0.9914398193359375,0.5888671875,0.4025726318359375,149C20E32D35565D305B3CCCF3CA981118ECC5BCBBA29B04F99FD7C0CEC4C4FB
20260714,ordinary_dynamic_augmentation,Dynamic ERM,cnrs_parent_0212,pattern_595,monoclinic,1,0.1326698965330526,4.0904771719815465e-05,0,1,1,1,1,1.0,1.0,0.0,0.9999589323997498,0.9999107718467712,4.8160552978515625e-05,149C20E32D35565D305B3CCCF3CA981118ECC5BCBBA29B04F99FD7C0CEC4C4FB
20260714,ordinary_dynamic_augmentation,Dynamic ERM,cnrs_parent_0213,pattern_599,monoclinic,1,0.14613120604442242,0.21787567929101803,1,1,2,1,0,0.9599609375,0.4228515625,0.537109375,0.932464599609375,-0.063720703125,0.996185302734375,149C20E32D35565D305B3CCCF3CA981118ECC5BCBBA29B04F99FD7C0CEC4C4FB
20260714,ordinary_dynamic_augmentation,Dynamic ERM,cnrs_parent_0219,pattern_616,monoclinic,1,0.08453100353963694,0.0007233504068504583,0,0,0,0,0,0.0028896331787109375,0.00018024444580078125,0.0027093887329101562,-0.9941806793212891,-0.9998197555541992,0.005639076232910156,149C20E32D35565D305B3CCCF3CA981118ECC5BCBBA29B04F99FD7C0CEC4C4FB
20260714,ordinary_dynamic_augmentation,Dynamic ERM,cnrs_parent_0221,pattern_618,monoclinic,1,0.29942911600932487,0.21381124541242572,1,1,0,1,0,0.93017578125,0.355712890625,0.574462890625,0.8721923828125,-0.288330078125,1.1605224609375,149C20E32D35565D305B3CCCF3CA981118ECC5BCBBA29B04F99FD7C0CEC4C4FB
20260714,ordinary_dynamic_augmentation,Dynamic ERM,cnrs_parent_0240,pattern_684,monoclinic,1,0.5437204028428018,0.656506819347013,1,1,0,1,0,0.99951171875,0.01374053955078125,0.9857711791992188,0.9993394613265991,-0.9725875854492188,1.9719270467758179,149C20E32D35565D305B3CCCF3CA981118ECC5BCBBA29B04F99FD7C0CEC4C4FB
20260714,ordinary_dynamic_augmentation,Dynamic ERM,cnrs_parent_0243,pattern_710,monoclinic,1,0.05176101999967653,0.003392854642490813,0,0,0,0,0,0.0103302001953125,7.69495964050293e-05,0.01025325059890747,-0.9794158935546875,-0.999923050403595,0.02050715684890747,149C20E32D35565D305B3CCCF3CA981118ECC5BCBBA29B04F99FD7C0CEC4C4FB
20260714,ordinary_dynamic_augmentation,Dynamic ERM,cnrs_parent_0251,pattern_745,monoclinic,1,0.163237011459742,0.3101994554130092,1,2,1,0,1,0.029205322265625,0.67236328125,-0.643157958984375,-0.937591552734375,0.4140625,-1.351654052734375,149C20E32D35565D305B3CCCF3CA981118ECC5BCBBA29B04F99FD7C0CEC4C4FB
20260714,ordinary_dynamic_augmentation,Dynamic ERM,cnrs_parent_0254,pattern_756,monoclinic,1,0.05773907155529423,0.0010116546760916495,0,1,1,1,1,1.0,0.9970703125,0.0029296875,0.9999997615814209,0.9942913055419922,0.005708456039428711,149C20E32D35565D305B3CCCF3CA981118ECC5BCBBA29B04F99FD7C0CEC4C4FB
20260714,ordinary_dynamic_augmentation,Dynamic ERM,cnrs_parent_0259,pattern_779,monoclinic,1,0.18826168971024004,0.0910821049346383,0,1,1,1,1,0.99951171875,0.7587890625,0.24072265625,0.9989480972290039,0.5238037109375,0.4751443862915039,149C20E32D35565D305B3CCCF3CA981118ECC5BCBBA29B04F99FD7C0CEC4C4FB
20260714,ordinary_dynamic_augmentation,Dynamic ERM,cnrs_parent_0269,pattern_815,monoclinic,1,0.770747501564822,0.6658214713380677,1,5,3,0,0,4.655122756958008e-05,0.00022614002227783203,-0.00017958879470825195,-0.7240745425224304,-0.9299496412277222,0.20587509870529175,149C20E32D35565D305B3CCCF3CA981118ECC5BCBBA29B04F99FD7C0CEC4C4FB
20260714,ordinary_dynamic_augmentation,Dynamic ERM,cnrs_parent_0271,pattern_825,monoclinic,1,0.2512751744249383,0.6740895144539356,1,1,0,1,0,0.99609375,0.0015611648559570312,0.994532585144043,0.9920234680175781,-0.996973991394043,1.988997459411621,149C20E32D35565D305B3CCCF3CA981118ECC5BCBBA29B04F99FD7C0CEC4C4FB
20260714,ordinary_dynamic_augmentation,Dynamic ERM,cnrs_parent_0273,pattern_831,monoclinic,1,0.23067328004898036,0.3875213291812691,1,2,0,0,0,0.2958984375,0.01073455810546875,0.28516387939453125,-0.192138671875,-0.9785232543945312,0.7863845825195312,149C20E32D35565D305B3CCCF3CA981118ECC5BCBBA29B04F99FD7C0CEC4C4FB
20260714,ordinary_dynamic_augmentation,Dynamic ERM,cnrs_parent_0274,pattern_833,monoclinic,1,0.0657955066047965,0.5026699890928152,1,0,1,0,1,0.106689453125,0.9951171875,-0.888427734375,-0.786376953125,0.9902114868164062,-1.7765884399414062,149C20E32D35565D305B3CCCF3CA981118ECC5BCBBA29B04F99FD7C0CEC4C4FB
20260714,ordinary_dynamic_augmentation,Dynamic ERM,cnrs_parent_0284,pattern_857,monoclinic,1,0.06529974516954495,5.5149095218058566e-05,0,1,1,1,1,0.99853515625,0.99951171875,-0.0009765625,0.9971685409545898,0.9988131523132324,-0.0016446113586425781,149C20E32D35565D305B3CCCF3CA981118ECC5BCBBA29B04F99FD7C0CEC4C4FB
20260714,ordinary_dynamic_augmentation,Dynamic ERM,cnrs_parent_0285,pattern_859,monoclinic,1,0.16535558708121045,0.03136570842710627,0,1,1,1,1,0.9990234375,0.9052734375,0.09375,0.9979372024536133,0.81060791015625,0.18732929229736328,149C20E32D35565D305B3CCCF3CA981118ECC5BCBBA29B04F99FD7C0CEC4C4FB
20260714,ordinary_dynamic_augmentation,Dynamic ERM,cnrs_parent_0292,pattern_885,monoclinic,1,0.012875617020646546,6.606184353304213e-07,0,1,1,1,1,1.0,1.0,0.0,0.9999992847442627,0.9999958872795105,3.3974647521972656e-06,149C20E32D35565D305B3CCCF3CA981118ECC5BCBBA29B04F99FD7C0CEC4C4FB
20260714,ordinary_dynamic_augmentation,Dynamic ERM,cnrs_parent_0294,pattern_890,monoclinic,1,0.4027435205524126,0.6870808111939216,1,1,0,1,0,0.99853515625,0.0001245737075805664,0.9984105825424194,0.9970912933349609,-0.9998754262924194,1.9969667196273804,149C20E32D35565D305B3CCCF3CA981118ECC5BCBBA29B04F99FD7C0CEC4C4FB
20260714,ordinary_dynamic_augmentation,Dynamic ERM,cnrs_parent_0295,pattern_895,monoclinic,1,0.21086973195875724,0.029909277594766883,0,0,0,0,0,0.004230499267578125,0.0955810546875,-0.09135055541992188,-0.9913749694824219,-0.8009033203125,-0.19047164916992188,149C20E32D35565D305B3CCCF3CA981118ECC5BCBBA29B04F99FD7C0CEC4C4FB
20260714,ordinary_dynamic_augmentation,Dynamic ERM,cnrs_parent_0296,pattern_896,monoclinic,1,0.046876513231729366,0.05568875462457136,0,1,1,1,1,0.99560546875,0.82568359375,0.169921875,0.991241455078125,0.6512451171875,0.339996337890625,149C20E32D35565D305B3CCCF3CA981118ECC5BCBBA29B04F99FD7C0CEC4C4FB
20260714,ordinary_dynamic_augmentation,Dynamic ERM,cnrs_parent_0297,pattern_906,monoclinic,1,0.03512069934387496,7.516635469818274e-05,0,1,1,1,1,0.98828125,0.98583984375,0.00244140625,0.9766387939453125,0.9714508056640625,0.00518798828125,149C20E32D35565D305B3CCCF3CA981118ECC5BCBBA29B04F99FD7C0CEC4C4FB
20260714,ordinary_dynamic_augmentation,Dynamic ERM,cnrs_parent_0298,pattern_907,monoclinic,1,0.21313475488970812,0.5441361464046547,1,1,0,1,0,0.92431640625,0.00417327880859375,0.9201431274414062,0.849609375,-0.9914321899414062,1.8410415649414062,149C20E32D35565D305B3CCCF3CA981118ECC5BCBBA29B04F99FD7C0CEC4C4FB
20260714,ordinary_dynamic_augmentation,Dynamic ERM,cnrs_parent_0301,pattern_912,monoclinic,1,0.09894358069886977,9.269810521687223e-06,0,1,1,1,1,1.0,1.0,0.0,0.9999732971191406,0.9999995827674866,-2.6285648345947266e-05,149C20E32D35565D305B3CCCF3CA981118ECC5BCBBA29B04F99FD7C0CEC4C4FB
20260714,ordinary_dynamic_augmentation,Dynamic ERM,cnrs_parent_0305,pattern_930,monoclinic,1,0.8332695511434665,0.6925118155115761,1,2,0,0,0,0.48828125,8.684396743774414e-05,0.48819440603256226,-0.0234375,-0.9999131560325623,0.9764756560325623,149C20E32D35565D305B3CCCF3CA981118ECC5BCBBA29B04F99FD7C0CEC4C4FB
20260714,ordinary_dynamic_augmentation,Dynamic ERM,cnrs_parent_0306,pattern_938,monoclinic,1,0.22530132943397818,0.5956132284646558,1,1,0,1,0,0.99853515625,0.04498291015625,0.95355224609375,0.9972705841064453,-0.90911865234375,1.9063892364501953,149C20E32D35565D305B3CCCF3CA981118ECC5BCBBA29B04F99FD7C0CEC4C4FB
20260714,ordinary_dynamic_augmentation,Dynamic ERM,cnrs_parent_0314,pattern_961,monoclinic,1,0.22071740859001132,0.6743230101114646,1,1,0,1,0,0.99658203125,0.002269744873046875,0.9943122863769531,0.9933853149414062,-0.9952888488769531,1.9886741638183594,149C20E32D35565D305B3CCCF3CA981118ECC5BCBBA29B04F99FD7C0CEC4C4FB
20260714,ordinary_dynamic_augmentation,Dynamic ERM,cnrs_parent_0320,pattern_977,monoclinic,1,0.13878477211873685,0.6584259478429454,1,4,1,0,1,0.00850677490234375,0.9970703125,-0.9885635375976562,-0.9827041625976562,0.9940776824951172,-1.9767818450927734,149C20E32D35565D305B3CCCF3CA981118ECC5BCBBA29B04F99FD7C0CEC4C4FB
20260714,ordinary_dynamic_augmentation,Dynamic ERM,cnrs_parent_0323,pattern_998,monoclinic,1,1.1365542625697325,0.6922082340348774,1,2,1,0,1,0.0001888275146484375,0.6259765625,-0.6257877349853516,-0.9993228912353516,0.252197265625,-1.2515201568603516,149C20E32D35565D305B3CCCF3CA981118ECC5BCBBA29B04F99FD7C0CEC4C4FB
20260714,ordinary_dynamic_augmentation,Dynamic ERM,cnrs_parent_0007,pattern_1021,monoclinic,1,0.274787518813,0.005600631101008471,0,0,0,0,0,0.0005230903625488281,0.00041937828063964844,0.00010371208190917969,-0.9735980033874512,-0.9922564029693604,0.01865839958190918,149C20E32D35565D305B3CCCF3CA981118ECC5BCBBA29B04F99FD7C0CEC4C4FB
20260714,ordinary_dynamic_augmentation,Dynamic ERM,cnrs_parent_0008,pattern_1023,monoclinic,1,0.14474666135509673,0.343802424016702,1,1,0,1,0,0.71240234375,0.0022335052490234375,0.7101688385009766,0.424560546875,-0.9953250885009766,1.4198856353759766,149C20E32D35565D305B3CCCF3CA981118ECC5BCBBA29B04F99FD7C0CEC4C4FB
20260714,ordinary_dynamic_augmentation,Dynamic ERM,cnrs_parent_0014,pattern_1034,monoclinic,1,0.13812843131591324,0.05373788769288053,0,4,4,0,0,0.137451171875,0.425537109375,-0.2880859375,-0.724365234375,-0.147216796875,-0.5771484375,149C20E32D35565D305B3CCCF3CA981118ECC5BCBBA29B04F99FD7C0CEC4C4FB
20260714,ordinary_dynamic_augmentation,Dynamic ERM,cnrs_parent_0020,pattern_1044,monoclinic,1,0.09847442709983645,0.002517382824274662,0,0,0,0,0,0.0002415180206298828,0.00679779052734375,-0.006556272506713867,-0.9997584819793701,-0.9849014282226562,-0.014857053756713867,149C20E32D35565D305B3CCCF3CA981118ECC5BCBBA29B04F99FD7C0CEC4C4FB
20260714,ordinary_dynamic_augmentation,Dynamic ERM,cnrs_parent_0021,pattern_1045,monoclinic,1,0.04684530400631515,0.0013203890316804872,0,0,0,0,0,0.01322174072265625,0.027587890625,-0.01436614990234375,-0.9735946655273438,-0.945068359375,-0.02852630615234375,149C20E32D35565D305B3CCCF3CA981118ECC5BCBBA29B04F99FD7C0CEC4C4FB
20260714,ordinary_dynamic_augmentation,Dynamic ERM,cnrs_parent_0070,pattern_20,orthorhombic,2,0.2736818518532663,0.516423609150577,1,1,0,0,0,2.5331974029541016e-05,2.0265579223632812e-06,2.3305416107177734e-05,-0.9130606055259705,-0.9887675046920776,0.07570689916610718,149C20E32D35565D305B3CCCF3CA981118ECC5BCBBA29B04F99FD7C0CEC4C4FB
20260714,ordinary_dynamic_augmentation,Dynamic ERM,cnrs_parent_0163,pattern_47,orthorhombic,2,0.25572809741714075,0.4050467010879265,1,1,0,0,0,6.341934204101562e-05,0.00012505054473876953,-6.16312026977539e-05,-0.999936580657959,-0.7796601057052612,-0.22027647495269775,149C20E32D35565D305B3CCCF3CA981118ECC5BCBBA29B04F99FD7C0CEC4C4FB
20260714,ordinary_dynamic_augmentation,Dynamic ERM,cnrs_parent_0173,pattern_49,orthorhombic,2,0.0482295311718709,0.2970075852733548,1,1,0,0,0,0.0,0.0,0.0,-0.994140625,-0.658203125,-0.3359375,149C20E32D35565D305B3CCCF3CA981118ECC5BCBBA29B04F99FD7C0CEC4C4FB
20260714,ordinary_dynamic_augmentation,Dynamic ERM,cnrs_parent_0224,pattern_63,orthorhombic,2,0.4301151517291657,0.6412114544680669,1,2,1,1,0,0.978515625,0.01519012451171875,0.9633255004882812,0.9652481079101562,-0.9320755004882812,1.8973236083984375,149C20E32D35565D305B3CCCF3CA981118ECC5BCBBA29B04F99FD7C0CEC4C4FB
20260714,ordinary_dynamic_augmentation,Dynamic ERM,cnrs_parent_0234,pattern_66,orthorhombic,2,0.09413603776914536,0.0540063819960325,0,1,1,0,0,0.0310211181640625,0.038238525390625,-0.0072174072265625,-0.5339202880859375,-0.802093505859375,0.2681732177734375,149C20E32D35565D305B3CCCF3CA981118ECC5BCBBA29B04F99FD7C0CEC4C4FB
20260714,ordinary_dynamic_augmentation,Dynamic ERM,cnrs_parent_0245,pattern_72,orthorhombic,2,0.4452352104602849,0.63667033034917,1,2,1,1,0,0.98046875,0.0025997161865234375,0.9778690338134766,0.960906982421875,-0.9085330963134766,1.8694400787353516,149C20E32D35565D305B3CCCF3CA981118ECC5BCBBA29B04F99FD7C0CEC4C4FB
20260714,ordinary_dynamic_augmentation,Dynamic ERM,cnrs_parent_0293,pattern_89,orthorhombic,2,0.94809958602515,0.6624779794190904,1,1,0,0,0,0.0022449493408203125,1.9073486328125e-06,0.0022430419921875,-0.9826183319091797,-0.9887676239013672,0.0061492919921875,149C20E32D35565D305B3CCCF3CA981118ECC5BCBBA29B04F99FD7C0CEC4C4FB
20260714,ordinary_dynamic_augmentation,Dynamic ERM,cnrs_parent_0025,pattern_106,orthorhombic,2,1.1828380751297667,0.689338007837381,1,1,3,0,0,0.00018155574798583984,0.07159423828125,-0.07141268253326416,-0.9973770380020142,-0.45819091796875,-0.5391861200332642,149C20E32D35565D305B3CCCF3CA981118ECC5BCBBA29B04F99FD7C0CEC4C4FB
20260714,ordinary_dynamic_augmentation,Dynamic ERM,cnrs_parent_0032,pattern_114,orthorhombic,2,0.7432462345108013,0.6918873581987655,1,2,4,1,0,0.986328125,0.00015270709991455078,0.9861754179000854,0.9727935791015625,-0.9866636991500854,1.959457278251648,149C20E32D35565D305B3CCCF3CA981118ECC5BCBBA29B04F99FD7C0CEC4C4FB
20260714,ordinary_dynamic_augmentation,Dynamic ERM,cnrs_parent_0033,pattern_116,orthorhombic,2,0.27973852668170995,0.0034625805007493246,0,1,1,0,0,0.0002009868621826172,4.947185516357422e-06,0.00019603967666625977,-0.9993107318878174,-0.9897411465644836,-0.00956958532333374,149C20E32D35565D305B3CCCF3CA981118ECC5BCBBA29B04F99FD7C0CEC4C4FB
20260714,ordinary_dynamic_augmentation,Dynamic ERM,cnrs_parent_0034,pattern_117,orthorhombic,2,0.21961133312975367,0.6410411212188966,1,2,0,1,0,0.759765625,0.003787994384765625,0.7559776306152344,0.5615234375,-0.9786338806152344,1.5401573181152344,149C20E32D35565D305B3CCCF3CA981118ECC5BCBBA29B04F99FD7C0CEC4C4FB
20260714,ordinary_dynamic_augmentation,Dynamic ERM,cnrs_parent_0037,pattern_123,orthorhombic,2,1.0663002692156245,0.6834921982181004,1,1,3,0,0,9.912252426147461e-05,0.056640625,-0.056541502475738525,-0.9999008774757385,-0.69384765625,-0.3060532212257385,149C20E32D35565D305B3CCCF3CA981118ECC5BCBBA29B04F99FD7C0CEC4C4FB
20260714,ordinary_dynamic_augmentation,Dynamic ERM,cnrs_parent_0043,pattern_131,orthorhombic,2,0.40874906556112167,0.03178704966375087,0,0,0,0,0,2.6226043701171875e-06,6.711483001708984e-05,-6.449222564697266e-05,-0.9096653461456299,-0.9994446039199829,0.08977925777435303,149C20E32D35565D305B3CCCF3CA981118ECC5BCBBA29B04F99FD7C0CEC4C4FB
20260714,ordinary_dynamic_augmentation,Dynamic ERM,cnrs_parent_0044,pattern_132,orthorhombic,2,0.010111169358008931,0.0007699336757405271,0,2,2,1,1,0.99365234375,0.9970703125,-0.00341796875,0.9876518249511719,0.9954109191894531,-0.00775909423828125,149C20E32D35565D305B3CCCF3CA981118ECC5BCBBA29B04F99FD7C0CEC4C4FB
20260714,ordinary_dynamic_augmentation,Dynamic ERM,cnrs_parent_0045,pattern_135,orthorhombic,2,0.2468793963246061,8.103237528832927e-06,0,0,0,0,0,5.185604095458984e-06,0.0,5.185604095458984e-06,-0.9999948143959045,-1.0,5.185604095458984e-06,149C20E32D35565D305B3CCCF3CA981118ECC5BCBBA29B04F99FD7C0CEC4C4FB
20260714,ordinary_dynamic_augmentation,Dynamic ERM,cnrs_parent_0046,pattern_136,orthorhombic,2,0.20089820322425933,0.15361796537084693,0,4,4,0,0,1.6689300537109375e-06,2.0623207092285156e-05,-1.895427703857422e-05,-0.9667952060699463,-0.5136512517929077,-0.4531439542770386,149C20E32D35565D305B3CCCF3CA981118ECC5BCBBA29B04F99FD7C0CEC4C4FB
20260714,ordinary_dynamic_augmentation,Dynamic ERM,cnrs_parent_0048,pattern_148,orthorhombic,2,0.7878080151964926,0.6682782123424895,1,1,3,0,0,0.055389404296875,0.0223846435546875,0.0330047607421875,-0.888946533203125,-0.9502716064453125,0.0613250732421875,149C20E32D35565D305B3CCCF3CA981118ECC5BCBBA29B04F99FD7C0CEC4C4FB
20260714,ordinary_dynamic_augmentation,Dynamic ERM,cnrs_parent_0054,pattern_166,orthorhombic,2,0.09743804777664022,0.5039639690226493,1,1,0,0,0,1.1920928955078125e-07,8.940696716308594e-07,-7.748603820800781e-07,-0.9873045682907104,-0.9091787934303284,-0.07812577486038208,149C20E32D35565D305B3CCCF3CA981118ECC5BCBBA29B04F99FD7C0CEC4C4FB
20260714,ordinary_dynamic_augmentation,Dynamic ERM,cnrs_parent_0055,pattern_167,orthorhombic,2,0.19414347853231784,0.05659037436669967,0,1,1,0,0,0.1510009765625,0.0015439987182617188,0.14945697784423828,-0.6981201171875,-0.9803895950317383,0.2822694778442383,149C20E32D35565D305B3CCCF3CA981118ECC5BCBBA29B04F99FD7C0CEC4C4FB
20260714,ordinary_dynamic_augmentation,Dynamic ERM,cnrs_parent_0059,pattern_174,orthorhombic,2,0.8294630512871185,0.6888702532713488,1,1,2,0,1,0.00031495094299316406,0.95263671875,-0.9523217678070068,-0.9972436428070068,0.90521240234375,-1.9024560451507568,149C20E32D35565D305B3CCCF3CA981118ECC5BCBBA29B04F99FD7C0CEC4C4FB
20260714,ordinary_dynamic_augmentation,Dynamic ERM,cnrs_parent_0064,pattern_188,orthorhombic,2,0.9219967826414404,0.6693224429217906,1,1,4,0,0,2.384185791015625e-07,0.0070648193359375,-0.0070645809173583984,-0.9965817928314209,-0.4538726806640625,-0.5427091121673584,149C20E32D35565D305B3CCCF3CA981118ECC5BCBBA29B04F99FD7C0CEC4C4FB
20260714,ordinary_dynamic_augmentation,Dynamic ERM,cnrs_parent_0076,pattern_212,orthorhombic,2,0.08193804607631161,0.22065334699230343,1,1,2,0,1,0.4462890625,0.97705078125,-0.53076171875,-0.09619140625,0.9622726440429688,-1.0584640502929688,149C20E32D35565D305B3CCCF3CA981118ECC5BCBBA29B04F99FD7C0CEC4C4FB
20260714,ordinary_dynamic_augmentation,Dynamic ERM,cnrs_parent_0078,pattern_220,orthorhombic,2,0.07112477899116454,0.0004971947985392543,0,1,1,0,0,0.00209808349609375,0.0001653432846069336,0.0019327402114868164,-0.9949722290039062,-0.9993463754653931,0.004374146461486816,149C20E32D35565D305B3CCCF3CA981118ECC5BCBBA29B04F99FD7C0CEC4C4FB
20260714,ordinary_dynamic_augmentation,Dynamic ERM,cnrs_parent_0079,pattern_223,orthorhombic,2,0.14416869203023164,0.006776005136376421,0,1,1,0,0,0.0,1.3113021850585938e-06,-1.3113021850585938e-06,-1.0,-0.9804674386978149,-0.01953256130218506,149C20E32D35565D305B3CCCF3CA981118ECC5BCBBA29B04F99FD7C0CEC4C4FB
20260714,ordinary_dynamic_augmentation,Dynamic ERM,cnrs_parent_0082,pattern_227,orthorhombic,2,0.5269056114130513,0.41484073479923766,1,1,0,0,0,0.006000518798828125,0.0007729530334472656,0.005227565765380859,-0.9764213562011719,-0.8019614219665527,-0.17445993423461914,149C20E32D35565D305B3CCCF3CA981118ECC5BCBBA29B04F99FD7C0CEC4C4FB
20260714,ordinary_dynamic_augmentation,Dynamic ERM,cnrs_parent_0086,pattern_238,orthorhombic,2,0.08487484859099681,0.002879235342539526,0,0,0,0,0,0.0037403106689453125,1.1801719665527344e-05,0.003728508949279785,-0.9855175018310547,-0.9990116357803345,0.013494133949279785,149C20E32D35565D305B3CCCF3CA981118ECC5BCBBA29B04F99FD7C0CEC4C4FB
20260714,ordinary_dynamic_augmentation,Dynamic ERM,cnrs_parent_0090,pattern_242,orthorhombic,2,0.020097329911006545,0.005562723016887932,0,0,0,0,0,0.003284454345703125,0.004528045654296875,-0.00124359130859375,-0.9054069519042969,-0.8348274230957031,-0.07057952880859375,149C20E32D35565D305B3CCCF3CA981118ECC5BCBBA29B04F99FD7C0CEC4C4FB
20260714,ordinary_dynamic_augmentation,Dynamic ERM,cnrs_parent_0100,pattern_268,orthorhombic,2,0.49783047435468786,0.27867996678113566,1,2,1,1,0,0.60107421875,1.0132789611816406e-06,0.6010732054710388,0.203857421875,-0.9848622679710388,1.1887196898460388,149C20E32D35565D305B3CCCF3CA981118ECC5BCBBA29B04F99FD7C0CEC4C4FB
20260714,ordinary_dynamic_augmentation,Dynamic ERM,cnrs_parent_0114,pattern_319,orthorhombic,2,0.6424153739393138,0.45492603428797096,1,4,2,0,1,0.156005859375,0.7744140625,-0.618408203125,-0.593994140625,0.5611572265625,-1.1551513671875,149C20E32D35565D305B3CCCF3CA981118ECC5BCBBA29B04F99FD7C0CEC4C4FB
20260714,ordinary_dynamic_augmentation,Dynamic ERM,cnrs_parent_0119,pattern_334,orthorhombic,2,0.466539448414392,0.2164447676644307,0,0,0,0,0,0.297119140625,3.7550926208496094e-06,0.29711538553237915,-0.405029296875,-0.6723595261573792,0.26733022928237915,149C20E32D35565D305B3CCCF3CA981118ECC5BCBBA29B04F99FD7C0CEC4C4FB
20260714,ordinary_dynamic_augmentation,Dynamic ERM,cnrs_parent_0120,pattern_341,orthorhombic,2,0.764407969915182,0.5408872105835437,1,3,0,0,0,0.028778076171875,5.960464477539063e-08,0.028778016567230225,-0.548858642578125,-0.9946288466453552,0.4457702040672302,149C20E32D35565D305B3CCCF3CA981118ECC5BCBBA29B04F99FD7C0CEC4C4FB
20260714,ordinary_dynamic_augmentation,Dynamic ERM,cnrs_parent_0136,pattern_382,orthorhombic,2,0.21732342495941537,0.006675930329509184,0,1,1,0,0,1.6093254089355469e-06,0.0,1.6093254089355469e-06,-0.9809554219245911,-0.99951171875,0.018556296825408936,149C20E32D35565D305B3CCCF3CA981118ECC5BCBBA29B04F99FD7C0CEC4C4FB
20260714,ordinary_dynamic_augmentation,Dynamic ERM,cnrs_parent_0139,pattern_395,orthorhombic,2,0.06311446110416952,0.0009428081826309153,0,1,1,0,0,1.4901161193847656e-06,0.000926971435546875,-0.0009254813194274902,-0.9999985098838806,-0.9956550598144531,-0.00434345006942749,149C20E32D35565D305B3CCCF3CA981118ECC5BCBBA29B04F99FD7C0CEC4C4FB
20260714,ordinary_dynamic_augmentation,Dynamic ERM,cnrs_parent_0150,pattern_427,orthorhombic,2,0.2775528338957516,0.6387819606332857,1,1,0,0,0,5.960464477539062e-07,1.7881393432617188e-07,4.172325134277344e-07,-0.9790033102035522,-0.9990232586860657,0.020019948482513428,149C20E32D35565D305B3CCCF3CA981118ECC5BCBBA29B04F99FD7C0CEC4C4FB
20260714,ordinary_dynamic_augmentation,Dynamic ERM,cnrs_parent_0152,pattern_439,orthorhombic,2,0.2187320643267897,0.04821099781215193,0,1,1,0,0,7.3909759521484375e-06,2.205371856689453e-06,5.185604095458984e-06,-0.9335863590240479,-0.8569313883781433,-0.07665497064590454,149C20E32D35565D305B3CCCF3CA981118ECC5BCBBA29B04F99FD7C0CEC4C4FB
20260714,ordinary_dynamic_augmentation,Dynamic ERM,cnrs_parent_0156,pattern_451,orthorhombic,2,0.4169842700135067,0.16194013139004468,0,1,1,0,0,1.2874603271484375e-05,6.35385513305664e-05,-5.066394805908203e-05,-0.9999871253967285,-0.6039403676986694,-0.3960467576980591,149C20E32D35565D305B3CCCF3CA981118ECC5BCBBA29B04F99FD7C0CEC4C4FB
20260714,ordinary_dynamic_augmentation,Dynamic ERM,cnrs_parent_0164,pattern_470,orthorhombic,2,1.4647240244627198,0.6890562729806655,1,0,3,0,0,0.44775390625,0.0007171630859375,0.4470367431640625,-0.0859375,-0.8996734619140625,0.8137359619140625,149C20E32D35565D305B3CCCF3CA981118ECC5BCBBA29B04F99FD7C0CEC4C4FB
20260714,ordinary_dynamic_augmentation,Dynamic ERM,cnrs_parent_0167,pattern_476,orthorhombic,2,0.11972527039156511,0.5640844737235822,1,4,1,0,0,7.748603820800781e-07,2.384185791015625e-07,5.364418029785156e-07,-0.9580070376396179,-0.9833981990814209,0.02539116144180298,149C20E32D35565D305B3CCCF3CA981118ECC5BCBBA29B04F99FD7C0CEC4C4FB
20260714,ordinary_dynamic_augmentation,Dynamic ERM,cnrs_parent_0168,pattern_479,orthorhombic,2,0.290187427688665,0.6768668523669898,1,1,0,0,0,0.007556915283203125,5.364418029785156e-07,0.0075563788414001465,-0.9821891784667969,-0.998046338558197,0.015857160091400146,149C20E32D35565D305B3CCCF3CA981118ECC5BCBBA29B04F99FD7C0CEC4C4FB
20260714,ordinary_dynamic_augmentation,Dynamic ERM,cnrs_parent_0171,pattern_485,orthorhombic,2,0.3883733218399904,0.01153541456241738,0,2,2,1,1,1.0,0.96728515625,0.03271484375,0.999984622001648,0.941619873046875,0.05836474895477295,149C20E32D35565D305B3CCCF3CA981118ECC5BCBBA29B04F99FD7C0CEC4C4FB
20260714,ordinary_dynamic_augmentation,Dynamic ERM,cnrs_parent_0172,pattern_487,orthorhombic,2,0.15320795168227164,0.03577180442724029,0,1,1,0,0,1.1146068572998047e-05,5.364418029785156e-06,5.781650543212891e-06,-0.999988853931427,-0.9003852605819702,-0.09960359334945679,149C20E32D35565D305B3CCCF3CA981118ECC5BCBBA29B04F99FD7C0CEC4C4FB
20260714,ordinary_dynamic_augmentation,Dynamic ERM,cnrs_parent_0177,pattern_498,orthorhombic,2,0.5069931359142703,0.4443361732711891,1,3,1,0,0,0.0017766952514648438,0.0009446144104003906,0.0008320808410644531,-0.5846490859985352,-0.5102858543395996,-0.07436323165893555,149C20E32D35565D305B3CCCF3CA981118ECC5BCBBA29B04F99FD7C0CEC4C4FB
20260714,ordinary_dynamic_augmentation,Dynamic ERM,cnrs_parent_0184,pattern_532,orthorhombic,2,0.4342016327224386,0.016541135715965022,0,1,1,0,0,0.0004801750183105469,0.0,0.0004801750183105469,-0.8281331062316895,-0.94140625,0.11327314376831055,149C20E32D35565D305B3CCCF3CA981118ECC5BCBBA29B04F99FD7C0CEC4C4FB
20260714,ordinary_dynamic_augmentation,Dynamic ERM,cnrs_parent_0187,pattern_541,orthorhombic,2,0.051942341268678915,0.0,0,1,1,0,0,0.0,0.0,0.0,-1.0,-1.0,0.0,149C20E32D35565D305B3CCCF3CA981118ECC5BCBBA29B04F99FD7C0CEC4C4FB
20260714,ordinary_dynamic_augmentation,Dynamic ERM,cnrs_parent_0192,pattern_553,orthorhombic,2,0.08522699011428958,0.00018154462073118207,0,1,1,0,0,0.0,0.0,0.0,-1.0,-0.99951171875,-0.00048828125,149C20E32D35565D305B3CCCF3CA981118ECC5BCBBA29B04F99FD7C0CEC4C4FB
20260714,ordinary_dynamic_augmentation,Dynamic ERM,cnrs_parent_0194,pattern_559,orthorhombic,2,0.6633770220307724,0.6679615856708633,1,2,0,1,0,1.0,0.0087738037109375,0.9912261962890625,0.9999985694885254,-0.9824371337890625,1.982435703277588,149C20E32D35565D305B3CCCF3CA981118ECC5BCBBA29B04F99FD7C0CEC4C4FB
20260714,ordinary_dynamic_augmentation,Dynamic ERM,cnrs_parent_0197,pattern_566,orthorhombic,2,0.35866808542518325,0.20981856538712867,1,4,1,0,0,0.0648193359375,0.024139404296875,0.040679931640625,-0.8619384765625,-0.438018798828125,-0.423919677734375,149C20E32D35565D305B3CCCF3CA981118ECC5BCBBA29B04F99FD7C0CEC4C4FB
20260714,ordinary_dynamic_augmentation,Dynamic ERM,cnrs_parent_0202,pattern_577,orthorhombic,2,0.004031938265196433,5.673908622457105e-05,0,0,0,0,0,0.0,0.0,0.0,-0.99951171875,-1.0,0.00048828125,149C20E32D35565D305B3CCCF3CA981118ECC5BCBBA29B04F99FD7C0CEC4C4FB
20260714,ordinary_dynamic_augmentation,Dynamic ERM,cnrs_parent_0204,pattern_581,orthorhombic,2,0.13419310548975583,0.08189408457243609,0,1,1,0,0,0.21728515625,9.357929229736328e-06,0.21727579832077026,-0.5654296875,-0.9999906420707703,0.43456095457077026,149C20E32D35565D305B3CCCF3CA981118ECC5BCBBA29B04F99FD7C0CEC4C4FB
20260714,ordinary_dynamic_augmentation,Dynamic ERM,cnrs_parent_0206,pattern_583,orthorhombic,2,0.009700425990041728,0.05270251469369694,0,1,1,0,0,0.259521484375,0.039154052734375,0.220367431640625,-0.479736328125,-0.920318603515625,0.440582275390625,149C20E32D35565D305B3CCCF3CA981118ECC5BCBBA29B04F99FD7C0CEC4C4FB
20260714,ordinary_dynamic_augmentation,Dynamic ERM,cnrs_parent_0227,pattern_634,orthorhombic,2,0.5102012428734006,0.6841334745984669,1,1,0,0,0,0.0,8.046627044677734e-06,-8.046627044677734e-06,-0.99462890625,-0.9990153908729553,0.004386484622955322,149C20E32D35565D305B3CCCF3CA981118ECC5BCBBA29B04F99FD7C0CEC4C4FB
20260714,ordinary_dynamic_augmentation,Dynamic ERM,cnrs_parent_0230,pattern_646,orthorhombic,2,0.5960056255048414,0.3674165206086757,1,2,1,1,0,0.69482421875,0.0,0.69482421875,0.43408203125,-0.9970703125,1.43115234375,149C20E32D35565D305B3CCCF3CA981118ECC5BCBBA29B04F99FD7C0CEC4C4FB
20260714,ordinary_dynamic_augmentation,Dynamic ERM,cnrs_parent_0235,pattern_660,orthorhombic,2,0.2244013251700656,0.070239121833677,0,2,2,1,1,0.99609375,0.81201171875,0.18408203125,0.9922695159912109,0.6243896484375,0.36787986755371094,149C20E32D35565D305B3CCCF3CA981118ECC5BCBBA29B04F99FD7C0CEC4C4FB
20260714,ordinary_dynamic_augmentation,Dynamic ERM,cnrs_parent_0242,pattern_697,orthorhombic,2,0.07014195634259701,0.002998039065761712,0,0,0,0,0,0.0002865791320800781,1.3649463653564453e-05,0.00027292966842651367,-0.9093813896179199,-0.9487168192863464,0.039335429668426514,149C20E32D35565D305B3CCCF3CA981118ECC5BCBBA29B04F99FD7C0CEC4C4FB
20260714,ordinary_dynamic_augmentation,Dynamic ERM,cnrs_parent_0256,pattern_760,orthorhombic,2,1.320609619691285,0.6908131247845916,1,0,3,0,0,6.669759750366211e-05,0.0020599365234375,-0.001993238925933838,-0.7201481461524963,-0.6624908447265625,-0.05765730142593384,149C20E32D35565D305B3CCCF3CA981118ECC5BCBBA29B04F99FD7C0CEC4C4FB
20260714,ordinary_dynamic_augmentation,Dynamic ERM,cnrs_parent_0261,pattern_781,orthorhombic,2,0.47051516091370127,0.6925311823657901,1,1,0,0,0,0.06341552734375,1.0728836059570312e-06,0.06341445446014404,-0.87213134765625,-0.999998927116394,0.12786757946014404,149C20E32D35565D305B3CCCF3CA981118ECC5BCBBA29B04F99FD7C0CEC4C4FB
20260714,ordinary_dynamic_augmentation,Dynamic ERM,cnrs_parent_0262,pattern_784,orthorhombic,2,0.47482837302844794,0.6837882051448014,1,2,0,1,0,0.98974609375,3.2186508178710938e-06,0.9897428750991821,0.9841957092285156,-0.9609342813491821,1.9451299905776978,149C20E32D35565D305B3CCCF3CA981118ECC5BCBBA29B04F99FD7C0CEC4C4FB
20260714,ordinary_dynamic_augmentation,Dynamic ERM,cnrs_parent_0267,pattern_800,orthorhombic,2,0.11425973668864298,0.00169541499603283,0,1,1,0,0,0.0025615692138671875,9.953975677490234e-05,0.002462029457092285,-0.9910907745361328,-0.9994121789932251,0.008321404457092285,149C20E32D35565D305B3CCCF3CA981118ECC5BCBBA29B04F99FD7C0CEC4C4FB
20260714,ordinary_dynamic_augmentation,Dynamic ERM,cnrs_parent_0281,pattern_845,orthorhombic,2,0.34137114659814893,0.532088188166693,1,1,0,0,0,0.0689697265625,0.01031494140625,0.05865478515625,-0.6864013671875,-0.91497802734375,0.22857666015625,149C20E32D35565D305B3CCCF3CA981118ECC5BCBBA29B04F99FD7C0CEC4C4FB
20260714,ordinary_dynamic_augmentation,Dynamic ERM,cnrs_parent_0283,pattern_855,orthorhombic,2,0.5086415485472567,0.5054439116334151,1,3,5,0,0,0.0002551078796386719,0.0201873779296875,-0.019932270050048828,-0.9992566108703613,-0.3308868408203125,-0.6683697700500488,149C20E32D35565D305B3CCCF3CA981118ECC5BCBBA29B04F99FD7C0CEC4C4FB
20260714,ordinary_dynamic_augmentation,Dynamic ERM,cnrs_parent_0286,pattern_861,orthorhombic,2,0.05784221065603101,0.07379116027464959,1,1,0,0,0,0.0035266876220703125,0.04693603515625,-0.04340934753417969,-0.8084850311279297,-0.44964599609375,-0.3588390350341797,149C20E32D35565D305B3CCCF3CA981118ECC5BCBBA29B04F99FD7C0CEC4C4FB
20260714,ordinary_dynamic_augmentation,Dynamic ERM,cnrs_parent_0287,pattern_868,orthorhombic,2,0.2321540544040105,0.08781212191623619,0,0,0,0,0,0.2264404296875,0.005218505859375,0.221221923828125,-0.5128173828125,-0.988922119140625,0.476104736328125,149C20E32D35565D305B3CCCF3CA981118ECC5BCBBA29B04F99FD7C0CEC4C4FB
20260714,ordinary_dynamic_augmentation,Dynamic ERM,cnrs_parent_0299,pattern_908,orthorhombic,2,0.5289775074835544,0.6557475440196543,1,1,3,0,0,0.0379638671875,0.0095977783203125,0.0283660888671875,-0.9151611328125,-0.9806365966796875,0.0654754638671875,149C20E32D35565D305B3CCCF3CA981118ECC5BCBBA29B04F99FD7C0CEC4C4FB
20260714,ordinary_dynamic_augmentation,Dynamic ERM,cnrs_parent_0307,pattern_939,orthorhombic,2,0.6546981234895699,0.02915373559852416,0,1,1,0,0,0.08148193359375,0.0,0.08148193359375,-0.83697509765625,-1.0,0.16302490234375,149C20E32D35565D305B3CCCF3CA981118ECC5BCBBA29B04F99FD7C0CEC4C4FB
20260714,ordinary_dynamic_augmentation,Dynamic ERM,cnrs_parent_0310,pattern_950,orthorhombic,2,0.6598631101915273,0.20595644203094132,0,4,4,0,0,0.0029449462890625,0.00012922286987304688,0.002815723419189453,-0.9291839599609375,-0.529655933380127,-0.39952802658081055,149C20E32D35565D305B3CCCF3CA981118ECC5BCBBA29B04F99FD7C0CEC4C4FB
20260714,ordinary_dynamic_augmentation,Dynamic ERM,cnrs_parent_0312,pattern_958,orthorhombic,2,0.21673012879320652,0.0012452086640559897,0,1,1,0,0,0.009490966796875,0.006282806396484375,0.003208160400390625,-0.976348876953125,-0.9863929748535156,0.010044097900390625,149C20E32D35565D305B3CCCF3CA981118ECC5BCBBA29B04F99FD7C0CEC4C4FB
20260714,ordinary_dynamic_augmentation,Dynamic ERM,cnrs_parent_0318,pattern_972,orthorhombic,2,0.07485912480685453,0.07587199571463013,0,0,0,0,0,0.0,0.0,0.0,-0.796875,-1.0,0.203125,149C20E32D35565D305B3CCCF3CA981118ECC5BCBBA29B04F99FD7C0CEC4C4FB
20260714,ordinary_dynamic_augmentation,Dynamic ERM,cnrs_parent_0002,pattern_1010,orthorhombic,2,0.5951000662090542,0.6425468101980158,1,4,0,0,0,0.04547119140625,0.0014486312866210938,0.044022560119628906,-0.76654052734375,-0.9756021499633789,0.2090616226196289,149C20E32D35565D305B3CCCF3CA981118ECC5BCBBA29B04F99FD7C0CEC4C4FB
20260714,ordinary_dynamic_augmentation,Dynamic ERM,cnrs_parent_0003,pattern_1013,orthorhombic,2,0.23607399728700984,0.0006261163330106582,0,1,1,0,0,0.0011739730834960938,5.346536636352539e-05,0.0011205077171325684,-0.9978494644165039,-0.9989699721336365,0.0011205077171325684,149C20E32D35565D305B3CCCF3CA981118ECC5BCBBA29B04F99FD7C0CEC4C4FB
20260714,ordinary_dynamic_augmentation,Dynamic ERM,cnrs_parent_0004,pattern_1018,orthorhombic,2,0.8953919196143934,0.6925987687276249,1,1,4,0,0,0.0002732276916503906,0.00036978721618652344,-9.655952453613281e-05,-0.9972853660583496,-0.9444544315338135,-0.05283093452453613,149C20E32D35565D305B3CCCF3CA981118ECC5BCBBA29B04F99FD7C0CEC4C4FB
20260714,ordinary_dynamic_augmentation,Dynamic ERM,cnrs_parent_0009,pattern_1024,orthorhombic,2,0.3142781711372957,0.591625189892343,1,1,0,0,0,0.0010309219360351562,1.8477439880371094e-06,0.0010290741920471191,-0.6059026718139648,-0.977048933506012,0.3711462616920471,149C20E32D35565D305B3CCCF3CA981118ECC5BCBBA29B04F99FD7C0CEC4C4FB
20260714,ordinary_dynamic_augmentation,Dynamic ERM,cnrs_parent_0010,pattern_1028,orthorhombic,2,0.15232150498540398,0.36263467153465867,1,1,0,0,0,1.1920928955078125e-07,0.0,1.1920928955078125e-07,-0.7280272245407104,-1.0,0.27197277545928955,149C20E32D35565D305B3CCCF3CA981118ECC5BCBBA29B04F99FD7C0CEC4C4FB
20260714,ordinary_dynamic_augmentation,Dynamic ERM,cnrs_parent_0013,pattern_1032,orthorhombic,2,0.02636427632911842,6.434310618754906e-06,0,1,1,0,0,9.5367431640625e-07,2.3066997528076172e-05,-2.2113323211669922e-05,-0.9999990463256836,-0.9999769330024719,-2.2113323211669922e-05,149C20E32D35565D305B3CCCF3CA981118ECC5BCBBA29B04F99FD7C0CEC4C4FB
20260714,ordinary_dynamic_augmentation,Dynamic ERM,cnrs_parent_0016,pattern_1038,orthorhombic,2,0.12371850341973534,0.46743461106145756,1,4,1,0,0,2.980232238769531e-07,1.7881393432617188e-06,-1.4901161193847656e-06,-0.9804684519767761,-0.8896466493606567,-0.09082180261611938,149C20E32D35565D305B3CCCF3CA981118ECC5BCBBA29B04F99FD7C0CEC4C4FB
20260714,ordinary_dynamic_augmentation,Dynamic ERM,cnrs_parent_0017,pattern_1039,orthorhombic,2,0.13790168084165122,0.5683939346869957,1,1,0,0,0,0.01271820068359375,0.007038116455078125,0.005680084228515625,-0.9628677368164062,-0.9441337585449219,-0.018733978271484375,149C20E32D35565D305B3CCCF3CA981118ECC5BCBBA29B04F99FD7C0CEC4C4FB
20260714,ordinary_dynamic_augmentation,Dynamic ERM,cnrs_parent_0018,pattern_1040,orthorhombic,2,0.7591791570307346,0.5910820210566697,1,1,3,0,0,0.339111328125,0.06695556640625,0.27215576171875,-0.314697265625,-0.64349365234375,0.32879638671875,149C20E32D35565D305B3CCCF3CA981118ECC5BCBBA29B04F99FD7C0CEC4C4FB
20260714,ordinary_dynamic_augmentation,Dynamic ERM,cnrs_parent_0019,pattern_1043,orthorhombic,2,0.0116781140133142,0.0010708262898495215,0,2,2,1,1,0.810546875,0.84521484375,-0.03466796875,0.629638671875,0.6983642578125,-0.0687255859375,149C20E32D35565D305B3CCCF3CA981118ECC5BCBBA29B04F99FD7C0CEC4C4FB
20260714,ordinary_dynamic_augmentation,Dynamic ERM,cnrs_parent_0133,pattern_37,tetragonal,3,0.8427482587158404,0.6595728717270037,1,4,0,0,0,0.04034423828125,6.097555160522461e-05,0.040283262729644775,-0.91815185546875,-0.7924194931983948,-0.12573236227035522,149C20E32D35565D305B3CCCF3CA981118ECC5BCBBA29B04F99FD7C0CEC4C4FB
20260714,ordinary_dynamic_augmentation,Dynamic ERM,cnrs_parent_0203,pattern_58,tetragonal,3,0.48122851890184537,0.2536519831285374,1,3,1,1,0,0.5537109375,9.000301361083984e-06,0.5537019371986389,0.119140625,-0.9868074059486389,1.105948030948639,149C20E32D35565D305B3CCCF3CA981118ECC5BCBBA29B04F99FD7C0CEC4C4FB
20260714,ordinary_dynamic_augmentation,Dynamic ERM,cnrs_parent_0222,pattern_62,tetragonal,3,0.3494718409009151,0.5093672542294374,1,1,0,0,0,1.1920928955078125e-07,1.0251998901367188e-05,-1.0132789611816406e-05,-0.9985350370407104,-0.7895405292510986,-0.20899450778961182,149C20E32D35565D305B3CCCF3CA981118ECC5BCBBA29B04F99FD7C0CEC4C4FB
20260714,ordinary_dynamic_augmentation,Dynamic ERM,cnrs_parent_0264,pattern_79,tetragonal,3,0.09836192187405268,1.8505206245670401e-07,0,3,3,1,1,1.0,1.0,0.0,0.9999998807907104,0.9999996423721313,2.384185791015625e-07,149C20E32D35565D305B3CCCF3CA981118ECC5BCBBA29B04F99FD7C0CEC4C4FB
20260714,ordinary_dynamic_augmentation,Dynamic ERM,cnrs_parent_0023,pattern_105,tetragonal,3,1.050759760897295,0.6840854983954219,1,3,0,1,0,1.0,0.00255584716796875,0.9974441528320312,0.9999522566795349,-0.44519805908203125,1.4451503157615662,149C20E32D35565D305B3CCCF3CA981118ECC5BCBBA29B04F99FD7C0CEC4C4FB
20260714,ordinary_dynamic_augmentation,Dynamic ERM,cnrs_parent_0038,pattern_124,tetragonal,3,0.5581286903532335,0.6898649875428369,1,4,0,0,0,0.0,0.0,0.0,-0.99755859375,-0.9970703125,-0.00048828125,149C20E32D35565D305B3CCCF3CA981118ECC5BCBBA29B04F99FD7C0CEC4C4FB
20260714,ordinary_dynamic_augmentation,Dynamic ERM,cnrs_parent_0052,pattern_156,tetragonal,3,0.844638956501059,0.6893091530704685,1,2,0,0,0,4.57763671875e-05,0.0,4.57763671875e-05,-0.9975128173828125,-0.9775390625,-0.0199737548828125,149C20E32D35565D305B3CCCF3CA981118ECC5BCBBA29B04F99FD7C0CEC4C4FB
20260714,ordinary_dynamic_augmentation,Dynamic ERM,cnrs_parent_0071,pattern_203,tetragonal,3,0.7151631619710459,0.6904245593001751,1,3,1,1,0,1.0,0.0006384849548339844,0.999361515045166,0.9999706745147705,-0.980806827545166,1.9807775020599365,149C20E32D35565D305B3CCCF3CA981118ECC5BCBBA29B04F99FD7C0CEC4C4FB
20260714,ordinary_dynamic_augmentation,Dynamic ERM,cnrs_parent_0103,pattern_274,tetragonal,3,0.3112229744741192,0.06872184726307204,0,1,1,0,0,0.0006618499755859375,0.0042266845703125,-0.0035648345947265625,-0.7395725250244141,-0.9362030029296875,0.19663047790527344,149C20E32D35565D305B3CCCF3CA981118ECC5BCBBA29B04F99FD7C0CEC4C4FB
20260714,ordinary_dynamic_augmentation,Dynamic ERM,cnrs_parent_0104,pattern_278,tetragonal,3,0.2862416043613385,0.3648370574162037,1,2,0,0,0,0.00824737548828125,5.4001808166503906e-05,0.008193373680114746,-0.7012252807617188,-0.6591256856918335,-0.042099595069885254,149C20E32D35565D305B3CCCF3CA981118ECC5BCBBA29B04F99FD7C0CEC4C4FB
20260714,ordinary_dynamic_augmentation,Dynamic ERM,cnrs_parent_0106,pattern_283,tetragonal,3,0.034493396348892924,0.057465388674257344,0,0,0,0,0,9.995698928833008e-05,1.9848346710205078e-05,8.0108642578125e-05,-0.8656226992607117,-0.5737106204032898,-0.2919120788574219,149C20E32D35565D305B3CCCF3CA981118ECC5BCBBA29B04F99FD7C0CEC4C4FB
20260714,ordinary_dynamic_augmentation,Dynamic ERM,cnrs_parent_0107,pattern_288,tetragonal,3,0.43816893957348824,0.1765617645089783,0,1,1,0,0,0.0079803466796875,0.0,0.0079803466796875,-0.9446563720703125,-0.525390625,-0.4192657470703125,149C20E32D35565D305B3CCCF3CA981118ECC5BCBBA29B04F99FD7C0CEC4C4FB
20260714,ordinary_dynamic_augmentation,Dynamic ERM,cnrs_parent_0108,pattern_294,tetragonal,3,1.3748578778980227,0.6931347564735615,1,4,0,0,0,6.556510925292969e-07,3.2782554626464844e-06,-2.6226043701171875e-06,-0.9975579380989075,-0.7851529717445374,-0.21240496635437012,149C20E32D35565D305B3CCCF3CA981118ECC5BCBBA29B04F99FD7C0CEC4C4FB
20260714,ordinary_dynamic_augmentation,Dynamic ERM,cnrs_parent_0117,pattern_324,tetragonal,3,0.3072650883641975,0.0007108036357317468,0,3,3,1,1,1.0,0.998046875,0.001953125,0.9999974966049194,0.9963197708129883,0.0036777257919311523,149C20E32D35565D305B3CCCF3CA981118ECC5BCBBA29B04F99FD7C0CEC4C4FB
20260714,ordinary_dynamic_augmentation,Dynamic ERM,cnrs_parent_0118,pattern_327,tetragonal,3,0.8214475230652056,0.6868693446305308,1,3,1,1,0,0.763671875,0.00031757354736328125,0.7633543014526367,0.5335693359375,-0.6544675827026367,1.1880369186401367,149C20E32D35565D305B3CCCF3CA981118ECC5BCBBA29B04F99FD7C0CEC4C4FB
20260714,ordinary_dynamic_augmentation,Dynamic ERM,cnrs_parent_0144,pattern_409,tetragonal,3,1.0656814527335563,0.6886549027117419,1,3,1,1,0,0.91650390625,0.0,0.91650390625,0.85882568359375,-1.0,1.85882568359375,149C20E32D35565D305B3CCCF3CA981118ECC5BCBBA29B04F99FD7C0CEC4C4FB
20260714,ordinary_dynamic_augmentation,Dynamic ERM,cnrs_parent_0155,pattern_448,tetragonal,3,0.44412475595384615,0.21718882076636392,0,3,3,1,1,0.99609375,0.485595703125,0.510498046875,0.9937000274658203,0.095458984375,0.8982410430908203,149C20E32D35565D305B3CCCF3CA981118ECC5BCBBA29B04F99FD7C0CEC4C4FB
20260714,ordinary_dynamic_augmentation,Dynamic ERM,cnrs_parent_0166,pattern_475,tetragonal,3,0.2081934362955391,0.2038096452458894,1,2,1,0,0,0.0001819133758544922,0.002712249755859375,-0.002530336380004883,-0.5584118366241455,-0.7795143127441406,0.22110247611999512,149C20E32D35565D305B3CCCF3CA981118ECC5BCBBA29B04F99FD7C0CEC4C4FB
20260714,ordinary_dynamic_augmentation,Dynamic ERM,cnrs_parent_0185,pattern_533,tetragonal,3,1.0613278599437725,0.6674648125443194,1,1,0,0,0,0.0023136138916015625,0.0,0.0023136138916015625,-0.9874324798583984,-0.93798828125,-0.04944419860839844,149C20E32D35565D305B3CCCF3CA981118ECC5BCBBA29B04F99FD7C0CEC4C4FB
20260714,ordinary_dynamic_augmentation,Dynamic ERM,cnrs_parent_0201,pattern_576,tetragonal,3,0.24363293358436522,0.057774987617196474,0,1,1,0,0,0.0005359649658203125,0.0005574226379394531,-2.1457672119140625e-05,-0.8017101287841797,-0.9803996086120605,0.17868947982788086,149C20E32D35565D305B3CCCF3CA981118ECC5BCBBA29B04F99FD7C0CEC4C4FB
20260714,ordinary_dynamic_augmentation,Dynamic ERM,cnrs_parent_0215,pattern_606,tetragonal,3,0.10829319202400611,0.04615123827057262,0,1,1,0,0,4.947185516357422e-06,9.179115295410156e-06,-4.231929779052734e-06,-0.9033153653144836,-0.8281158208847046,-0.07519954442977905,149C20E32D35565D305B3CCCF3CA981118ECC5BCBBA29B04F99FD7C0CEC4C4FB
20260714,ordinary_dynamic_augmentation,Dynamic ERM,cnrs_parent_0218,pattern_615,tetragonal,3,0.1807449000341289,0.3319605036191177,1,2,1,0,0,0.00018835067749023438,0.00014317035675048828,4.5180320739746094e-05,-0.7180733680725098,-0.9686068296432495,0.25053346157073975,149C20E32D35565D305B3CCCF3CA981118ECC5BCBBA29B04F99FD7C0CEC4C4FB
20260714,ordinary_dynamic_augmentation,Dynamic ERM,cnrs_parent_0225,pattern_631,tetragonal,3,0.697485455321669,0.5563068255866271,1,2,1,0,0,0.00021064281463623047,1.0132789611816406e-06,0.00020962953567504883,-0.9011565446853638,-0.6791982054710388,-0.22195833921432495,149C20E32D35565D305B3CCCF3CA981118ECC5BCBBA29B04F99FD7C0CEC4C4FB
20260714,ordinary_dynamic_augmentation,Dynamic ERM,cnrs_parent_0226,pattern_633,tetragonal,3,0.29982983576253086,0.045612054401050456,0,3,3,1,1,0.88427734375,0.9619140625,-0.07763671875,0.77227783203125,0.927337646484375,-0.155059814453125,149C20E32D35565D305B3CCCF3CA981118ECC5BCBBA29B04F99FD7C0CEC4C4FB
20260714,ordinary_dynamic_augmentation,Dynamic ERM,cnrs_parent_0228,pattern_638,tetragonal,3,0.349821787873844,0.013043456264516834,0,1,1,0,0,0.03857421875,0.066650390625,-0.028076171875,-0.892578125,-0.864013671875,-0.028564453125,149C20E32D35565D305B3CCCF3CA981118ECC5BCBBA29B04F99FD7C0CEC4C4FB
20260714,ordinary_dynamic_augmentation,Dynamic ERM,cnrs_parent_0231,pattern_648,tetragonal,3,0.7675267432808085,0.6918906197841505,1,4,0,0,0,1.138448715209961e-05,2.372264862060547e-05,-1.233816146850586e-05,-0.9999886155128479,-0.9921637773513794,-0.007824838161468506,149C20E32D35565D305B3CCCF3CA981118ECC5BCBBA29B04F99FD7C0CEC4C4FB
20260714,ordinary_dynamic_augmentation,Dynamic ERM,cnrs_parent_0239,pattern_682,tetragonal,3,0.7038714925035012,0.09230701285576379,0,1,1,0,0,0.003063201904296875,3.039836883544922e-06,0.00306016206741333,-0.9398078918457031,-0.7988250851631165,-0.14098280668258667,149C20E32D35565D305B3CCCF3CA981118ECC5BCBBA29B04F99FD7C0CEC4C4FB
20260714,ordinary_dynamic_augmentation,Dynamic ERM,cnrs_parent_0247,pattern_724,tetragonal,3,0.18015176810661504,0.00056559505035388,0,3,3,1,1,0.99853515625,0.99951171875,-0.0009765625,0.997157096862793,0.9993129968643188,-0.002155900001525879,149C20E32D35565D305B3CCCF3CA981118ECC5BCBBA29B04F99FD7C0CEC4C4FB
20260714,ordinary_dynamic_augmentation,Dynamic ERM,cnrs_parent_0250,pattern_744,tetragonal,3,0.35295841792049065,0.12606853636597945,0,1,1,0,0,0.12225341796875,4.172325134277344e-07,0.12225300073623657,-0.52667236328125,-0.9921870827674866,0.4655147194862366,149C20E32D35565D305B3CCCF3CA981118ECC5BCBBA29B04F99FD7C0CEC4C4FB
20260714,ordinary_dynamic_augmentation,Dynamic ERM,cnrs_parent_0252,pattern_751,tetragonal,3,0.8972677489127534,0.693114818002641,1,6,3,0,1,0.0,0.98681640625,-0.98681640625,-1.0,0.9785385131835938,-1.9785385131835938,149C20E32D35565D305B3CCCF3CA981118ECC5BCBBA29B04F99FD7C0CEC4C4FB
20260714,ordinary_dynamic_augmentation,Dynamic ERM,cnrs_parent_0258,pattern_772,tetragonal,3,0.2634516842962331,0.5524516205460827,1,2,1,0,0,0.0004825592041015625,3.337860107421875e-06,0.0004792213439941406,-0.9316463470458984,-0.9711880683898926,0.03954172134399414,149C20E32D35565D305B3CCCF3CA981118ECC5BCBBA29B04F99FD7C0CEC4C4FB
20260714,ordinary_dynamic_augmentation,Dynamic ERM,cnrs_parent_0263,pattern_785,tetragonal,3,0.6052687321357015,0.511400302013827,1,2,1,0,0,0.0003540515899658203,5.960464477539063e-08,0.0003539919853210449,-0.8712279796600342,-0.7944335341453552,-0.07679444551467896,149C20E32D35565D305B3CCCF3CA981118ECC5BCBBA29B04F99FD7C0CEC4C4FB
20260714,ordinary_dynamic_augmentation,Dynamic ERM,cnrs_parent_0275,pattern_837,tetragonal,3,0.4003165754866076,0.27685353382869504,1,3,4,1,0,0.978515625,0.373046875,0.60546875,0.9647750854492188,-0.1328125,1.0975875854492188,149C20E32D35565D305B3CCCF3CA981118ECC5BCBBA29B04F99FD7C0CEC4C4FB
20260714,ordinary_dynamic_augmentation,Dynamic ERM,cnrs_parent_0279,pattern_841,tetragonal,3,0.4281588005274055,0.03989192945478252,0,1,1,0,0,0.0268707275390625,5.960464477539063e-08,0.026870667934417725,-0.7978363037109375,-0.9677733778953552,0.16993707418441772,149C20E32D35565D305B3CCCF3CA981118ECC5BCBBA29B04F99FD7C0CEC4C4FB
20260714,ordinary_dynamic_augmentation,Dynamic ERM,cnrs_parent_0280,pattern_844,tetragonal,3,0.6879596965289787,0.6909989836652761,1,2,1,0,0,1.7285346984863281e-06,0.0,1.7285346984863281e-06,-0.9995099902153015,-0.74462890625,-0.2548810839653015,149C20E32D35565D305B3CCCF3CA981118ECC5BCBBA29B04F99FD7C0CEC4C4FB
20260714,ordinary_dynamic_augmentation,Dynamic ERM,cnrs_parent_0304,pattern_928,tetragonal,3,0.6618809201275082,0.6687969670685425,1,2,1,0,0,3.993511199951172e-06,0.0,3.993511199951172e-06,-0.9897421002388,-0.61865234375,-0.37108975648880005,149C20E32D35565D305B3CCCF3CA981118ECC5BCBBA29B04F99FD7C0CEC4C4FB
20260714,ordinary_dynamic_augmentation,Dynamic ERM,cnrs_parent_0315,pattern_963,tetragonal,3,0.6862611846655848,0.5741854966758877,1,3,1,1,0,0.8701171875,3.5762786865234375e-07,0.8701168298721313,0.816253662109375,-0.7446285486221313,1.5608822107315063,149C20E32D35565D305B3CCCF3CA981118ECC5BCBBA29B04F99FD7C0CEC4C4FB
20260714,ordinary_dynamic_augmentation,Dynamic ERM,cnrs_parent_0317,pattern_966,tetragonal,3,0.7760244696931571,0.6850863275636461,1,2,1,0,0,0.000972747802734375,1.1920928955078125e-07,0.0009726285934448242,-0.9970741271972656,-0.7216795682907104,-0.2753945589065552,149C20E32D35565D305B3CCCF3CA981118ECC5BCBBA29B04F99FD7C0CEC4C4FB
20260714,ordinary_dynamic_augmentation,Dynamic ERM,cnrs_parent_0319,pattern_975,tetragonal,3,0.20108875668714987,0.0007802962293659526,0,1,1,0,0,0.0,5.960464477539063e-08,-5.960464477539063e-08,-0.99072265625,-0.9853515028953552,-0.005371153354644775,149C20E32D35565D305B3CCCF3CA981118ECC5BCBBA29B04F99FD7C0CEC4C4FB
20260714,ordinary_dynamic_augmentation,Dynamic ERM,cnrs_parent_0006,pattern_1020,tetragonal,3,0.577745892497142,0.6624719076882233,1,2,1,0,0,0.0002073049545288086,7.748603820800781e-06,0.0001995563507080078,-0.9880739450454712,-0.9404219388961792,-0.04765200614929199,149C20E32D35565D305B3CCCF3CA981118ECC5BCBBA29B04F99FD7C0CEC4C4FB
20260714,ordinary_dynamic_augmentation,Dynamic ERM,cnrs_parent_0022,pattern_1049,tetragonal,3,0.10661774051211637,0.01186506408818195,0,4,4,0,0,0.04498291015625,0.0029582977294921875,0.04202461242675781,-0.90960693359375,-0.9926471710205078,0.08304023742675781,149C20E32D35565D305B3CCCF3CA981118ECC5BCBBA29B04F99FD7C0CEC4C4FB
20260714,ordinary_dynamic_augmentation,Dynamic ERM,cnrs_parent_0075,pattern_21,trigonal,4,0.5535413268320419,0.17040656472718577,0,1,1,0,0,0.01262664794921875,4.410743713378906e-06,0.012622237205505371,-0.9746780395507812,-0.5927690267562866,-0.38190901279449463,149C20E32D35565D305B3CCCF3CA981118ECC5BCBBA29B04F99FD7C0CEC4C4FB
20260714,ordinary_dynamic_augmentation,Dynamic ERM,cnrs_parent_0309,pattern_95,trigonal,4,0.48641764048717095,0.02624691979195722,0,1,1,0,0,0.0211181640625,1.4722347259521484e-05,0.02110344171524048,-0.9578857421875,-0.9457860589027405,-0.012099683284759521,149C20E32D35565D305B3CCCF3CA981118ECC5BCBBA29B04F99FD7C0CEC4C4FB
20260714,ordinary_dynamic_augmentation,Dynamic ERM,cnrs_parent_0026,pattern_107,trigonal,4,1.383719004815503,0.6900541247246167,1,4,0,1,0,0.89453125,2.2649765014648438e-06,0.8945289850234985,0.82110595703125,-0.9980446100234985,1.8191505670547485,149C20E32D35565D305B3CCCF3CA981118ECC5BCBBA29B04F99FD7C0CEC4C4FB
20260714,ordinary_dynamic_augmentation,Dynamic ERM,cnrs_parent_0041,pattern_127,trigonal,4,0.7501701288328841,0.6134834033328855,1,4,1,1,0,0.95458984375,0.0,0.95458984375,0.917724609375,-1.0,1.917724609375,149C20E32D35565D305B3CCCF3CA981118ECC5BCBBA29B04F99FD7C0CEC4C4FB
20260714,ordinary_dynamic_augmentation,Dynamic ERM,cnrs_parent_0047,pattern_142,trigonal,4,0.17246804987851194,0.6621027030127813,1,5,1,0,0,0.09942626953125,0.0052947998046875,0.0941314697265625,-0.37689208984375,-0.9844512939453125,0.6075592041015625,149C20E32D35565D305B3CCCF3CA981118ECC5BCBBA29B04F99FD7C0CEC4C4FB
20260714,ordinary_dynamic_augmentation,Dynamic ERM,cnrs_parent_0050,pattern_150,trigonal,4,1.0360658658904445,0.3378686709017095,1,4,0,1,0,0.99267578125,0.3056640625,0.68701171875,0.9856948852539062,-0.3857421875,1.3714370727539062,149C20E32D35565D305B3CCCF3CA981118ECC5BCBBA29B04F99FD7C0CEC4C4FB
20260714,ordinary_dynamic_augmentation,Dynamic ERM,cnrs_parent_0058,pattern_171,trigonal,4,0.40968984953959475,0.6511544097812871,1,1,0,0,0,0.0,4.172325134277344e-07,-4.172325134277344e-07,-1.0,-0.9833980202674866,-0.016601979732513428,149C20E32D35565D305B3CCCF3CA981118ECC5BCBBA29B04F99FD7C0CEC4C4FB
20260714,ordinary_dynamic_augmentation,Dynamic ERM,cnrs_parent_0068,pattern_194,trigonal,4,0.35275920175958686,0.04577655724841586,0,1,1,0,0,1.7881393432617188e-07,2.384185791015625e-07,-5.960464477539063e-08,-0.9999998211860657,-0.8740231990814209,-0.12597662210464478,149C20E32D35565D305B3CCCF3CA981118ECC5BCBBA29B04F99FD7C0CEC4C4FB
20260714,ordinary_dynamic_augmentation,Dynamic ERM,cnrs_parent_0112,pattern_308,trigonal,4,0.29722928671809223,0.017134477735314558,0,1,1,0,0,0.04937744140625,0.0016689300537109375,0.04770851135253906,-0.89202880859375,-0.9934482574462891,0.10141944885253906,149C20E32D35565D305B3CCCF3CA981118ECC5BCBBA29B04F99FD7C0CEC4C4FB
20260714,ordinary_dynamic_augmentation,Dynamic ERM,cnrs_parent_0116,pattern_323,trigonal,4,0.7282648464163815,0.23154092900210937,0,4,4,1,1,1.0,0.4716796875,0.5283203125,0.9998396635055542,0.038818359375,0.9610213041305542,149C20E32D35565D305B3CCCF3CA981118ECC5BCBBA29B04F99FD7C0CEC4C4FB
20260714,ordinary_dynamic_augmentation,Dynamic ERM,cnrs_parent_0125,pattern_354,trigonal,4,0.6829073132572563,0.6858449717248709,1,1,0,0,0,1.3053417205810547e-05,0.0010328292846679688,-0.0010197758674621582,-0.9990103840827942,-0.997014045715332,-0.001996338367462158,149C20E32D35565D305B3CCCF3CA981118ECC5BCBBA29B04F99FD7C0CEC4C4FB
20260714,ordinary_dynamic_augmentation,Dynamic ERM,cnrs_parent_0126,pattern_357,trigonal,4,0.6912118078872094,0.6328798002838811,1,1,4,0,1,7.444620132446289e-05,0.72607421875,-0.7259997725486755,-0.9916247725486755,0.576171875,-1.5677966475486755,149C20E32D35565D305B3CCCF3CA981118ECC5BCBBA29B04F99FD7C0CEC4C4FB
20260714,ordinary_dynamic_augmentation,Dynamic ERM,cnrs_parent_0141,pattern_398,trigonal,4,0.6369504451603671,0.5864049025240918,1,4,2,1,0,0.57861328125,0.0008521080017089844,0.577761173248291,0.15869140625,-0.839968204498291,0.998659610748291,149C20E32D35565D305B3CCCF3CA981118ECC5BCBBA29B04F99FD7C0CEC4C4FB
20260714,ordinary_dynamic_augmentation,Dynamic ERM,cnrs_parent_0145,pattern_413,trigonal,4,0.4130611649211062,0.2920511765667621,1,4,1,1,0,0.6259765625,5.960464477539063e-08,0.6259765028953552,0.252197265625,-0.9936522841453552,1.2458495497703552,149C20E32D35565D305B3CCCF3CA981118ECC5BCBBA29B04F99FD7C0CEC4C4FB
20260714,ordinary_dynamic_augmentation,Dynamic ERM,cnrs_parent_0146,pattern_415,trigonal,4,0.33532736659810924,0.055303872299350194,0,1,1,0,0,0.036895751953125,0.2216796875,-0.184783935546875,-0.810272216796875,-0.4560546875,-0.354217529296875,149C20E32D35565D305B3CCCF3CA981118ECC5BCBBA29B04F99FD7C0CEC4C4FB
20260714,ordinary_dynamic_augmentation,Dynamic ERM,cnrs_parent_0157,pattern_452,trigonal,4,0.3462391902896108,0.001688630396661648,0,1,1,0,0,2.1576881408691406e-05,2.980232238769531e-07,2.1278858184814453e-05,-0.9999784231185913,-0.9951168894767761,-0.0048615336418151855,149C20E32D35565D305B3CCCF3CA981118ECC5BCBBA29B04F99FD7C0CEC4C4FB
20260714,ordinary_dynamic_augmentation,Dynamic ERM,cnrs_parent_0179,pattern_506,trigonal,4,0.6901552129830678,0.6930743809319087,1,4,0,1,0,1.0,2.6226043701171875e-06,0.9999973773956299,0.9999844431877136,-0.9833958148956299,1.9833802580833435,149C20E32D35565D305B3CCCF3CA981118ECC5BCBBA29B04F99FD7C0CEC4C4FB
20260714,ordinary_dynamic_augmentation,Dynamic ERM,cnrs_parent_0208,pattern_587,trigonal,4,0.2523342836713268,0.0038330603614890836,0,0,0,0,0,2.980232238769531e-07,0.0004172325134277344,-0.0004169344902038574,-0.9995114207267761,-0.9863991737365723,-0.013112246990203857,149C20E32D35565D305B3CCCF3CA981118ECC5BCBBA29B04F99FD7C0CEC4C4FB
20260714,ordinary_dynamic_augmentation,Dynamic ERM,cnrs_parent_0211,pattern_591,trigonal,4,0.37305039903165094,0.18715740496465083,0,0,0,0,0,0.005657196044921875,9.894371032714844e-06,0.00564730167388916,-0.5075263977050781,-0.9907127618789673,0.48318636417388916,149C20E32D35565D305B3CCCF3CA981118ECC5BCBBA29B04F99FD7C0CEC4C4FB
20260714,ordinary_dynamic_augmentation,Dynamic ERM,cnrs_parent_0220,pattern_617,trigonal,4,0.30145181145685973,0.18902583212747895,0,1,1,0,0,0.447265625,2.276897430419922e-05,0.4472428560256958,-0.10498046875,-0.9906998872756958,0.8857194185256958,149C20E32D35565D305B3CCCF3CA981118ECC5BCBBA29B04F99FD7C0CEC4C4FB
20260714,ordinary_dynamic_augmentation,Dynamic ERM,cnrs_parent_0237,pattern_673,trigonal,4,1.0766885268544653,0.6931445281764517,1,6,0,0,0,5.364418029785156e-07,0.00028443336486816406,-0.00028389692306518555,-0.999999463558197,-0.9972741603851318,-0.0027253031730651855,149C20E32D35565D305B3CCCF3CA981118ECC5BCBBA29B04F99FD7C0CEC4C4FB
20260714,ordinary_dynamic_augmentation,Dynamic ERM,cnrs_parent_0246,pattern_722,trigonal,4,0.08569999058022082,0.00958538099082687,0,2,2,0,0,0.0003311634063720703,0.0011882781982421875,-0.0008571147918701172,-0.9982039928436279,-0.9695148468017578,-0.028689146041870117,149C20E32D35565D305B3CCCF3CA981118ECC5BCBBA29B04F99FD7C0CEC4C4FB
20260714,ordinary_dynamic_augmentation,Dynamic ERM,cnrs_parent_0248,pattern_736,trigonal,4,0.24643921595012397,0.0031211457756472566,0,1,1,0,0,5.364418029785156e-07,5.960464477539063e-08,4.76837158203125e-07,-0.999511182308197,-0.9912108778953552,-0.008300304412841797,149C20E32D35565D305B3CCCF3CA981118ECC5BCBBA29B04F99FD7C0CEC4C4FB
20260714,ordinary_dynamic_augmentation,Dynamic ERM,cnrs_parent_0270,pattern_820,trigonal,4,0.8801079195987973,0.6909633257447381,1,4,0,1,0,0.9462890625,0.0003230571746826172,0.9459660053253174,0.9066162109375,-0.9967472553253174,1.9033634662628174,149C20E32D35565D305B3CCCF3CA981118ECC5BCBBA29B04F99FD7C0CEC4C4FB
20260714,ordinary_dynamic_augmentation,Dynamic ERM,cnrs_parent_0272,pattern_826,trigonal,4,0.45942858529160036,0.690279496720294,1,2,0,0,0,0.09832763671875,1.2516975402832031e-06,0.09832638502120972,-0.74444580078125,-0.9995104670524597,0.2550646662712097,149C20E32D35565D305B3CCCF3CA981118ECC5BCBBA29B04F99FD7C0CEC4C4FB
20260714,ordinary_dynamic_augmentation,Dynamic ERM,cnrs_parent_0276,pattern_838,trigonal,4,0.4234807254515014,0.028893506914583714,0,1,1,0,0,0.022796630859375,5.960464477539063e-08,0.022796571254730225,-0.954254150390625,-0.9399413466453552,-0.014312803745269775,149C20E32D35565D305B3CCCF3CA981118ECC5BCBBA29B04F99FD7C0CEC4C4FB
20260714,ordinary_dynamic_augmentation,Dynamic ERM,cnrs_parent_0277,pattern_839,trigonal,4,1.4212077802762542,0.6921720185703273,1,4,0,1,0,0.7998046875,1.1920928955078125e-07,0.7998045682907104,0.7012939453125,-0.9941405057907104,1.6954344511032104,149C20E32D35565D305B3CCCF3CA981118ECC5BCBBA29B04F99FD7C0CEC4C4FB
20260714,ordinary_dynamic_augmentation,Dynamic ERM,cnrs_parent_0278,pattern_840,trigonal,4,0.25250285131197947,0.17789260540462026,0,0,0,0,0,1.7285346984863281e-06,5.960464477539063e-08,1.6689300537109375e-06,-0.5698224902153015,-0.9995116591453552,0.4296891689300537,149C20E32D35565D305B3CCCF3CA981118ECC5BCBBA29B04F99FD7C0CEC4C4FB
20260714,ordinary_dynamic_augmentation,Dynamic ERM,cnrs_parent_0289,pattern_878,trigonal,4,0.4373318210009969,0.3281817380279688,1,1,0,0,0,1.5556812286376953e-05,1.1086463928222656e-05,4.470348358154297e-06,-0.9999844431877136,-0.6806529760360718,-0.31933146715164185,149C20E32D35565D305B3CCCF3CA981118ECC5BCBBA29B04F99FD7C0CEC4C4FB
20260714,ordinary_dynamic_augmentation,Dynamic ERM,cnrs_parent_0302,pattern_915,trigonal,4,0.8034803720593242,0.6872221210251561,1,4,0,1,0,0.9970703125,0.0014133453369140625,0.9956569671630859,0.9955911636352539,-0.9956569671630859,1.9912481307983398,149C20E32D35565D305B3CCCF3CA981118ECC5BCBBA29B04F99FD7C0CEC4C4FB
20260714,ordinary_dynamic_augmentation,Dynamic ERM,cnrs_parent_0308,pattern_943,trigonal,4,0.12361979842533932,0.004838203794948119,0,1,1,0,0,5.960464477539063e-08,0.0,5.960464477539063e-08,-0.9999999403953552,-0.9853515625,-0.014648377895355225,149C20E32D35565D305B3CCCF3CA981118ECC5BCBBA29B04F99FD7C0CEC4C4FB
20260714,ordinary_dynamic_augmentation,Dynamic ERM,cnrs_parent_0313,pattern_960,trigonal,4,0.1650999072467243,6.197218012682181e-08,0,4,4,1,1,1.0,1.0,0.0,1.0,0.9999998211860657,1.7881393432617188e-07,149C20E32D35565D305B3CCCF3CA981118ECC5BCBBA29B04F99FD7C0CEC4C4FB
20260714,ordinary_dynamic_augmentation,Dynamic ERM,cnrs_parent_0012,pattern_1030,trigonal,4,0.034489346330837334,0.14862620645379027,0,4,4,1,1,0.62353515625,0.99853515625,-0.375,0.2509765625,0.997410774230957,-0.746434211730957,149C20E32D35565D305B3CCCF3CA981118ECC5BCBBA29B04F99FD7C0CEC4C4FB
20260714,ordinary_dynamic_augmentation,Dynamic ERM,cnrs_parent_0057,pattern_17,hexagonal,5,0.2777536753806368,2.012138817962983e-05,0,4,4,0,0,3.2842159271240234e-05,5.960464477539063e-08,3.2782554626464844e-05,-0.9999671578407288,-0.9999999403953552,3.2782554626464844e-05,149C20E32D35565D305B3CCCF3CA981118ECC5BCBBA29B04F99FD7C0CEC4C4FB
20260714,ordinary_dynamic_augmentation,Dynamic ERM,cnrs_parent_0065,pattern_19,hexagonal,5,0.11929187984584233,0.507756598746696,1,4,3,0,0,3.647804260253906e-05,0.0008764266967773438,-0.0008399486541748047,-0.9052369594573975,-0.8985376358032227,-0.006699323654174805,149C20E32D35565D305B3CCCF3CA981118ECC5BCBBA29B04F99FD7C0CEC4C4FB
20260714,ordinary_dynamic_augmentation,Dynamic ERM,cnrs_parent_0061,pattern_176,hexagonal,5,0.051460355490689724,0.09049618643085672,0,4,4,0,0,0.0012254714965820312,0.00449371337890625,-0.0032682418823242188,-0.899653434753418,-0.5316390991210938,-0.3680143356323242,149C20E32D35565D305B3CCCF3CA981118ECC5BCBBA29B04F99FD7C0CEC4C4FB
20260714,ordinary_dynamic_augmentation,Dynamic ERM,cnrs_parent_0073,pattern_207,hexagonal,5,1.0441292177359036,0.6827869744616797,1,2,0,0,0,0.0006227493286132812,0.0,0.0006227493286132812,-0.7864866256713867,-0.55615234375,-0.23033428192138672,149C20E32D35565D305B3CCCF3CA981118ECC5BCBBA29B04F99FD7C0CEC4C4FB
20260714,ordinary_dynamic_augmentation,Dynamic ERM,cnrs_parent_0093,pattern_249,hexagonal,5,0.14669529497580147,0.16106315301848562,0,5,5,1,1,0.9873046875,0.578125,0.4091796875,0.974578857421875,0.21337890625,0.761199951171875,149C20E32D35565D305B3CCCF3CA981118ECC5BCBBA29B04F99FD7C0CEC4C4FB
20260714,ordinary_dynamic_augmentation,Dynamic ERM,cnrs_parent_0096,pattern_257,hexagonal,5,0.36322288005513625,0.0002566404330757275,0,4,4,0,0,3.045797348022461e-05,1.5497207641601562e-06,2.8908252716064453e-05,-0.9999695420265198,-0.9995101690292358,-0.00045937299728393555,149C20E32D35565D305B3CCCF3CA981118ECC5BCBBA29B04F99FD7C0CEC4C4FB
20260714,ordinary_dynamic_augmentation,Dynamic ERM,cnrs_parent_0132,pattern_367,hexagonal,5,0.36571931497346777,0.283600860440331,1,1,0,0,0,3.4570693969726562e-06,0.0,3.4570693969726562e-06,-0.821773886680603,-0.57177734375,-0.24999654293060303,149C20E32D35565D305B3CCCF3CA981118ECC5BCBBA29B04F99FD7C0CEC4C4FB
20260714,ordinary_dynamic_augmentation,Dynamic ERM,cnrs_parent_0159,pattern_457,hexagonal,5,0.5950756092980805,0.5445820301550766,1,3,1,0,0,5.960464477539063e-08,0.0,5.960464477539063e-08,-0.9125975966453552,-0.9970703125,0.08447271585464478,149C20E32D35565D305B3CCCF3CA981118ECC5BCBBA29B04F99FD7C0CEC4C4FB
20260714,ordinary_dynamic_augmentation,Dynamic ERM,cnrs_parent_0216,pattern_608,hexagonal,5,0.8897142254513688,0.6827746322578634,1,4,0,0,0,0.0005660057067871094,5.364418029785156e-07,0.0005654692649841309,-0.9989457130432129,-0.820311963558197,-0.17863374948501587,149C20E32D35565D305B3CCCF3CA981118ECC5BCBBA29B04F99FD7C0CEC4C4FB
20260714,ordinary_dynamic_augmentation,Dynamic ERM,cnrs_parent_0223,pattern_627,hexagonal,5,0.6534820667660156,0.4581352022735638,1,4,5,0,1,0.162353515625,1.0,-0.837646484375,-0.675048828125,0.9999992251396179,-1.675048053264618,149C20E32D35565D305B3CCCF3CA981118ECC5BCBBA29B04F99FD7C0CEC4C4FB
20260714,ordinary_dynamic_augmentation,Dynamic ERM,cnrs_parent_0288,pattern_873,hexagonal,5,0.3319881549093897,0.42021690189637895,1,3,2,0,0,1.0728836059570312e-06,0.0,1.0728836059570312e-06,-0.762694239616394,-0.736328125,-0.026366114616394043,149C20E32D35565D305B3CCCF3CA981118ECC5BCBBA29B04F99FD7C0CEC4C4FB
20260714,ordinary_dynamic_augmentation,Dynamic ERM,cnrs_parent_0300,pattern_909,hexagonal,5,0.25761819315968537,0.10941581560246322,0,4,4,0,0,0.0,0.00012040138244628906,-0.00012040138244628906,-0.9990234375,-0.7166764736175537,-0.2823469638824463,149C20E32D35565D305B3CCCF3CA981118ECC5BCBBA29B04F99FD7C0CEC4C4FB
20260714,ordinary_dynamic_augmentation,Dynamic ERM,cnrs_parent_0069,pattern_2,cubic,6,0.8180722393170068,0.6931404395558265,1,4,0,0,0,0.00690460205078125,0.0,0.00690460205078125,-0.9862594604492188,-1.0,0.01374053955078125,149C20E32D35565D305B3CCCF3CA981118ECC5BCBBA29B04F99FD7C0CEC4C4FB
20260714,ordinary_dynamic_augmentation,Dynamic ERM,cnrs_parent_0083,pattern_23,cubic,6,0.22029279564448534,0.6235681337669932,1,0,1,0,0,5.960464477539063e-08,0.0,5.960464477539063e-08,-0.9624022841453552,-0.99951171875,0.037109434604644775,149C20E32D35565D305B3CCCF3CA981118ECC5BCBBA29B04F99FD7C0CEC4C4FB
20260714,ordinary_dynamic_augmentation,Dynamic ERM,cnrs_parent_0097,pattern_26,cubic,6,0.20279750451235823,0.016629351895342672,0,6,6,1,1,1.0,0.95263671875,0.04736328125,0.9999978542327881,0.9282684326171875,0.07172942161560059,149C20E32D35565D305B3CCCF3CA981118ECC5BCBBA29B04F99FD7C0CEC4C4FB
20260714,ordinary_dynamic_augmentation,Dynamic ERM,cnrs_parent_0101,pattern_27,cubic,6,0.9293137143702487,0.6931451774272384,1,6,1,1,0,1.0,0.0,1.0,0.9999849796295166,-0.9990234375,1.9990084171295166,149C20E32D35565D305B3CCCF3CA981118ECC5BCBBA29B04F99FD7C0CEC4C4FB
20260714,ordinary_dynamic_augmentation,Dynamic ERM,cnrs_parent_0142,pattern_40,cubic,6,0.622904201094876,0.08782052735415874,0,6,6,1,1,1.0,0.7685546875,0.2314453125,0.9998927712440491,0.613037109375,0.3868556618690491,149C20E32D35565D305B3CCCF3CA981118ECC5BCBBA29B04F99FD7C0CEC4C4FB
20260714,ordinary_dynamic_augmentation,Dynamic ERM,cnrs_parent_0199,pattern_57,cubic,6,1.4032884735441562,0.6931471805599453,1,6,0,1,0,0.998046875,0.0,0.998046875,0.9960975646972656,-1.0,1.9960975646972656,149C20E32D35565D305B3CCCF3CA981118ECC5BCBBA29B04F99FD7C0CEC4C4FB
20260714,ordinary_dynamic_augmentation,Dynamic ERM,cnrs_parent_0241,pattern_69,cubic,6,0.14346125410882038,0.003831766388027279,0,6,6,1,1,1.0,0.98779296875,0.01220703125,0.999833345413208,0.9816856384277344,0.018147706985473633,149C20E32D35565D305B3CCCF3CA981118ECC5BCBBA29B04F99FD7C0CEC4C4FB
20260714,ordinary_dynamic_augmentation,Dynamic ERM,cnrs_parent_0290,pattern_88,cubic,6,0.4760628619105337,0.6919017749117291,1,1,0,0,0,0.0,0.0,0.0,-1.0,-0.99951171875,-0.00048828125,149C20E32D35565D305B3CCCF3CA981118ECC5BCBBA29B04F99FD7C0CEC4C4FB
20260714,ordinary_dynamic_augmentation,Dynamic ERM,cnrs_parent_0029,pattern_110,cubic,6,0.33094154684057375,0.18176478193451417,0,6,6,1,1,0.9990234375,0.55859375,0.4404296875,0.9980306625366211,0.3515625,0.6464681625366211,149C20E32D35565D305B3CCCF3CA981118ECC5BCBBA29B04F99FD7C0CEC4C4FB
20260714,ordinary_dynamic_augmentation,Dynamic ERM,cnrs_parent_0035,pattern_119,cubic,6,1.5611810008845959,0.693080013044498,1,6,0,1,0,0.8603515625,0.0,0.8603515625,0.7828369140625,-0.623046875,1.4058837890625,149C20E32D35565D305B3CCCF3CA981118ECC5BCBBA29B04F99FD7C0CEC4C4FB
20260714,ordinary_dynamic_augmentation,Dynamic ERM,cnrs_parent_0040,pattern_126,cubic,6,1.218256899433167,0.590709523965966,1,4,3,0,0,0.0110626220703125,0.0175628662109375,-0.006500244140625,-0.6964569091796875,-0.4834136962890625,-0.213043212890625,149C20E32D35565D305B3CCCF3CA981118ECC5BCBBA29B04F99FD7C0CEC4C4FB
20260714,ordinary_dynamic_augmentation,Dynamic ERM,cnrs_parent_0062,pattern_178,cubic,6,0.3911294556278869,0.6917813757239004,1,1,0,0,0,0.0,0.0,0.0,-1.0,-0.99951171875,-0.00048828125,149C20E32D35565D305B3CCCF3CA981118ECC5BCBBA29B04F99FD7C0CEC4C4FB
20260714,ordinary_dynamic_augmentation,Dynamic ERM,cnrs_parent_0067,pattern_193,cubic,6,0.2654163900387343,0.006287593738602194,0,4,4,0,0,2.950429916381836e-05,0.00010293722152709961,-7.343292236328125e-05,-0.9999704957008362,-0.9813423752784729,-0.01862812042236328,149C20E32D35565D305B3CCCF3CA981118ECC5BCBBA29B04F99FD7C0CEC4C4FB
20260714,ordinary_dynamic_augmentation,Dynamic ERM,cnrs_parent_0077,pattern_215,cubic,6,1.6805306842393564,0.6929173804431137,1,6,0,1,0,1.0,1.1920928955078125e-07,0.9999998807907104,0.9999090433120728,-0.9755858182907104,1.9754948616027832,149C20E32D35565D305B3CCCF3CA981118ECC5BCBBA29B04F99FD7C0CEC4C4FB
20260714,ordinary_dynamic_augmentation,Dynamic ERM,cnrs_parent_0085,pattern_236,cubic,6,0.0670785714546357,0.19090133358397565,0,6,6,1,1,0.98583984375,0.5,0.48583984375,0.972686767578125,0.2874755859375,0.685211181640625,149C20E32D35565D305B3CCCF3CA981118ECC5BCBBA29B04F99FD7C0CEC4C4FB
20260714,ordinary_dynamic_augmentation,Dynamic ERM,cnrs_parent_0105,pattern_279,cubic,6,0.7310954978714321,0.6929633173542986,1,6,2,1,0,1.0,9.59634780883789e-06,0.9999904036521912,0.9999209642410278,-0.8173732161521912,1.817294180393219,149C20E32D35565D305B3CCCF3CA981118ECC5BCBBA29B04F99FD7C0CEC4C4FB
20260714,ordinary_dynamic_augmentation,Dynamic ERM,cnrs_parent_0127,pattern_360,cubic,6,1.2303922029045327,0.6631781105736091,1,6,2,1,0,0.98876953125,4.76837158203125e-07,0.9887690544128418,0.9782485961914062,-0.7695307731628418,1.747779369354248,149C20E32D35565D305B3CCCF3CA981118ECC5BCBBA29B04F99FD7C0CEC4C4FB
20260714,ordinary_dynamic_augmentation,Dynamic ERM,cnrs_parent_0129,pattern_363,cubic,6,1.4003193281001194,0.6914049662391161,1,6,0,1,0,0.97216796875,9.238719940185547e-06,0.9721587300300598,0.9503631591796875,-0.6850493550300598,1.6354125142097473,149C20E32D35565D305B3CCCF3CA981118ECC5BCBBA29B04F99FD7C0CEC4C4FB
20260714,ordinary_dynamic_augmentation,Dynamic ERM,cnrs_parent_0131,pattern_366,cubic,6,1.3043941955990674,0.685566121208576,1,6,5,1,0,0.97900390625,4.172325134277344e-07,0.9790034890174866,0.9683837890625,-0.4653316140174866,1.4337154030799866,149C20E32D35565D305B3CCCF3CA981118ECC5BCBBA29B04F99FD7C0CEC4C4FB
20260714,ordinary_dynamic_augmentation,Dynamic ERM,cnrs_parent_0134,pattern_375,cubic,6,0.3613563079567288,0.5224573851783003,1,6,3,1,0,0.9990234375,0.09954833984375,0.89947509765625,0.9980306625366211,-0.59722900390625,1.595259666442871,149C20E32D35565D305B3CCCF3CA981118ECC5BCBBA29B04F99FD7C0CEC4C4FB
20260714,ordinary_dynamic_augmentation,Dynamic ERM,cnrs_parent_0135,pattern_376,cubic,6,0.08181771905437862,0.21628885496151726,1,1,0,0,0,2.980232238769531e-07,1.1920928955078125e-07,1.7881393432617188e-07,-0.9516598582267761,-0.5947264432907104,-0.3569334149360657,149C20E32D35565D305B3CCCF3CA981118ECC5BCBBA29B04F99FD7C0CEC4C4FB
20260714,ordinary_dynamic_augmentation,Dynamic ERM,cnrs_parent_0138,pattern_394,cubic,6,1.2588608965200603,0.6910683057775672,1,4,0,0,0,0.1917724609375,0.0,0.1917724609375,-0.6153564453125,-0.97314453125,0.3577880859375,149C20E32D35565D305B3CCCF3CA981118ECC5BCBBA29B04F99FD7C0CEC4C4FB
20260714,ordinary_dynamic_augmentation,Dynamic ERM,cnrs_parent_0143,pattern_408,cubic,6,0.15997946955487508,0.19890171758099962,1,1,0,0,0,0.0,2.1457672119140625e-06,-2.1457672119140625e-06,-0.955078125,-0.5961892604827881,-0.3588888645172119,149C20E32D35565D305B3CCCF3CA981118ECC5BCBBA29B04F99FD7C0CEC4C4FB
20260714,ordinary_dynamic_augmentation,Dynamic ERM,cnrs_parent_0149,pattern_426,cubic,6,1.088647296825241,0.6931374409528308,1,6,3,1,0,1.0,5.960464477539063e-08,0.9999999403953552,0.9999485611915588,-0.9999999403953552,1.999948501586914,149C20E32D35565D305B3CCCF3CA981118ECC5BCBBA29B04F99FD7C0CEC4C4FB
20260714,ordinary_dynamic_augmentation,Dynamic ERM,cnrs_parent_0160,pattern_458,cubic,6,0.32686703623357194,0.6630378613406209,1,1,4,0,0,1.7881393432617188e-07,5.960464477539063e-08,1.1920928955078125e-07,-0.9946287274360657,-0.9960936903953552,0.0014649629592895508,149C20E32D35565D305B3CCCF3CA981118ECC5BCBBA29B04F99FD7C0CEC4C4FB
20260714,ordinary_dynamic_augmentation,Dynamic ERM,cnrs_parent_0175,pattern_493,cubic,6,0.12165442461129672,2.107811336492189e-05,0,1,1,0,0,2.384185791015625e-07,0.0,2.384185791015625e-07,-0.9999997615814209,-1.0,2.384185791015625e-07,149C20E32D35565D305B3CCCF3CA981118ECC5BCBBA29B04F99FD7C0CEC4C4FB
20260714,ordinary_dynamic_augmentation,Dynamic ERM,cnrs_parent_0178,pattern_503,cubic,6,0.10781254009473273,0.3327788468196601,1,1,0,0,0,1.1920928955078125e-07,5.960464477539063e-08,5.960464477539063e-08,-0.7036131620407104,-0.9956054091453552,0.2919922471046448,149C20E32D35565D305B3CCCF3CA981118ECC5BCBBA29B04F99FD7C0CEC4C4FB
20260714,ordinary_dynamic_augmentation,Dynamic ERM,cnrs_parent_0183,pattern_527,cubic,6,0.9909279565747401,0.4227400056402234,1,2,6,0,1,0.2098388671875,0.85595703125,-0.6461181640625,-0.5338134765625,0.714599609375,-1.2484130859375,149C20E32D35565D305B3CCCF3CA981118ECC5BCBBA29B04F99FD7C0CEC4C4FB
20260714,ordinary_dynamic_augmentation,Dynamic ERM,cnrs_parent_0188,pattern_545,cubic,6,0.06777916288908703,0.029850959383722633,0,1,1,0,0,2.5033950805664062e-06,1.4722347259521484e-05,-1.2218952178955078e-05,-0.9067357778549194,-0.9985204339027405,0.09178465604782104,149C20E32D35565D305B3CCCF3CA981118ECC5BCBBA29B04F99FD7C0CEC4C4FB
20260714,ordinary_dynamic_augmentation,Dynamic ERM,cnrs_parent_0196,pattern_565,cubic,6,0.3343529958697713,0.6901040531435996,1,1,0,0,0,0.0,0.0,0.0,-1.0,-0.99951171875,-0.00048828125,149C20E32D35565D305B3CCCF3CA981118ECC5BCBBA29B04F99FD7C0CEC4C4FB
20260714,ordinary_dynamic_augmentation,Dynamic ERM,cnrs_parent_0200,pattern_570,cubic,6,0.3900184894012567,0.23271248642797987,1,1,0,0,0,0.0,0.0,0.0,-0.9873046875,-0.541015625,-0.4462890625,149C20E32D35565D305B3CCCF3CA981118ECC5BCBBA29B04F99FD7C0CEC4C4FB
20260714,ordinary_dynamic_augmentation,Dynamic ERM,cnrs_parent_0205,pattern_582,cubic,6,0.5899647259197485,0.6588222965546936,1,6,4,1,0,1.0,0.0126190185546875,0.9873809814453125,0.9999035000801086,-0.9478302001953125,1.9477337002754211,149C20E32D35565D305B3CCCF3CA981118ECC5BCBBA29B04F99FD7C0CEC4C4FB
20260714,ordinary_dynamic_augmentation,Dynamic ERM,cnrs_parent_0217,pattern_609,cubic,6,0.08550606353726864,1.0998954926189208e-05,0,1,1,0,0,0.0,0.0,0.0,-0.98583984375,-0.9873046875,0.00146484375,149C20E32D35565D305B3CCCF3CA981118ECC5BCBBA29B04F99FD7C0CEC4C4FB
20260714,ordinary_dynamic_augmentation,Dynamic ERM,cnrs_parent_0229,pattern_644,cubic,6,0.6059972589539362,0.6363482537061346,1,4,0,0,0,0.00042748451232910156,0.0,0.00042748451232910156,-0.9614865779876709,-0.93017578125,-0.0313107967376709,149C20E32D35565D305B3CCCF3CA981118ECC5BCBBA29B04F99FD7C0CEC4C4FB
20260714,ordinary_dynamic_augmentation,Dynamic ERM,cnrs_parent_0238,pattern_678,cubic,6,0.5304469106414964,0.07275165445370567,0,0,0,0,0,0.000274658203125,5.960464477539063e-08,0.0002745985984802246,-0.804412841796875,-0.9999999403953552,0.19558709859848022,149C20E32D35565D305B3CCCF3CA981118ECC5BCBBA29B04F99FD7C0CEC4C4FB
20260714,ordinary_dynamic_augmentation,Dynamic ERM,cnrs_parent_0249,pattern_737,cubic,6,0.5538943961994759,0.6584662009673149,1,4,0,0,0,1.71661376953125e-05,0.0,1.71661376953125e-05,-0.9858226776123047,-0.615234375,-0.3705883026123047,149C20E32D35565D305B3CCCF3CA981118ECC5BCBBA29B04F99FD7C0CEC4C4FB
20260714,ordinary_dynamic_augmentation,Dynamic ERM,cnrs_parent_0255,pattern_759,cubic,6,0.09465042065151341,0.008798792294724564,0,6,6,1,1,1.0,0.974609375,0.025390625,0.9999780654907227,0.949432373046875,0.050545692443847656,149C20E32D35565D305B3CCCF3CA981118ECC5BCBBA29B04F99FD7C0CEC4C4FB
20260714,ordinary_dynamic_augmentation,Dynamic ERM,cnrs_parent_0257,pattern_770,cubic,6,0.23979771847607378,0.5401626399149079,1,1,4,0,0,5.364418029785156e-07,1.1920928955078125e-07,4.172325134277344e-07,-0.968749463558197,-0.9599608182907104,-0.008788645267486572,149C20E32D35565D305B3CCCF3CA981118ECC5BCBBA29B04F99FD7C0CEC4C4FB
20260714,ordinary_dynamic_augmentation,Dynamic ERM,cnrs_parent_0265,pattern_790,cubic,6,0.9748338679908056,0.6867369062236113,1,6,1,1,0,1.0,0.001743316650390625,0.9982566833496094,0.9999997615814209,-0.8952293395996094,1.8952291011810303,149C20E32D35565D305B3CCCF3CA981118ECC5BCBBA29B04F99FD7C0CEC4C4FB
20260714,ordinary_dynamic_augmentation,Dynamic ERM,cnrs_parent_0266,pattern_794,cubic,6,0.22767185759802733,2.9010929374762893e-05,0,6,6,1,1,1.0,1.0,0.0,0.9999114871025085,0.9999755620956421,-6.407499313354492e-05,149C20E32D35565D305B3CCCF3CA981118ECC5BCBBA29B04F99FD7C0CEC4C4FB
20260714,ordinary_dynamic_augmentation,Dynamic ERM,cnrs_parent_0268,pattern_810,cubic,6,0.007143625962907185,0.06591103627200627,0,1,1,0,0,5.602836608886719e-05,2.1696090698242188e-05,3.4332275390625e-05,-0.9682056903839111,-0.7265408039093018,-0.24166488647460938,149C20E32D35565D305B3CCCF3CA981118ECC5BCBBA29B04F99FD7C0CEC4C4FB
20260714,ordinary_dynamic_augmentation,Dynamic ERM,cnrs_parent_0282,pattern_851,cubic,6,0.6589742698531642,0.25140817700557805,1,4,1,0,0,0.012054443359375,0.0,0.012054443359375,-0.975738525390625,-0.5576171875,-0.418121337890625,149C20E32D35565D305B3CCCF3CA981118ECC5BCBBA29B04F99FD7C0CEC4C4FB
20260714,ordinary_dynamic_augmentation,Dynamic ERM,cnrs_parent_0303,pattern_919,cubic,6,1.5478897834085954,0.6931392755492676,1,6,0,1,0,1.0,0.0,1.0,0.999858021736145,-0.97998046875,1.979838490486145,149C20E32D35565D305B3CCCF3CA981118ECC5BCBBA29B04F99FD7C0CEC4C4FB
20260714,ordinary_dynamic_augmentation,Dynamic ERM,cnrs_parent_0311,pattern_956,cubic,6,0.11228795277523418,0.493306753879972,1,0,1,0,0,0.0,0.0,0.0,-0.9140625,-0.978515625,0.064453125,149C20E32D35565D305B3CCCF3CA981118ECC5BCBBA29B04F99FD7C0CEC4C4FB
20260714,ordinary_dynamic_augmentation,Dynamic ERM,cnrs_parent_0316,pattern_964,cubic,6,1.1114280169658395,0.6911129994833636,1,6,1,1,0,0.98974609375,0.0,0.98974609375,0.979461669921875,-0.9375,1.916961669921875,149C20E32D35565D305B3CCCF3CA981118ECC5BCBBA29B04F99FD7C0CEC4C4FB
20260714,ordinary_dynamic_augmentation,Dynamic ERM,cnrs_parent_0001,pattern_1009,cubic,6,0.6670138913552324,0.6919112533158124,1,6,2,1,0,1.0,0.00020825862884521484,0.9997917413711548,0.9998751878738403,-0.5569206476211548,1.5567958354949951,149C20E32D35565D305B3CCCF3CA981118ECC5BCBBA29B04F99FD7C0CEC4C4FB
20260714,ordinary_dynamic_augmentation,Dynamic ERM,cnrs_parent_0024,pattern_1051,cubic,6,0.2876425452646222,0.6427429506954232,1,1,0,0,0,3.5762786865234375e-07,0.0,3.5762786865234375e-07,-0.9794918298721313,-1.0,0.020508170127868652,149C20E32D35565D305B3CCCF3CA981118ECC5BCBBA29B04F99FD7C0CEC4C4FB
20260714,js_consistency_transfer,JS Consistency,cnrs_parent_0087,pattern_24,triclinic,0,0.08578874679562487,0.2355479043574788,1,1,0,0,1,0.245361328125,0.8935546875,-0.648193359375,-0.501708984375,0.78765869140625,-1.28936767578125,C3AC158084FE6B2E1E2A28EB8B010C43532F7612E6C99F1B6C305F66A374BE18
20260714,js_consistency_transfer,JS Consistency,cnrs_parent_0189,pattern_55,triclinic,0,0.04144371360525334,0.030220403932322067,0,1,1,0,0,0.153076171875,0.3603515625,-0.207275390625,-0.603271484375,-0.2333984375,-0.369873046875,C3AC158084FE6B2E1E2A28EB8B010C43532F7612E6C99F1B6C305F66A374BE18
20260714,js_consistency_transfer,JS Consistency,cnrs_parent_0260,pattern_78,triclinic,0,0.06206097022007129,0.00036864806736016417,0,0,0,1,1,0.99365234375,0.9970703125,-0.00341796875,0.9875106811523438,0.9943294525146484,-0.0068187713623046875,C3AC158084FE6B2E1E2A28EB8B010C43532F7612E6C99F1B6C305F66A374BE18
20260714,js_consistency_transfer,JS Consistency,cnrs_parent_0322,pattern_99,triclinic,0,0.16913653623333635,0.025931104966536028,0,0,0,1,1,0.81396484375,0.951171875,-0.13720703125,0.64794921875,0.902496337890625,-0.254547119140625,C3AC158084FE6B2E1E2A28EB8B010C43532F7612E6C99F1B6C305F66A374BE18
20260714,js_consistency_transfer,JS Consistency,cnrs_parent_0036,pattern_120,triclinic,0,0.053117185610766726,0.037893669184418124,0,0,0,1,1,0.57421875,0.82373046875,-0.24951171875,0.244384765625,0.6822509765625,-0.4378662109375,C3AC158084FE6B2E1E2A28EB8B010C43532F7612E6C99F1B6C305F66A374BE18
20260714,js_consistency_transfer,JS Consistency,cnrs_parent_0053,pattern_157,triclinic,0,0.04609103997182917,0.01729476571541038,0,1,1,0,0,0.21142578125,0.366943359375,-0.155517578125,-0.484375,-0.154541015625,-0.329833984375,C3AC158084FE6B2E1E2A28EB8B010C43532F7612E6C99F1B6C305F66A374BE18
20260714,js_consistency_transfer,JS Consistency,cnrs_parent_0063,pattern_180,triclinic,0,0.05407121628965439,0.03066051412974325,0,1,1,0,0,0.17529296875,0.2176513671875,-0.0423583984375,-0.515625,-0.5509033203125,0.0352783203125,C3AC158084FE6B2E1E2A28EB8B010C43532F7612E6C99F1B6C305F66A374BE18
20260714,js_consistency_transfer,JS Consistency,cnrs_parent_0088,pattern_240,triclinic,0,0.02114903374812016,0.001042922898690104,0,0,0,1,1,0.578125,0.61669921875,-0.03857421875,0.169921875,0.2412109375,-0.0712890625,C3AC158084FE6B2E1E2A28EB8B010C43532F7612E6C99F1B6C305F66A374BE18
20260714,js_consistency_transfer,JS Consistency,cnrs_parent_0109,pattern_298,triclinic,0,0.08055699403648153,0.047228376611676774,0,0,0,1,1,0.81787109375,0.9228515625,-0.10498046875,0.6611328125,0.85491943359375,-0.19378662109375,C3AC158084FE6B2E1E2A28EB8B010C43532F7612E6C99F1B6C305F66A374BE18
20260714,js_consistency_transfer,JS Consistency,cnrs_parent_0113,pattern_311,triclinic,0,0.07448268866747987,0.020380790565713493,0,0,0,1,1,0.8935546875,0.98486328125,-0.09130859375,0.791748046875,0.9697341918945312,-0.17798614501953125,C3AC158084FE6B2E1E2A28EB8B010C43532F7612E6C99F1B6C305F66A374BE18
20260714,js_consistency_transfer,JS Consistency,cnrs_parent_0124,pattern_348,triclinic,0,0.04229496788031839,0.020515903577367295,0,0,0,1,1,0.55615234375,0.5244140625,0.03173828125,0.12109375,0.1376953125,-0.0166015625,C3AC158084FE6B2E1E2A28EB8B010C43532F7612E6C99F1B6C305F66A374BE18
20260714,js_consistency_transfer,JS Consistency,cnrs_parent_0147,pattern_417,triclinic,0,0.03781163838047574,0.004571635666351466,0,0,0,1,1,0.9111328125,0.8505859375,0.060546875,0.82232666015625,0.7027587890625,0.11956787109375,C3AC158084FE6B2E1E2A28EB8B010C43532F7612E6C99F1B6C305F66A374BE18
20260714,js_consistency_transfer,JS Consistency,cnrs_parent_0148,pattern_423,triclinic,0,0.04426868509446091,0.0008757149817745411,0,0,0,1,1,0.9609375,0.94384765625,0.01708984375,0.92279052734375,0.8880615234375,0.03472900390625,C3AC158084FE6B2E1E2A28EB8B010C43532F7612E6C99F1B6C305F66A374BE18
20260714,js_consistency_transfer,JS Consistency,cnrs_parent_0154,pattern_444,triclinic,0,0.08248416727215702,0.1542090529654788,1,1,0,0,1,0.22216796875,0.7431640625,-0.52099609375,-0.529296875,0.528564453125,-1.057861328125,C3AC158084FE6B2E1E2A28EB8B010C43532F7612E6C99F1B6C305F66A374BE18
20260714,js_consistency_transfer,JS Consistency,cnrs_parent_0158,pattern_456,triclinic,0,0.054806142493624366,0.013750498980174589,0,0,0,1,1,0.65966796875,0.7880859375,-0.12841796875,0.3623046875,0.5841064453125,-0.2218017578125,C3AC158084FE6B2E1E2A28EB8B010C43532F7612E6C99F1B6C305F66A374BE18
20260714,js_consistency_transfer,JS Consistency,cnrs_parent_0161,pattern_464,triclinic,0,0.08849779485609177,0.1125470498600066,1,1,0,0,1,0.46240234375,0.81201171875,-0.349609375,-0.03369140625,0.7083740234375,-0.7420654296875,C3AC158084FE6B2E1E2A28EB8B010C43532F7612E6C99F1B6C305F66A374BE18
20260714,js_consistency_transfer,JS Consistency,cnrs_parent_0207,pattern_585,triclinic,0,0.015217057965087988,0.004845676503643601,0,0,0,1,1,0.98779296875,0.95654296875,0.03125,0.9762954711914062,0.9141845703125,0.06211090087890625,C3AC158084FE6B2E1E2A28EB8B010C43532F7612E6C99F1B6C305F66A374BE18
20260714,js_consistency_transfer,JS Consistency,cnrs_parent_0233,pattern_653,triclinic,0,0.046931509635093294,0.11293077769329062,1,1,2,0,0,0.04583740234375,0.2095947265625,-0.16375732421875,-0.67681884765625,-0.3153076171875,-0.36151123046875,C3AC158084FE6B2E1E2A28EB8B010C43532F7612E6C99F1B6C305F66A374BE18
20260714,js_consistency_transfer,JS Consistency,cnrs_parent_0253,pattern_753,triclinic,0,0.02231719300397883,0.01743188062785764,0,0,0,1,1,0.479736328125,0.64453125,-0.164794921875,0.1435546875,0.4591064453125,-0.3155517578125,C3AC158084FE6B2E1E2A28EB8B010C43532F7612E6C99F1B6C305F66A374BE18
20260714,js_consistency_transfer,JS Consistency,cnrs_parent_0291,pattern_881,triclinic,0,0.18978392711422165,0.1371293139577628,1,1,0,0,1,0.32861328125,0.806640625,-0.47802734375,-0.17041015625,0.6195068359375,-0.7899169921875,C3AC158084FE6B2E1E2A28EB8B010C43532F7612E6C99F1B6C305F66A374BE18
20260714,js_consistency_transfer,JS Consistency,cnrs_parent_0321,pattern_979,triclinic,0,0.0782410967926972,0.009842581725392187,0,1,1,0,0,0.0301055908203125,0.0121612548828125,0.0179443359375,-0.9073944091796875,-0.9731903076171875,0.0657958984375,C3AC158084FE6B2E1E2A28EB8B010C43532F7612E6C99F1B6C305F66A374BE18
20260714,js_consistency_transfer,JS Consistency,cnrs_parent_0028,pattern_11,monoclinic,1,0.020287696850182058,0.04164101978658663,1,1,0,1,0,0.7255859375,0.452880859375,0.272705078125,0.463623046875,-0.089111328125,0.552734375,C3AC158084FE6B2E1E2A28EB8B010C43532F7612E6C99F1B6C305F66A374BE18
20260714,js_consistency_transfer,JS Consistency,cnrs_parent_0049,pattern_15,monoclinic,1,0.1105679276582403,0.1549118461798544,1,1,0,1,0,0.59228515625,0.139892578125,0.452392578125,0.266357421875,-0.713134765625,0.9794921875,C3AC158084FE6B2E1E2A28EB8B010C43532F7612E6C99F1B6C305F66A374BE18
20260714,js_consistency_transfer,JS Consistency,cnrs_parent_0115,pattern_32,monoclinic,1,0.04254729948069347,0.01690836269881595,1,1,0,1,0,0.66015625,0.4921875,0.16796875,0.3359375,-0.009765625,0.345703125,C3AC158084FE6B2E1E2A28EB8B010C43532F7612E6C99F1B6C305F66A374BE18
20260714,js_consistency_transfer,JS Consistency,cnrs_parent_0153,pattern_44,monoclinic,1,0.2759397422782883,0.11492933340425615,0,2,2,0,0,0.0234527587890625,0.17919921875,-0.1557464599609375,-0.9452972412109375,-0.45458984375,-0.4907073974609375,C3AC158084FE6B2E1E2A28EB8B010C43532F7612E6C99F1B6C305F66A374BE18
20260714,js_consistency_transfer,JS Consistency,cnrs_parent_0214,pattern_60,monoclinic,1,0.049799755561116155,0.006566905452107077,0,0,0,0,0,0.298828125,0.201904296875,0.096923828125,-0.35107421875,-0.528076171875,0.177001953125,C3AC158084FE6B2E1E2A28EB8B010C43532F7612E6C99F1B6C305F66A374BE18
20260714,js_consistency_transfer,JS Consistency,cnrs_parent_0236,pattern_67,monoclinic,1,0.4363889073948535,0.021565868738321017,0,0,0,0,0,0.0030536651611328125,0.0002689361572265625,0.00278472900390625,-0.9344463348388672,-0.9992427825927734,0.06479644775390625,C3AC158084FE6B2E1E2A28EB8B010C43532F7612E6C99F1B6C305F66A374BE18
20260714,js_consistency_transfer,JS Consistency,cnrs_parent_0005,pattern_102,monoclinic,1,0.08435791677709481,0.35031412918067234,1,2,0,0,0,0.047119140625,0.0875244140625,-0.0404052734375,-0.581298828125,-0.7171630859375,0.1358642578125,C3AC158084FE6B2E1E2A28EB8B010C43532F7612E6C99F1B6C305F66A374BE18
20260714,js_consistency_transfer,JS Consistency,cnrs_parent_0011,pattern_103,monoclinic,1,0.9110015003957002,0.6834228527495021,1,1,6,1,0,0.457275390625,0.0009002685546875,0.4563751220703125,0.10791015625,-0.9912872314453125,1.0991973876953125,C3AC158084FE6B2E1E2A28EB8B010C43532F7612E6C99F1B6C305F66A374BE18
20260714,js_consistency_transfer,JS Consistency,cnrs_parent_0027,pattern_109,monoclinic,1,0.03055465281673131,0.0216858645815141,0,0,0,0,0,0.044525146484375,0.1668701171875,-0.122344970703125,-0.907135009765625,-0.6573486328125,-0.249786376953125,C3AC158084FE6B2E1E2A28EB8B010C43532F7612E6C99F1B6C305F66A374BE18
20260714,js_consistency_transfer,JS Consistency,cnrs_parent_0030,pattern_112,monoclinic,1,0.06320963251213496,0.08617398238018484,1,2,0,0,0,0.2841796875,0.09259033203125,0.19158935546875,-0.1826171875,-0.55291748046875,0.37030029296875,C3AC158084FE6B2E1E2A28EB8B010C43532F7612E6C99F1B6C305F66A374BE18
20260714,js_consistency_transfer,JS Consistency,cnrs_parent_0031,pattern_113,monoclinic,1,0.5000803960276696,0.566322156128161,1,2,0,0,0,0.01519012451171875,0.08380126953125,-0.06861114501953125,-0.6337356567382812,-0.80487060546875,0.17113494873046875,C3AC158084FE6B2E1E2A28EB8B010C43532F7612E6C99F1B6C305F66A374BE18
20260714,js_consistency_transfer,JS Consistency,cnrs_parent_0039,pattern_125,monoclinic,1,0.02937402299299363,0.011789347026614886,0,0,0,0,0,0.264404296875,0.154296875,0.110107421875,-0.437744140625,-0.67626953125,0.238525390625,C3AC158084FE6B2E1E2A28EB8B010C43532F7612E6C99F1B6C305F66A374BE18
20260714,js_consistency_transfer,JS Consistency,cnrs_parent_0042,pattern_129,monoclinic,1,0.37147512303947816,0.5102682812667598,1,1,0,1,0,0.91552734375,0.0148468017578125,0.9006805419921875,0.84576416015625,-0.9123992919921875,1.7581634521484375,C3AC158084FE6B2E1E2A28EB8B010C43532F7612E6C99F1B6C305F66A374BE18
20260714,js_consistency_transfer,JS Consistency,cnrs_parent_0051,pattern_151,monoclinic,1,0.09620059732266228,0.006745003007762713,0,0,0,0,0,0.043243408203125,0.01081085205078125,0.03243255615234375,-0.903533935546875,-0.9755172729492188,0.07198333740234375,C3AC158084FE6B2E1E2A28EB8B010C43532F7612E6C99F1B6C305F66A374BE18
20260714,js_consistency_transfer,JS Consistency,cnrs_parent_0060,pattern_175,monoclinic,1,0.18804079242020877,0.2771320918670702,1,2,0,0,0,0.367431640625,0.1258544921875,0.2415771484375,-0.072265625,-0.7144775390625,0.6422119140625,C3AC158084FE6B2E1E2A28EB8B010C43532F7612E6C99F1B6C305F66A374BE18
20260714,js_consistency_transfer,JS Consistency,cnrs_parent_0066,pattern_192,monoclinic,1,0.29793789565811535,0.07530292699641564,0,1,1,1,1,0.97412109375,0.71142578125,0.2626953125,0.9600067138671875,0.530029296875,0.4299774169921875,C3AC158084FE6B2E1E2A28EB8B010C43532F7612E6C99F1B6C305F66A374BE18
20260714,js_consistency_transfer,JS Consistency,cnrs_parent_0072,pattern_205,monoclinic,1,0.17928201897283091,0.0065262160124291485,0,2,2,0,0,0.0203094482421875,0.037872314453125,-0.0175628662109375,-0.9367218017578125,-0.886444091796875,-0.0502777099609375,C3AC158084FE6B2E1E2A28EB8B010C43532F7612E6C99F1B6C305F66A374BE18
20260714,js_consistency_transfer,JS Consistency,cnrs_parent_0074,pattern_208,monoclinic,1,0.06085101212294708,0.023755588868185205,0,2,2,0,0,0.2418212890625,0.11981201171875,0.12200927734375,-0.4339599609375,-0.55743408203125,0.12347412109375,C3AC158084FE6B2E1E2A28EB8B010C43532F7612E6C99F1B6C305F66A374BE18
20260714,js_consistency_transfer,JS Consistency,cnrs_parent_0080,pattern_225,monoclinic,1,0.13226311275532043,0.08745940048400458,1,1,0,1,0,0.607421875,0.21875,0.388671875,0.24755859375,-0.54736328125,0.794921875,C3AC158084FE6B2E1E2A28EB8B010C43532F7612E6C99F1B6C305F66A374BE18
20260714,js_consistency_transfer,JS Consistency,cnrs_parent_0081,pattern_226,monoclinic,1,0.13640404853503252,0.18688052454270634,1,1,0,1,0,0.495849609375,0.3369140625,0.158935546875,0.0927734375,-0.27294921875,0.36572265625,C3AC158084FE6B2E1E2A28EB8B010C43532F7612E6C99F1B6C305F66A374BE18
20260714,js_consistency_transfer,JS Consistency,cnrs_parent_0084,pattern_233,monoclinic,1,0.07456236235943903,0.0026138105542843847,0,2,2,0,0,0.00142669677734375,0.0098114013671875,-0.00838470458984375,-0.9966201782226562,-0.9774932861328125,-0.01912689208984375,C3AC158084FE6B2E1E2A28EB8B010C43532F7612E6C99F1B6C305F66A374BE18
20260714,js_consistency_transfer,JS Consistency,cnrs_parent_0089,pattern_241,monoclinic,1,0.05683777735472828,0.04028142616559867,0,1,1,1,1,0.8203125,0.59326171875,0.22705078125,0.69647216796875,0.36083984375,0.33563232421875,C3AC158084FE6B2E1E2A28EB8B010C43532F7612E6C99F1B6C305F66A374BE18
20260714,js_consistency_transfer,JS Consistency,cnrs_parent_0091,pattern_243,monoclinic,1,0.40965877354380786,0.2783881164437095,1,4,0,0,0,0.11004638671875,0.04022216796875,0.06982421875,-0.52130126953125,-0.72637939453125,0.205078125,C3AC158084FE6B2E1E2A28EB8B010C43532F7612E6C99F1B6C305F66A374BE18
20260714,js_consistency_transfer,JS Consistency,cnrs_parent_0092,pattern_244,monoclinic,1,0.006823104036646543,0.0013939680153417567,0,0,0,0,0,0.3916015625,0.435791015625,-0.044189453125,-0.14990234375,-0.075439453125,-0.074462890625,C3AC158084FE6B2E1E2A28EB8B010C43532F7612E6C99F1B6C305F66A374BE18
20260714,js_consistency_transfer,JS Consistency,cnrs_parent_0094,pattern_250,monoclinic,1,0.2395100365967241,0.5769280153330391,1,2,0,0,0,0.1959228515625,0.053863525390625,0.142059326171875,-0.5882568359375,-0.886077880859375,0.297821044921875,C3AC158084FE6B2E1E2A28EB8B010C43532F7612E6C99F1B6C305F66A374BE18
20260714,js_consistency_transfer,JS Consistency,cnrs_parent_0095,pattern_255,monoclinic,1,0.36227738993448844,0.31255428960627674,1,6,2,0,0,0.027557373046875,0.1619873046875,-0.134429931640625,-0.732696533203125,-0.2003173828125,-0.532379150390625,C3AC158084FE6B2E1E2A28EB8B010C43532F7612E6C99F1B6C305F66A374BE18
20260714,js_consistency_transfer,JS Consistency,cnrs_parent_0098,pattern_262,monoclinic,1,0.14856172206843243,0.12824969122199714,0,0,0,0,0,0.38330078125,0.030914306640625,0.352386474609375,-0.130859375,-0.903167724609375,0.772308349609375,C3AC158084FE6B2E1E2A28EB8B010C43532F7612E6C99F1B6C305F66A374BE18
20260714,js_consistency_transfer,JS Consistency,cnrs_parent_0099,pattern_266,monoclinic,1,0.15666293841759726,0.46684254659309116,1,2,0,0,0,0.073486328125,0.07550048828125,-0.00201416015625,-0.728759765625,-0.79901123046875,0.07025146484375,C3AC158084FE6B2E1E2A28EB8B010C43532F7612E6C99F1B6C305F66A374BE18
20260714,js_consistency_transfer,JS Consistency,cnrs_parent_0102,pattern_273,monoclinic,1,0.4259277751684094,0.31087859979824317,1,2,0,0,0,0.0010251998901367188,0.09478759765625,-0.09376239776611328,-0.9965333938598633,-0.45404052734375,-0.5424928665161133,C3AC158084FE6B2E1E2A28EB8B010C43532F7612E6C99F1B6C305F66A374BE18
20260714,js_consistency_transfer,JS Consistency,cnrs_parent_0110,pattern_303,monoclinic,1,0.27111913342782823,0.37840152238531144,1,2,0,0,0,0.1807861328125,0.080078125,0.1007080078125,-0.1781005859375,-0.81005859375,0.6319580078125,C3AC158084FE6B2E1E2A28EB8B010C43532F7612E6C99F1B6C305F66A374BE18
20260714,js_consistency_transfer,JS Consistency,cnrs_parent_0111,pattern_307,monoclinic,1,0.024860903924193378,0.009241928142214226,0,0,0,0,0,0.25390625,0.158447265625,0.095458984375,-0.48095703125,-0.681396484375,0.200439453125,C3AC158084FE6B2E1E2A28EB8B010C43532F7612E6C99F1B6C305F66A374BE18
20260714,js_consistency_transfer,JS Consistency,cnrs_parent_0121,pattern_342,monoclinic,1,0.06685202346116148,0.02366549072747018,0,0,0,0,0,0.2841796875,0.1456298828125,0.1385498046875,-0.361328125,-0.6859130859375,0.3245849609375,C3AC158084FE6B2E1E2A28EB8B010C43532F7612E6C99F1B6C305F66A374BE18
20260714,js_consistency_transfer,JS Consistency,cnrs_parent_0122,pattern_344,monoclinic,1,0.3750291702381966,0.11051957955396857,0,2,2,0,0,0.043975830078125,0.269775390625,-0.225799560546875,-0.853485107421875,-0.343017578125,-0.510467529296875,C3AC158084FE6B2E1E2A28EB8B010C43532F7612E6C99F1B6C305F66A374BE18
20260714,js_consistency_transfer,JS Consistency,cnrs_parent_0128,pattern_362,monoclinic,1,0.03278141882489105,0.01710071813689002,0,1,1,1,1,0.73583984375,0.5625,0.17333984375,0.5096435546875,0.172607421875,0.3370361328125,C3AC158084FE6B2E1E2A28EB8B010C43532F7612E6C99F1B6C305F66A374BE18
20260714,js_consistency_transfer,JS Consistency,cnrs_parent_0130,pattern_365,monoclinic,1,0.6671107766292976,0.057240025767755165,0,0,0,0,0,5.036592483520508e-05,0.005931854248046875,-0.00588148832321167,-0.8476058840751648,-0.9882087707519531,0.14060288667678833,C3AC158084FE6B2E1E2A28EB8B010C43532F7612E6C99F1B6C305F66A374BE18
20260714,js_consistency_transfer,JS Consistency,cnrs_parent_0137,pattern_388,monoclinic,1,0.08476321798028141,0.021787577678388136,0,0,0,0,0,0.0831298828125,0.016265869140625,0.066864013671875,-0.7938232421875,-0.962738037109375,0.168914794921875,C3AC158084FE6B2E1E2A28EB8B010C43532F7612E6C99F1B6C305F66A374BE18
20260714,js_consistency_transfer,JS Consistency,cnrs_parent_0140,pattern_397,monoclinic,1,0.08450772789338057,0.09361316562146543,0,1,1,1,1,0.68359375,0.485595703125,0.197998046875,0.4967041015625,0.020263671875,0.4764404296875,C3AC158084FE6B2E1E2A28EB8B010C43532F7612E6C99F1B6C305F66A374BE18
20260714,js_consistency_transfer,JS Consistency,cnrs_parent_0151,pattern_431,monoclinic,1,0.055436406776083746,0.013361531173555215,0,1,1,1,1,0.51123046875,0.6689453125,-0.15771484375,0.025390625,0.337890625,-0.3125,C3AC158084FE6B2E1E2A28EB8B010C43532F7612E6C99F1B6C305F66A374BE18
20260714,js_consistency_transfer,JS Consistency,cnrs_parent_0162,pattern_469,monoclinic,1,0.04591804852126502,0.011539172822442864,0,0,0,0,0,0.11419677734375,0.2220458984375,-0.10784912109375,-0.75982666015625,-0.5347900390625,-0.22503662109375,C3AC158084FE6B2E1E2A28EB8B010C43532F7612E6C99F1B6C305F66A374BE18
20260714,js_consistency_transfer,JS Consistency,cnrs_parent_0165,pattern_474,monoclinic,1,0.37778828008340604,0.27309891885628523,1,1,4,1,0,0.974609375,0.349609375,0.625,0.9626007080078125,-0.1357421875,1.0983428955078125,C3AC158084FE6B2E1E2A28EB8B010C43532F7612E6C99F1B6C305F66A374BE18
20260714,js_consistency_transfer,JS Consistency,cnrs_parent_0169,pattern_480,monoclinic,1,0.008426815399807164,0.003262733108243139,0,0,0,0,0,0.169677734375,0.1143798828125,0.0552978515625,-0.585205078125,-0.6829833984375,0.0977783203125,C3AC158084FE6B2E1E2A28EB8B010C43532F7612E6C99F1B6C305F66A374BE18
20260714,js_consistency_transfer,JS Consistency,cnrs_parent_0170,pattern_482,monoclinic,1,0.13255333885552967,0.08772979840647954,0,0,0,0,0,0.25537109375,0.10614013671875,0.14923095703125,-0.26904296875,-0.76885986328125,0.49981689453125,C3AC158084FE6B2E1E2A28EB8B010C43532F7612E6C99F1B6C305F66A374BE18
20260714,js_consistency_transfer,JS Consistency,cnrs_parent_0174,pattern_491,monoclinic,1,0.16890609882351226,0.20665769799334588,0,2,2,0,0,0.061065673828125,0.225830078125,-0.164764404296875,-0.316375732421875,-0.299072265625,-0.017303466796875,C3AC158084FE6B2E1E2A28EB8B010C43532F7612E6C99F1B6C305F66A374BE18
20260714,js_consistency_transfer,JS Consistency,cnrs_parent_0176,pattern_497,monoclinic,1,0.010186437475885324,0.008578518541921924,0,0,0,0,0,0.11114501953125,0.061798095703125,0.049346923828125,-0.68475341796875,-0.828826904296875,0.144073486328125,C3AC158084FE6B2E1E2A28EB8B010C43532F7612E6C99F1B6C305F66A374BE18
20260714,js_consistency_transfer,JS Consistency,cnrs_parent_0180,pattern_513,monoclinic,1,0.17823990619845909,0.2580608839775988,1,2,1,0,1,0.09930419921875,0.515625,-0.41632080078125,-0.64630126953125,0.1201171875,-0.76641845703125,C3AC158084FE6B2E1E2A28EB8B010C43532F7612E6C99F1B6C305F66A374BE18
20260714,js_consistency_transfer,JS Consistency,cnrs_parent_0181,pattern_514,monoclinic,1,0.12795835874889583,0.0026050075099481496,0,0,0,0,0,0.01059722900390625,0.00189208984375,0.00870513916015625,-0.9737777709960938,-0.99566650390625,0.02188873291015625,C3AC158084FE6B2E1E2A28EB8B010C43532F7612E6C99F1B6C305F66A374BE18
20260714,js_consistency_transfer,JS Consistency,cnrs_parent_0182,pattern_516,monoclinic,1,0.025406381625325047,0.012010089710319041,0,1,1,1,1,0.80712890625,0.6728515625,0.13427734375,0.70452880859375,0.50927734375,0.19525146484375,C3AC158084FE6B2E1E2A28EB8B010C43532F7612E6C99F1B6C305F66A374BE18
20260714,js_consistency_transfer,JS Consistency,cnrs_parent_0186,pattern_538,monoclinic,1,0.6501355793697341,0.2421287955625242,1,2,0,0,0,0.1488037109375,0.008026123046875,0.140777587890625,-0.2701416015625,-0.917755126953125,0.647613525390625,C3AC158084FE6B2E1E2A28EB8B010C43532F7612E6C99F1B6C305F66A374BE18
20260714,js_consistency_transfer,JS Consistency,cnrs_parent_0190,pattern_551,monoclinic,1,0.2887877600567518,0.19434724020411612,0,0,0,0,0,0.1165771484375,0.0252227783203125,0.0913543701171875,-0.3446044921875,-0.9435272216796875,0.5989227294921875,C3AC158084FE6B2E1E2A28EB8B010C43532F7612E6C99F1B6C305F66A374BE18
20260714,js_consistency_transfer,JS Consistency,cnrs_parent_0191,pattern_552,monoclinic,1,0.36810702502854087,0.3968943259513258,1,2,0,0,0,0.159912109375,0.002925872802734375,0.15698623657226562,-0.455810546875,-0.9926795959472656,0.5368690490722656,C3AC158084FE6B2E1E2A28EB8B010C43532F7612E6C99F1B6C305F66A374BE18
20260714,js_consistency_transfer,JS Consistency,cnrs_parent_0193,pattern_554,monoclinic,1,0.04883096125707098,0.0039702354338418695,0,0,0,0,0,0.1494140625,0.09320068359375,0.05621337890625,-0.69189453125,-0.80523681640625,0.11334228515625,C3AC158084FE6B2E1E2A28EB8B010C43532F7612E6C99F1B6C305F66A374BE18
20260714,js_consistency_transfer,JS Consistency,cnrs_parent_0195,pattern_560,monoclinic,1,0.08446693612967571,0.014574015512635735,0,1,1,1,1,0.9638671875,0.92724609375,0.03662109375,0.9340667724609375,0.8740234375,0.0600433349609375,C3AC158084FE6B2E1E2A28EB8B010C43532F7612E6C99F1B6C305F66A374BE18
20260714,js_consistency_transfer,JS Consistency,cnrs_parent_0198,pattern_568,monoclinic,1,0.02650040576872492,0.008390397220546457,0,0,0,0,0,0.13623046875,0.1353759765625,0.0008544921875,-0.68505859375,-0.6195068359375,-0.0655517578125,C3AC158084FE6B2E1E2A28EB8B010C43532F7612E6C99F1B6C305F66A374BE18
20260714,js_consistency_transfer,JS Consistency,cnrs_parent_0209,pattern_588,monoclinic,1,0.08548693659687445,0.15064378921660482,1,1,0,1,0,0.5517578125,0.09283447265625,0.45892333984375,0.15283203125,-0.80902099609375,0.96185302734375,C3AC158084FE6B2E1E2A28EB8B010C43532F7612E6C99F1B6C305F66A374BE18
20260714,js_consistency_transfer,JS Consistency,cnrs_parent_0210,pattern_590,monoclinic,1,0.03187876637185594,0.009228436588913593,0,0,0,0,0,0.10595703125,0.06689453125,0.0390625,-0.70166015625,-0.83154296875,0.1298828125,C3AC158084FE6B2E1E2A28EB8B010C43532F7612E6C99F1B6C305F66A374BE18
20260714,js_consistency_transfer,JS Consistency,cnrs_parent_0212,pattern_595,monoclinic,1,0.034463513319401784,0.0009831977904315534,0,1,1,1,1,0.97705078125,0.9765625,0.00048828125,0.9654312133789062,0.9585418701171875,0.00688934326171875,C3AC158084FE6B2E1E2A28EB8B010C43532F7612E6C99F1B6C305F66A374BE18
20260714,js_consistency_transfer,JS Consistency,cnrs_parent_0213,pattern_599,monoclinic,1,0.05884133929094504,0.03518109618610142,1,1,0,1,0,0.51513671875,0.259033203125,0.256103515625,0.220703125,-0.181396484375,0.402099609375,C3AC158084FE6B2E1E2A28EB8B010C43532F7612E6C99F1B6C305F66A374BE18
20260714,js_consistency_transfer,JS Consistency,cnrs_parent_0219,pattern_616,monoclinic,1,0.06485183232311453,0.002990648860509492,0,0,0,0,0,0.10345458984375,0.06298828125,0.04046630859375,-0.78668212890625,-0.86279296875,0.07611083984375,C3AC158084FE6B2E1E2A28EB8B010C43532F7612E6C99F1B6C305F66A374BE18
20260714,js_consistency_transfer,JS Consistency,cnrs_parent_0221,pattern_618,monoclinic,1,0.33323229600375914,0.20167330395023517,0,0,0,0,0,0.129638671875,0.01427459716796875,0.11536407470703125,-0.356689453125,-0.9710769653320312,0.6143875122070312,C3AC158084FE6B2E1E2A28EB8B010C43532F7612E6C99F1B6C305F66A374BE18
20260714,js_consistency_transfer,JS Consistency,cnrs_parent_0240,pattern_684,monoclinic,1,0.27023733490396673,0.16579699350909816,0,1,1,1,1,0.81982421875,0.488525390625,0.331298828125,0.6651611328125,0.022216796875,0.6429443359375,C3AC158084FE6B2E1E2A28EB8B010C43532F7612E6C99F1B6C305F66A374BE18
20260714,js_consistency_transfer,JS Consistency,cnrs_parent_0243,pattern_710,monoclinic,1,0.01540334976963853,0.00035677260110053804,0,0,0,0,0,0.2196044921875,0.2010498046875,0.0185546875,-0.5382080078125,-0.5787353515625,0.04052734375,C3AC158084FE6B2E1E2A28EB8B010C43532F7612E6C99F1B6C305F66A374BE18
20260714,js_consistency_transfer,JS Consistency,cnrs_parent_0251,pattern_745,monoclinic,1,0.07295227462230791,0.0077065265893838265,0,2,2,0,0,0.1844482421875,0.278076171875,-0.0936279296875,-0.3248291015625,-0.16796875,-0.1568603515625,C3AC158084FE6B2E1E2A28EB8B010C43532F7612E6C99F1B6C305F66A374BE18
20260714,js_consistency_transfer,JS Consistency,cnrs_parent_0254,pattern_756,monoclinic,1,0.04350772677774872,0.05157471541807028,0,2,2,0,0,0.2227783203125,0.31689453125,-0.0941162109375,-0.5135498046875,-0.151611328125,-0.3619384765625,C3AC158084FE6B2E1E2A28EB8B010C43532F7612E6C99F1B6C305F66A374BE18
20260714,js_consistency_transfer,JS Consistency,cnrs_parent_0259,pattern_779,monoclinic,1,0.03273809569752695,0.056222985372663944,0,1,1,1,1,0.8466796875,0.5458984375,0.30078125,0.6966552734375,0.093505859375,0.6031494140625,C3AC158084FE6B2E1E2A28EB8B010C43532F7612E6C99F1B6C305F66A374BE18
20260714,js_consistency_transfer,JS Consistency,cnrs_parent_0269,pattern_815,monoclinic,1,0.398043879574129,0.4078008919765642,1,2,3,0,0,0.0002753734588623047,0.002063751220703125,-0.0017883777618408203,-0.9220879077911377,-0.7894401550292969,-0.13264775276184082,C3AC158084FE6B2E1E2A28EB8B010C43532F7612E6C99F1B6C305F66A374BE18
20260714,js_consistency_transfer,JS Consistency,cnrs_parent_0271,pattern_825,monoclinic,1,0.23506105603542327,0.015577197026915028,0,0,0,0,0,0.06292724609375,0.016845703125,0.04608154296875,-0.84381103515625,-0.872314453125,0.02850341796875,C3AC158084FE6B2E1E2A28EB8B010C43532F7612E6C99F1B6C305F66A374BE18
20260714,js_consistency_transfer,JS Consistency,cnrs_parent_0273,pattern_831,monoclinic,1,0.07192809297426095,0.24853828786735044,1,2,0,0,0,0.1602783203125,0.2396240234375,-0.079345703125,-0.4447021484375,-0.4429931640625,-0.001708984375,C3AC158084FE6B2E1E2A28EB8B010C43532F7612E6C99F1B6C305F66A374BE18
20260714,js_consistency_transfer,JS Consistency,cnrs_parent_0274,pattern_833,monoclinic,1,0.04011881867811162,0.010724298519167775,0,1,1,1,1,0.9130859375,0.82275390625,0.09033203125,0.8387451171875,0.654296875,0.1844482421875,C3AC158084FE6B2E1E2A28EB8B010C43532F7612E6C99F1B6C305F66A374BE18
20260714,js_consistency_transfer,JS Consistency,cnrs_parent_0284,pattern_857,monoclinic,1,0.029312172141918058,0.0006078096897476257,0,0,0,0,0,0.017059326171875,0.019378662109375,-0.0023193359375,-0.959014892578125,-0.958648681640625,-0.0003662109375,C3AC158084FE6B2E1E2A28EB8B010C43532F7612E6C99F1B6C305F66A374BE18
20260714,js_consistency_transfer,JS Consistency,cnrs_parent_0285,pattern_859,monoclinic,1,0.5187180410440957,0.24585078908071312,1,1,0,1,0,0.81494140625,0.34521484375,0.4697265625,0.6826171875,-0.3046875,0.9873046875,C3AC158084FE6B2E1E2A28EB8B010C43532F7612E6C99F1B6C305F66A374BE18
20260714,js_consistency_transfer,JS Consistency,cnrs_parent_0292,pattern_885,monoclinic,1,0.02113343248875732,0.006169744398321818,0,1,1,1,1,0.91162109375,0.8642578125,0.04736328125,0.83648681640625,0.77703857421875,0.0594482421875,C3AC158084FE6B2E1E2A28EB8B010C43532F7612E6C99F1B6C305F66A374BE18
20260714,js_consistency_transfer,JS Consistency,cnrs_parent_0294,pattern_890,monoclinic,1,0.19712401558803305,0.054473358546422684,1,0,1,0,1,0.26220703125,0.57568359375,-0.3134765625,-0.4228515625,0.192138671875,-0.614990234375,C3AC158084FE6B2E1E2A28EB8B010C43532F7612E6C99F1B6C305F66A374BE18
20260714,js_consistency_transfer,JS Consistency,cnrs_parent_0295,pattern_895,monoclinic,1,0.1462308887831938,0.017914745631848392,0,0,0,0,0,0.14111328125,0.08575439453125,0.05535888671875,-0.6806640625,-0.69647216796875,0.01580810546875,C3AC158084FE6B2E1E2A28EB8B010C43532F7612E6C99F1B6C305F66A374BE18
20260714,js_consistency_transfer,JS Consistency,cnrs_parent_0296,pattern_896,monoclinic,1,0.033574763399939145,0.01031674905850989,0,0,0,0,0,0.45458984375,0.315185546875,0.139404296875,-0.04638671875,-0.314208984375,0.267822265625,C3AC158084FE6B2E1E2A28EB8B010C43532F7612E6C99F1B6C305F66A374BE18
20260714,js_consistency_transfer,JS Consistency,cnrs_parent_0297,pattern_906,monoclinic,1,0.028313531200199527,0.0033704630708263038,0,0,0,0,0,0.073974609375,0.122314453125,-0.04833984375,-0.844482421875,-0.746826171875,-0.09765625,C3AC158084FE6B2E1E2A28EB8B010C43532F7612E6C99F1B6C305F66A374BE18
20260714,js_consistency_transfer,JS Consistency,cnrs_parent_0298,pattern_907,monoclinic,1,0.04854650412450223,0.011641612746118763,0,0,0,0,0,0.042877197265625,0.008148193359375,0.03472900390625,-0.895111083984375,-0.982574462890625,0.08746337890625,C3AC158084FE6B2E1E2A28EB8B010C43532F7612E6C99F1B6C305F66A374BE18
20260714,js_consistency_transfer,JS Consistency,cnrs_parent_0301,pattern_912,monoclinic,1,0.03172166941457477,0.007731660924647969,0,1,1,1,1,0.98193359375,0.943359375,0.03857421875,0.9731674194335938,0.900665283203125,0.07250213623046875,C3AC158084FE6B2E1E2A28EB8B010C43532F7612E6C99F1B6C305F66A374BE18
20260714,js_consistency_transfer,JS Consistency,cnrs_parent_0305,pattern_930,monoclinic,1,0.5045080162964557,0.5440335558834364,1,2,0,0,0,0.09710693359375,0.001369476318359375,0.09573745727539062,-0.68609619140625,-0.9874000549316406,0.3013038635253906,C3AC158084FE6B2E1E2A28EB8B010C43532F7612E6C99F1B6C305F66A374BE18
20260714,js_consistency_transfer,JS Consistency,cnrs_parent_0306,pattern_938,monoclinic,1,0.04552615507645985,0.01485586652521535,0,1,1,1,1,0.89599609375,0.77001953125,0.1259765625,0.79742431640625,0.555419921875,0.24200439453125,C3AC158084FE6B2E1E2A28EB8B010C43532F7612E6C99F1B6C305F66A374BE18
20260714,js_consistency_transfer,JS Consistency,cnrs_parent_0314,pattern_961,monoclinic,1,0.14266630642314648,0.006382671940280699,0,0,0,0,0,0.0379638671875,0.0167236328125,0.021240234375,-0.9112548828125,-0.9661865234375,0.054931640625,C3AC158084FE6B2E1E2A28EB8B010C43532F7612E6C99F1B6C305F66A374BE18
20260714,js_consistency_transfer,JS Consistency,cnrs_parent_0320,pattern_977,monoclinic,1,0.05255190528143583,0.09308844250463036,0,0,0,0,0,0.348876953125,0.0811767578125,0.2677001953125,-0.193603515625,-0.8284912109375,0.6348876953125,C3AC158084FE6B2E1E2A28EB8B010C43532F7612E6C99F1B6C305F66A374BE18
20260714,js_consistency_transfer,JS Consistency,cnrs_parent_0323,pattern_998,monoclinic,1,0.14637613716261877,0.4576022861760218,1,2,0,0,0,0.07794189453125,0.10333251953125,-0.025390625,-0.69842529296875,-0.75848388671875,0.06005859375,C3AC158084FE6B2E1E2A28EB8B010C43532F7612E6C99F1B6C305F66A374BE18
20260714,js_consistency_transfer,JS Consistency,cnrs_parent_0007,pattern_1021,monoclinic,1,0.46239374845496106,0.5121866163414355,1,1,0,1,0,0.89453125,0.01192474365234375,0.8826065063476562,0.81036376953125,-0.9748916625976562,1.7852554321289062,C3AC158084FE6B2E1E2A28EB8B010C43532F7612E6C99F1B6C305F66A374BE18
20260714,js_consistency_transfer,JS Consistency,cnrs_parent_0008,pattern_1023,monoclinic,1,0.1289823954788204,0.006836296742306235,0,0,0,0,0,0.0295257568359375,0.005046844482421875,0.024478912353515625,-0.8855133056640625,-0.9046211242675781,0.019107818603515625,C3AC158084FE6B2E1E2A28EB8B010C43532F7612E6C99F1B6C305F66A374BE18
20260714,js_consistency_transfer,JS Consistency,cnrs_parent_0014,pattern_1034,monoclinic,1,0.2262884909655457,0.0033019260728545385,0,4,4,0,0,0.01467132568359375,0.01155853271484375,0.00311279296875,-0.9267349243164062,-0.9020156860351562,-0.02471923828125,C3AC158084FE6B2E1E2A28EB8B010C43532F7612E6C99F1B6C305F66A374BE18
20260714,js_consistency_transfer,JS Consistency,cnrs_parent_0020,pattern_1044,monoclinic,1,0.027091227482088143,0.006204580202704249,0,0,0,0,0,0.07537841796875,0.0280303955078125,0.0473480224609375,-0.84307861328125,-0.9407196044921875,0.0976409912109375,C3AC158084FE6B2E1E2A28EB8B010C43532F7612E6C99F1B6C305F66A374BE18
20260714,js_consistency_transfer,JS Consistency,cnrs_parent_0021,pattern_1045,monoclinic,1,0.01977693250235102,0.0027293070386053687,0,0,0,0,0,0.0640869140625,0.10272216796875,-0.03863525390625,-0.8665771484375,-0.79180908203125,-0.07476806640625,C3AC158084FE6B2E1E2A28EB8B010C43532F7612E6C99F1B6C305F66A374BE18
20260714,js_consistency_transfer,JS Consistency,cnrs_parent_0070,pattern_20,orthorhombic,2,0.14134482687170347,0.20741793742490888,1,1,0,0,0,0.028717041015625,0.0022830963134765625,0.026433944702148438,-0.685150146484375,-0.8663692474365234,0.18121910095214844,C3AC158084FE6B2E1E2A28EB8B010C43532F7612E6C99F1B6C305F66A374BE18
20260714,js_consistency_transfer,JS Consistency,cnrs_parent_0163,pattern_47,orthorhombic,2,0.20209714160709202,0.27112941299868,1,2,1,1,0,0.3447265625,0.0877685546875,0.2569580078125,0.0302734375,-0.3658447265625,0.3961181640625,C3AC158084FE6B2E1E2A28EB8B010C43532F7612E6C99F1B6C305F66A374BE18
20260714,js_consistency_transfer,JS Consistency,cnrs_parent_0173,pattern_49,orthorhombic,2,0.043794346586539024,0.0449012382107193,1,1,0,0,0,0.03411865234375,0.04461669921875,-0.010498046875,-0.53961181640625,-0.61993408203125,0.080322265625,C3AC158084FE6B2E1E2A28EB8B010C43532F7612E6C99F1B6C305F66A374BE18
20260714,js_consistency_transfer,JS Consistency,cnrs_parent_0224,pattern_63,orthorhombic,2,0.400236427176191,0.4527794857836007,1,4,2,0,1,0.13525390625,0.953125,-0.81787109375,-0.67724609375,0.91680908203125,-1.59405517578125,C3AC158084FE6B2E1E2A28EB8B010C43532F7612E6C99F1B6C305F66A374BE18
20260714,js_consistency_transfer,JS Consistency,cnrs_parent_0234,pattern_66,orthorhombic,2,0.02673466489104248,0.009686136431590912,0,1,1,0,0,0.173828125,0.268798828125,-0.094970703125,-0.31201171875,-0.09716796875,-0.21484375,C3AC158084FE6B2E1E2A28EB8B010C43532F7612E6C99F1B6C305F66A374BE18
20260714,js_consistency_transfer,JS Consistency,cnrs_parent_0245,pattern_72,orthorhombic,2,0.18126358262504272,0.18658416213352236,1,2,1,1,0,0.5283203125,0.0433349609375,0.4849853515625,0.07666015625,-0.7042236328125,0.7808837890625,C3AC158084FE6B2E1E2A28EB8B010C43532F7612E6C99F1B6C305F66A374BE18
20260714,js_consistency_transfer,JS Consistency,cnrs_parent_0293,pattern_89,orthorhombic,2,0.5730580283625586,0.43573888026659363,1,4,0,0,0,0.1865234375,0.001110076904296875,0.18541336059570312,-0.283447265625,-0.9651985168457031,0.6817512512207031,C3AC158084FE6B2E1E2A28EB8B010C43532F7612E6C99F1B6C305F66A374BE18
20260714,js_consistency_transfer,JS Consistency,cnrs_parent_0025,pattern_106,orthorhombic,2,1.485267950756429,0.6853363636178958,1,1,4,0,0,0.04119873046875,0.0008649826049804688,0.04033374786376953,-0.85382080078125,-0.7862443923950195,-0.06757640838623047,C3AC158084FE6B2E1E2A28EB8B010C43532F7612E6C99F1B6C305F66A374BE18
20260714,js_consistency_transfer,JS Consistency,cnrs_parent_0032,pattern_114,orthorhombic,2,0.4506464208769554,0.25037905244289627,1,2,4,1,0,0.7861328125,0.2103271484375,0.5758056640625,0.5849609375,-0.1282958984375,0.7132568359375,C3AC158084FE6B2E1E2A28EB8B010C43532F7612E6C99F1B6C305F66A374BE18
20260714,js_consistency_transfer,JS Consistency,cnrs_parent_0033,pattern_116,orthorhombic,2,0.03169539003640098,0.0746071282198661,0,1,1,0,0,0.2822265625,0.0357666015625,0.2464599609375,-0.34375,-0.8143310546875,0.4705810546875,C3AC158084FE6B2E1E2A28EB8B010C43532F7612E6C99F1B6C305F66A374BE18
20260714,js_consistency_transfer,JS Consistency,cnrs_parent_0034,pattern_117,orthorhombic,2,0.1407424811610093,0.17318888647132852,1,2,0,1,0,0.335205078125,0.11669921875,0.218505859375,0.029541015625,-0.3935546875,0.423095703125,C3AC158084FE6B2E1E2A28EB8B010C43532F7612E6C99F1B6C305F66A374BE18
20260714,js_consistency_transfer,JS Consistency,cnrs_parent_0037,pattern_123,orthorhombic,2,0.2995575742055546,0.3843923814807112,1,0,2,0,1,0.201904296875,0.96484375,-0.762939453125,-0.572021484375,0.9449005126953125,-1.5169219970703125,C3AC158084FE6B2E1E2A28EB8B010C43532F7612E6C99F1B6C305F66A374BE18
20260714,js_consistency_transfer,JS Consistency,cnrs_parent_0043,pattern_131,orthorhombic,2,0.6234862686794521,0.4270401737192582,1,1,0,0,0,0.234619140625,0.048919677734375,0.185699462890625,-0.291748046875,-0.890533447265625,0.598785400390625,C3AC158084FE6B2E1E2A28EB8B010C43532F7612E6C99F1B6C305F66A374BE18
20260714,js_consistency_transfer,JS Consistency,cnrs_parent_0044,pattern_132,orthorhombic,2,0.014146370889377313,0.003922789753171176,1,1,2,0,1,0.410888671875,0.48388671875,-0.072998046875,-0.122802734375,0.0380859375,-0.160888671875,C3AC158084FE6B2E1E2A28EB8B010C43532F7612E6C99F1B6C305F66A374BE18
20260714,js_consistency_transfer,JS Consistency,cnrs_parent_0045,pattern_135,orthorhombic,2,0.5691333705068706,0.6310424553968441,1,1,0,0,0,0.1849365234375,0.0083770751953125,0.1765594482421875,-0.6182861328125,-0.9691619873046875,0.3508758544921875,C3AC158084FE6B2E1E2A28EB8B010C43532F7612E6C99F1B6C305F66A374BE18
20260714,js_consistency_transfer,JS Consistency,cnrs_parent_0046,pattern_136,orthorhombic,2,0.395815462431902,0.05445305049469246,0,4,4,0,0,0.009918212890625,0.016265869140625,-0.00634765625,-0.828948974609375,-0.961273193359375,0.13232421875,C3AC158084FE6B2E1E2A28EB8B010C43532F7612E6C99F1B6C305F66A374BE18
20260714,js_consistency_transfer,JS Consistency,cnrs_parent_0048,pattern_148,orthorhombic,2,0.4505342375731739,0.5298037436874012,1,2,3,1,0,0.6552734375,0.0372314453125,0.6180419921875,0.4234619140625,-0.8826904296875,1.30615234375,C3AC158084FE6B2E1E2A28EB8B010C43532F7612E6C99F1B6C305F66A374BE18
20260714,js_consistency_transfer,JS Consistency,cnrs_parent_0054,pattern_166,orthorhombic,2,0.04385521167927653,0.08419889303137859,1,1,0,0,0,0.1370849609375,0.12030029296875,0.01678466796875,-0.5299072265625,-0.45587158203125,-0.07403564453125,C3AC158084FE6B2E1E2A28EB8B010C43532F7612E6C99F1B6C305F66A374BE18
20260714,js_consistency_transfer,JS Consistency,cnrs_parent_0055,pattern_167,orthorhombic,2,0.07657051708153273,0.06836838938363256,0,1,1,0,0,0.216796875,0.028228759765625,0.188568115234375,-0.49267578125,-0.879486083984375,0.386810302734375,C3AC158084FE6B2E1E2A28EB8B010C43532F7612E6C99F1B6C305F66A374BE18
20260714,js_consistency_transfer,JS Consistency,cnrs_parent_0059,pattern_174,orthorhombic,2,0.8938247179412177,0.6571694909070265,1,1,2,0,1,0.0013904571533203125,0.97509765625,-0.9737071990966797,-0.7588634490966797,0.9624557495117188,-1.7213191986083984,C3AC158084FE6B2E1E2A28EB8B010C43532F7612E6C99F1B6C305F66A374BE18
20260714,js_consistency_transfer,JS Consistency,cnrs_parent_0064,pattern_188,orthorhombic,2,1.1633854948978755,0.6760432537934309,1,0,4,0,0,0.001644134521484375,0.0120391845703125,-0.010395050048828125,-0.9470863342285156,-0.8517303466796875,-0.09535598754882812,C3AC158084FE6B2E1E2A28EB8B010C43532F7612E6C99F1B6C305F66A374BE18
20260714,js_consistency_transfer,JS Consistency,cnrs_parent_0076,pattern_212,orthorhombic,2,0.046665734939017045,0.00410995648880038,0,0,0,0,0,0.10205078125,0.1324462890625,-0.0303955078125,-0.55078125,-0.5545654296875,0.0037841796875,C3AC158084FE6B2E1E2A28EB8B010C43532F7612E6C99F1B6C305F66A374BE18
20260714,js_consistency_transfer,JS Consistency,cnrs_parent_0078,pattern_220,orthorhombic,2,0.027697912449774487,0.02122006519339831,0,0,0,0,0,0.10968017578125,0.017486572265625,0.092193603515625,-0.59149169921875,-0.793060302734375,0.201568603515625,C3AC158084FE6B2E1E2A28EB8B010C43532F7612E6C99F1B6C305F66A374BE18
20260714,js_consistency_transfer,JS Consistency,cnrs_parent_0079,pattern_223,orthorhombic,2,0.2700179773266975,0.23647213825053526,1,1,0,0,0,0.032196044921875,0.0369873046875,-0.004791259765625,-0.905303955078125,-0.5704345703125,-0.334869384765625,C3AC158084FE6B2E1E2A28EB8B010C43532F7612E6C99F1B6C305F66A374BE18
20260714,js_consistency_transfer,JS Consistency,cnrs_parent_0082,pattern_227,orthorhombic,2,0.17474590984302674,0.18970515580180508,0,0,0,0,0,0.15869140625,0.0008196830749511719,0.15787172317504883,-0.30419921875,-0.9698834419250488,0.6656842231750488,C3AC158084FE6B2E1E2A28EB8B010C43532F7612E6C99F1B6C305F66A374BE18
20260714,js_consistency_transfer,JS Consistency,cnrs_parent_0086,pattern_238,orthorhombic,2,0.03410131931506444,0.10337097703672957,1,1,0,0,0,0.1649169921875,0.07879638671875,0.08612060546875,-0.3272705078125,-0.70147705078125,0.37420654296875,C3AC158084FE6B2E1E2A28EB8B010C43532F7612E6C99F1B6C305F66A374BE18
20260714,js_consistency_transfer,JS Consistency,cnrs_parent_0090,pattern_242,orthorhombic,2,0.009178191153553006,0.03409232781320802,0,2,2,1,1,0.436767578125,0.68994140625,-0.253173828125,0.081787109375,0.5050048828125,-0.4232177734375,C3AC158084FE6B2E1E2A28EB8B010C43532F7612E6C99F1B6C305F66A374BE18
20260714,js_consistency_transfer,JS Consistency,cnrs_parent_0100,pattern_268,orthorhombic,2,0.3057541175397501,0.46893797428623574,1,2,0,1,0,0.488525390625,0.0041351318359375,0.4843902587890625,0.17724609375,-0.8571929931640625,1.0344390869140625,C3AC158084FE6B2E1E2A28EB8B010C43532F7612E6C99F1B6C305F66A374BE18
20260714,js_consistency_transfer,JS Consistency,cnrs_parent_0114,pattern_319,orthorhombic,2,0.3247432813630452,0.07594505624684794,0,2,2,1,1,0.87060546875,0.81298828125,0.0576171875,0.76287841796875,0.6529541015625,0.10992431640625,C3AC158084FE6B2E1E2A28EB8B010C43532F7612E6C99F1B6C305F66A374BE18
20260714,js_consistency_transfer,JS Consistency,cnrs_parent_0119,pattern_334,orthorhombic,2,0.042823483116940286,0.008950809112504295,0,0,0,0,0,0.052581787109375,0.0114288330078125,0.0411529541015625,-0.871734619140625,-0.9665985107421875,0.0948638916015625,C3AC158084FE6B2E1E2A28EB8B010C43532F7612E6C99F1B6C305F66A374BE18
20260714,js_consistency_transfer,JS Consistency,cnrs_parent_0120,pattern_341,orthorhombic,2,0.3298994516256212,0.44606257395293214,1,2,0,1,0,0.958984375,0.11627197265625,0.84271240234375,0.9372100830078125,-0.74945068359375,1.6866607666015625,C3AC158084FE6B2E1E2A28EB8B010C43532F7612E6C99F1B6C305F66A374BE18
20260714,js_consistency_transfer,JS Consistency,cnrs_parent_0136,pattern_382,orthorhombic,2,0.09003442448480636,0.012069825000368163,0,1,1,0,0,0.003398895263671875,5.048513412475586e-05,0.003348410129547119,-0.7890815734863281,-0.7186995148658752,-0.07038205862045288,C3AC158084FE6B2E1E2A28EB8B010C43532F7612E6C99F1B6C305F66A374BE18
20260714,js_consistency_transfer,JS Consistency,cnrs_parent_0139,pattern_395,orthorhombic,2,0.04326624409355018,0.11410076222555612,0,0,0,0,0,0.354736328125,0.0246124267578125,0.3301239013671875,-0.159423828125,-0.8655242919921875,0.7061004638671875,C3AC158084FE6B2E1E2A28EB8B010C43532F7612E6C99F1B6C305F66A374BE18
20260714,js_consistency_transfer,JS Consistency,cnrs_parent_0150,pattern_427,orthorhombic,2,0.11094788252707133,0.02594426357249666,0,1,1,0,0,0.089599609375,0.029083251953125,0.060516357421875,-0.695068359375,-0.689178466796875,-0.005889892578125,C3AC158084FE6B2E1E2A28EB8B010C43532F7612E6C99F1B6C305F66A374BE18
20260714,js_consistency_transfer,JS Consistency,cnrs_parent_0152,pattern_439,orthorhombic,2,0.743401547681294,0.4997585828667663,1,4,0,0,0,0.12017822265625,0.0927734375,0.02740478515625,-0.56536865234375,-0.44775390625,-0.11761474609375,C3AC158084FE6B2E1E2A28EB8B010C43532F7612E6C99F1B6C305F66A374BE18
20260714,js_consistency_transfer,JS Consistency,cnrs_parent_0156,pattern_451,orthorhombic,2,0.2173115314719959,0.5656749399425004,1,2,0,1,0,0.9130859375,0.0028438568115234375,0.9102420806884766,0.861572265625,-0.9781131744384766,1.8396854400634766,C3AC158084FE6B2E1E2A28EB8B010C43532F7612E6C99F1B6C305F66A374BE18
20260714,js_consistency_transfer,JS Consistency,cnrs_parent_0164,pattern_470,orthorhombic,2,1.3088257711958944,0.6689618022430934,1,2,4,1,0,0.5087890625,0.0036029815673828125,0.5051860809326172,0.189208984375,-0.8977642059326172,1.0869731903076172,C3AC158084FE6B2E1E2A28EB8B010C43532F7612E6C99F1B6C305F66A374BE18
20260714,js_consistency_transfer,JS Consistency,cnrs_parent_0167,pattern_476,orthorhombic,2,0.18866073953908613,0.00982594841921679,0,4,4,0,0,0.01009368896484375,0.033172607421875,-0.02307891845703125,-0.9581680297851562,-0.917510986328125,-0.04065704345703125,C3AC158084FE6B2E1E2A28EB8B010C43532F7612E6C99F1B6C305F66A374BE18
20260714,js_consistency_transfer,JS Consistency,cnrs_parent_0168,pattern_479,orthorhombic,2,0.18203513726748366,0.25715404978039413,1,1,0,0,0,0.262451171875,0.1602783203125,0.1021728515625,-0.367431640625,-0.5838623046875,0.2164306640625,C3AC158084FE6B2E1E2A28EB8B010C43532F7612E6C99F1B6C305F66A374BE18
20260714,js_consistency_transfer,JS Consistency,cnrs_parent_0171,pattern_485,orthorhombic,2,0.3208455092338849,0.05307776430282775,0,2,2,1,1,0.9990234375,0.85400390625,0.14501953125,0.9981908798217773,0.73431396484375,0.26387691497802734,C3AC158084FE6B2E1E2A28EB8B010C43532F7612E6C99F1B6C305F66A374BE18
20260714,js_consistency_transfer,JS Consistency,cnrs_parent_0172,pattern_487,orthorhombic,2,0.110245946261605,0.09780028173845938,1,1,0,0,0,0.01332855224609375,0.003665924072265625,0.009662628173828125,-0.6253433227539062,-0.7741661071777344,0.14882278442382812,C3AC158084FE6B2E1E2A28EB8B010C43532F7612E6C99F1B6C305F66A374BE18
20260714,js_consistency_transfer,JS Consistency,cnrs_parent_0177,pattern_498,orthorhombic,2,0.1476626643534925,0.0038289731916653566,0,2,2,1,1,0.9365234375,0.9375,-0.0009765625,0.888580322265625,0.903167724609375,-0.01458740234375,C3AC158084FE6B2E1E2A28EB8B010C43532F7612E6C99F1B6C305F66A374BE18
20260714,js_consistency_transfer,JS Consistency,cnrs_parent_0184,pattern_532,orthorhombic,2,0.20892878737406984,0.09106146624171679,1,1,0,0,0,0.1976318359375,0.037017822265625,0.160614013671875,-0.3111572265625,-0.595306396484375,0.284149169921875,C3AC158084FE6B2E1E2A28EB8B010C43532F7612E6C99F1B6C305F66A374BE18
20260714,js_consistency_transfer,JS Consistency,cnrs_parent_0187,pattern_541,orthorhombic,2,0.0904204972360827,0.07721847277974433,0,1,1,0,0,0.08258056640625,0.0107421875,0.07183837890625,-0.71917724609375,-0.556640625,-0.16253662109375,C3AC158084FE6B2E1E2A28EB8B010C43532F7612E6C99F1B6C305F66A374BE18
20260714,js_consistency_transfer,JS Consistency,cnrs_parent_0192,pattern_553,orthorhombic,2,0.12777542416370402,0.13455109848029978,1,1,0,0,0,0.139404296875,0.058685302734375,0.080718994140625,-0.288330078125,-0.748931884765625,0.460601806640625,C3AC158084FE6B2E1E2A28EB8B010C43532F7612E6C99F1B6C305F66A374BE18
20260714,js_consistency_transfer,JS Consistency,cnrs_parent_0194,pattern_559,orthorhombic,2,0.7709435255517901,0.45912680980717196,1,1,0,0,0,0.110107421875,0.037139892578125,0.072967529296875,-0.625732421875,-0.916961669921875,0.291229248046875,C3AC158084FE6B2E1E2A28EB8B010C43532F7612E6C99F1B6C305F66A374BE18
20260714,js_consistency_transfer,JS Consistency,cnrs_parent_0197,pattern_566,orthorhombic,2,0.05025196234259144,0.003513290029050818,0,2,2,1,1,0.939453125,0.97216796875,-0.03271484375,0.9124755859375,0.9578018188476562,-0.04532623291015625,C3AC158084FE6B2E1E2A28EB8B010C43532F7612E6C99F1B6C305F66A374BE18
20260714,js_consistency_transfer,JS Consistency,cnrs_parent_0202,pattern_577,orthorhombic,2,0.002588168788656642,0.0009765017765676872,0,0,0,0,0,0.002777099609375,0.0015926361083984375,0.0011844635009765625,-0.964019775390625,-0.9793643951416016,0.015344619750976562,C3AC158084FE6B2E1E2A28EB8B010C43532F7612E6C99F1B6C305F66A374BE18
20260714,js_consistency_transfer,JS Consistency,cnrs_parent_0204,pattern_581,orthorhombic,2,0.19025997786933924,0.07334372051403873,0,1,1,0,0,0.40478515625,0.0872802734375,0.3175048828125,-0.1552734375,-0.7637939453125,0.6085205078125,C3AC158084FE6B2E1E2A28EB8B010C43532F7612E6C99F1B6C305F66A374BE18
20260714,js_consistency_transfer,JS Consistency,cnrs_parent_0206,pattern_583,orthorhombic,2,0.0075276837566045085,0.0026679790866678222,0,2,2,1,1,0.689453125,0.71630859375,-0.02685546875,0.5592041015625,0.5718994140625,-0.0126953125,C3AC158084FE6B2E1E2A28EB8B010C43532F7612E6C99F1B6C305F66A374BE18
20260714,js_consistency_transfer,JS Consistency,cnrs_parent_0227,pattern_634,orthorhombic,2,0.40575097190304643,0.427494629581464,1,1,0,0,0,0.01105499267578125,0.098876953125,-0.08782196044921875,-0.8468551635742188,-0.779052734375,-0.06780242919921875,C3AC158084FE6B2E1E2A28EB8B010C43532F7612E6C99F1B6C305F66A374BE18
20260714,js_consistency_transfer,JS Consistency,cnrs_parent_0230,pattern_646,orthorhombic,2,0.29065673017442817,0.338334587767401,1,4,0,0,0,0.006626129150390625,0.00010371208190917969,0.006522417068481445,-0.5705223083496094,-0.8890564441680908,0.31853413581848145,C3AC158084FE6B2E1E2A28EB8B010C43532F7612E6C99F1B6C305F66A374BE18
20260714,js_consistency_transfer,JS Consistency,cnrs_parent_0235,pattern_660,orthorhombic,2,0.41751393014367355,0.15891992722358,1,4,3,0,0,0.0723876953125,0.1251220703125,-0.052734375,-0.3834228515625,-0.4193115234375,0.035888671875,C3AC158084FE6B2E1E2A28EB8B010C43532F7612E6C99F1B6C305F66A374BE18
20260714,js_consistency_transfer,JS Consistency,cnrs_parent_0242,pattern_697,orthorhombic,2,0.01838514208110964,0.023354903736889934,0,0,0,0,0,0.1260986328125,0.024749755859375,0.101348876953125,-0.6468505859375,-0.873687744140625,0.226837158203125,C3AC158084FE6B2E1E2A28EB8B010C43532F7612E6C99F1B6C305F66A374BE18
20260714,js_consistency_transfer,JS Consistency,cnrs_parent_0256,pattern_760,orthorhombic,2,1.2072588783631504,0.6432176945656998,1,0,4,0,0,0.287109375,0.0189666748046875,0.2681427001953125,-0.2451171875,-0.7730255126953125,0.5279083251953125,C3AC158084FE6B2E1E2A28EB8B010C43532F7612E6C99F1B6C305F66A374BE18
20260714,js_consistency_transfer,JS Consistency,cnrs_parent_0261,pattern_781,orthorhombic,2,0.5587138807584244,0.566641153795903,1,3,0,0,0,0.346435546875,0.01361846923828125,0.33281707763671875,-0.073974609375,-0.9697799682617188,0.8958053588867188,C3AC158084FE6B2E1E2A28EB8B010C43532F7612E6C99F1B6C305F66A374BE18
20260714,js_consistency_transfer,JS Consistency,cnrs_parent_0262,pattern_784,orthorhombic,2,0.315022617283957,0.46294511883168676,1,2,0,1,0,0.87451171875,0.049407958984375,0.825103759765625,0.826507568359375,-0.825103759765625,1.651611328125,C3AC158084FE6B2E1E2A28EB8B010C43532F7612E6C99F1B6C305F66A374BE18
20260714,js_consistency_transfer,JS Consistency,cnrs_parent_0267,pattern_800,orthorhombic,2,0.027245587516027348,0.006826433377684266,0,0,0,0,0,0.06878662109375,0.0244293212890625,0.0443572998046875,-0.67340087890625,-0.7846527099609375,0.1112518310546875,C3AC158084FE6B2E1E2A28EB8B010C43532F7612E6C99F1B6C305F66A374BE18
20260714,js_consistency_transfer,JS Consistency,cnrs_parent_0281,pattern_845,orthorhombic,2,0.1222022024284295,0.20357191044222658,1,1,0,0,0,0.028778076171875,0.000263214111328125,0.028514862060546875,-0.678741455078125,-0.8649711608886719,0.18622970581054688,C3AC158084FE6B2E1E2A28EB8B010C43532F7612E6C99F1B6C305F66A374BE18
20260714,js_consistency_transfer,JS Consistency,cnrs_parent_0283,pattern_855,orthorhombic,2,0.6794825282838461,0.5735053144753153,1,3,0,0,0,0.14306640625,0.0179595947265625,0.1251068115234375,-0.6455078125,-0.8653411865234375,0.2198333740234375,C3AC158084FE6B2E1E2A28EB8B010C43532F7612E6C99F1B6C305F66A374BE18
20260714,js_consistency_transfer,JS Consistency,cnrs_parent_0286,pattern_861,orthorhombic,2,0.02178448434561442,0.02759784876269647,1,1,0,0,0,0.0021228790283203125,0.00504302978515625,-0.0029201507568359375,-0.6956310272216797,-0.5223007202148438,-0.17333030700683594,C3AC158084FE6B2E1E2A28EB8B010C43532F7612E6C99F1B6C305F66A374BE18
20260714,js_consistency_transfer,JS Consistency,cnrs_parent_0287,pattern_868,orthorhombic,2,0.0712324608352366,0.15964338002270062,1,1,0,0,0,0.06231689453125,0.00904083251953125,0.05327606201171875,-0.60906982421875,-0.7922286987304688,0.18315887451171875,C3AC158084FE6B2E1E2A28EB8B010C43532F7612E6C99F1B6C305F66A374BE18
20260714,js_consistency_transfer,JS Consistency,cnrs_parent_0299,pattern_908,orthorhombic,2,0.4060263810819187,0.5046010066757723,1,4,3,0,0,0.042816162109375,0.0015039443969726562,0.041312217712402344,-0.767730712890625,-0.9892187118530273,0.22148799896240234,C3AC158084FE6B2E1E2A28EB8B010C43532F7612E6C99F1B6C305F66A374BE18
20260714,js_consistency_transfer,JS Consistency,cnrs_parent_0307,pattern_939,orthorhombic,2,0.34566761439344573,0.3649656090686062,1,2,1,1,0,0.865234375,0.0986328125,0.7666015625,0.8052978515625,-0.4873046875,1.2926025390625,C3AC158084FE6B2E1E2A28EB8B010C43532F7612E6C99F1B6C305F66A374BE18
20260714,js_consistency_transfer,JS Consistency,cnrs_parent_0310,pattern_950,orthorhombic,2,0.7058216707427298,0.4974988212616717,1,4,0,0,0,0.0123443603515625,0.01763916015625,-0.0052947998046875,-0.8748626708984375,-0.50921630859375,-0.3656463623046875,C3AC158084FE6B2E1E2A28EB8B010C43532F7612E6C99F1B6C305F66A374BE18
20260714,js_consistency_transfer,JS Consistency,cnrs_parent_0312,pattern_958,orthorhombic,2,0.02689311629159663,0.011264988253657873,1,1,0,0,0,0.02813720703125,0.0155181884765625,0.0126190185546875,-0.46380615234375,-0.6094818115234375,0.1456756591796875,C3AC158084FE6B2E1E2A28EB8B010C43532F7612E6C99F1B6C305F66A374BE18
20260714,js_consistency_transfer,JS Consistency,cnrs_parent_0318,pattern_972,orthorhombic,2,0.7899416982232531,0.6870105765063335,1,4,0,0,0,0.04302978515625,7.200241088867188e-05,0.04295778274536133,-0.90081787109375,-0.9852795600891113,0.08446168899536133,C3AC158084FE6B2E1E2A28EB8B010C43532F7612E6C99F1B6C305F66A374BE18
20260714,js_consistency_transfer,JS Consistency,cnrs_parent_0002,pattern_1010,orthorhombic,2,0.43218965272609866,0.0856304838896906,0,4,4,0,0,0.127685546875,0.05975341796875,0.06793212890625,-0.724365234375,-0.61798095703125,-0.10638427734375,C3AC158084FE6B2E1E2A28EB8B010C43532F7612E6C99F1B6C305F66A374BE18
20260714,js_consistency_transfer,JS Consistency,cnrs_parent_0003,pattern_1013,orthorhombic,2,0.13525164499398867,0.14418832878406815,0,1,1,0,0,0.42431640625,0.0205078125,0.40380859375,-0.1123046875,-0.9375,0.8251953125,C3AC158084FE6B2E1E2A28EB8B010C43532F7612E6C99F1B6C305F66A374BE18
20260714,js_consistency_transfer,JS Consistency,cnrs_parent_0004,pattern_1018,orthorhombic,2,0.3748347024331936,0.28537875932825907,1,1,0,0,0,0.294677734375,0.00850677490234375,0.28617095947265625,-0.19873046875,-0.8703994750976562,0.6716690063476562,C3AC158084FE6B2E1E2A28EB8B010C43532F7612E6C99F1B6C305F66A374BE18
20260714,js_consistency_transfer,JS Consistency,cnrs_parent_0009,pattern_1024,orthorhombic,2,0.777748389889584,0.4555972155145039,1,3,1,0,0,0.0972900390625,0.155029296875,-0.0577392578125,-0.5057373046875,-0.423095703125,-0.0826416015625,C3AC158084FE6B2E1E2A28EB8B010C43532F7612E6C99F1B6C305F66A374BE18
20260714,js_consistency_transfer,JS Consistency,cnrs_parent_0010,pattern_1028,orthorhombic,2,0.06465080034177251,0.018736428392062354,0,0,0,0,0,0.0104827880859375,0.013702392578125,-0.0032196044921875,-0.8029937744140625,-0.917449951171875,0.1144561767578125,C3AC158084FE6B2E1E2A28EB8B010C43532F7612E6C99F1B6C305F66A374BE18
20260714,js_consistency_transfer,JS Consistency,cnrs_parent_0013,pattern_1032,orthorhombic,2,0.019710646420572298,0.006763613389732369,0,0,0,0,0,0.08319091796875,0.128173828125,-0.04498291015625,-0.66680908203125,-0.521240234375,-0.14556884765625,C3AC158084FE6B2E1E2A28EB8B010C43532F7612E6C99F1B6C305F66A374BE18
20260714,js_consistency_transfer,JS Consistency,cnrs_parent_0016,pattern_1038,orthorhombic,2,0.2246415337014004,0.015040282338590269,0,4,4,0,0,0.00553131103515625,0.0222930908203125,-0.01676177978515625,-0.9388046264648438,-0.9425506591796875,0.00374603271484375,C3AC158084FE6B2E1E2A28EB8B010C43532F7612E6C99F1B6C305F66A374BE18
20260714,js_consistency_transfer,JS Consistency,cnrs_parent_0017,pattern_1039,orthorhombic,2,0.17347815169047376,0.03147072470125546,1,1,0,0,0,0.14501953125,0.202880859375,-0.057861328125,-0.250732421875,-0.312255859375,0.0615234375,C3AC158084FE6B2E1E2A28EB8B010C43532F7612E6C99F1B6C305F66A374BE18
20260714,js_consistency_transfer,JS Consistency,cnrs_parent_0018,pattern_1040,orthorhombic,2,0.2846931405601001,0.13755316083108599,0,2,2,1,1,0.58056640625,0.96337890625,-0.3828125,0.202880859375,0.9426727294921875,-0.7397918701171875,C3AC158084FE6B2E1E2A28EB8B010C43532F7612E6C99F1B6C305F66A374BE18
20260714,js_consistency_transfer,JS Consistency,cnrs_parent_0019,pattern_1043,orthorhombic,2,0.003160767114216867,0.002622721798729951,0,2,2,1,1,0.7314453125,0.771484375,-0.0400390625,0.4912109375,0.5845947265625,-0.0933837890625,C3AC158084FE6B2E1E2A28EB8B010C43532F7612E6C99F1B6C305F66A374BE18
20260714,js_consistency_transfer,JS Consistency,cnrs_parent_0133,pattern_37,tetragonal,3,0.4355485282877154,0.04758750074715867,0,3,3,1,1,0.94970703125,0.8642578125,0.08544921875,0.9163818359375,0.816986083984375,0.099395751953125,C3AC158084FE6B2E1E2A28EB8B010C43532F7612E6C99F1B6C305F66A374BE18
20260714,js_consistency_transfer,JS Consistency,cnrs_parent_0203,pattern_58,tetragonal,3,0.5978747130182303,0.44809930389662467,1,3,4,1,0,0.77294921875,0.0088653564453125,0.7640838623046875,0.631591796875,-0.9349822998046875,1.5665740966796875,C3AC158084FE6B2E1E2A28EB8B010C43532F7612E6C99F1B6C305F66A374BE18
20260714,js_consistency_transfer,JS Consistency,cnrs_parent_0222,pattern_62,tetragonal,3,0.16026895791788853,0.3279535496693852,1,0,2,0,0,0.00113677978515625,0.00136566162109375,-0.0002288818359375,-0.49715423583984375,-0.7784194946289062,0.2812652587890625,C3AC158084FE6B2E1E2A28EB8B010C43532F7612E6C99F1B6C305F66A374BE18
20260714,js_consistency_transfer,JS Consistency,cnrs_parent_0264,pattern_79,tetragonal,3,0.12293813284910948,0.022443537411697446,0,3,3,1,1,0.91259765625,0.9873046875,-0.07470703125,0.8309326171875,0.9824638366699219,-0.15153121948242188,C3AC158084FE6B2E1E2A28EB8B010C43532F7612E6C99F1B6C305F66A374BE18
20260714,js_consistency_transfer,JS Consistency,cnrs_parent_0023,pattern_105,tetragonal,3,0.42200335884030615,0.004268993045742351,0,3,3,1,1,0.9931640625,0.97607421875,0.01708984375,0.988616943359375,0.9595489501953125,0.0290679931640625,C3AC158084FE6B2E1E2A28EB8B010C43532F7612E6C99F1B6C305F66A374BE18
20260714,js_consistency_transfer,JS Consistency,cnrs_parent_0038,pattern_124,tetragonal,3,0.26609795818427984,0.2533901242762615,1,4,0,0,0,0.006992340087890625,0.00013244152069091797,0.006859898567199707,-0.5721092224121094,-0.9691058397293091,0.3969966173171997,C3AC158084FE6B2E1E2A28EB8B010C43532F7612E6C99F1B6C305F66A374BE18
20260714,js_consistency_transfer,JS Consistency,cnrs_parent_0052,pattern_156,tetragonal,3,0.6670488302155912,0.6406827050947872,1,3,0,1,0,0.6396484375,8.171796798706055e-05,0.6395667195320129,0.2890625,-0.7816565632820129,1.070719063282013,C3AC158084FE6B2E1E2A28EB8B010C43532F7612E6C99F1B6C305F66A374BE18
20260714,js_consistency_transfer,JS Consistency,cnrs_parent_0071,pattern_203,tetragonal,3,0.883035071384419,0.6643324877613177,1,3,4,1,0,0.9921875,0.007007598876953125,0.9851799011230469,0.9885921478271484,-0.9534416198730469,1.9420337677001953,C3AC158084FE6B2E1E2A28EB8B010C43532F7612E6C99F1B6C305F66A374BE18
20260714,js_consistency_transfer,JS Consistency,cnrs_parent_0103,pattern_274,tetragonal,3,0.3859525193006593,0.17502239367369715,1,2,4,0,0,0.180908203125,0.0180206298828125,0.1628875732421875,-0.425048828125,-0.6465301513671875,0.2214813232421875,C3AC158084FE6B2E1E2A28EB8B010C43532F7612E6C99F1B6C305F66A374BE18
20260714,js_consistency_transfer,JS Consistency,cnrs_parent_0104,pattern_278,tetragonal,3,0.02229781286915511,0.0013582348740933513,0,0,0,0,0,0.00388336181640625,0.002239227294921875,0.001644134521484375,-0.5117416381835938,-0.5255928039550781,0.013851165771484375,C3AC158084FE6B2E1E2A28EB8B010C43532F7612E6C99F1B6C305F66A374BE18
20260714,js_consistency_transfer,JS Consistency,cnrs_parent_0106,pattern_283,tetragonal,3,0.05325285832091797,0.001339957673754187,0,0,0,0,0,0.0013399124145507812,0.00028204917907714844,0.0010578632354736328,-0.7095975875854492,-0.7448351383209229,0.03523755073547363,C3AC158084FE6B2E1E2A28EB8B010C43532F7612E6C99F1B6C305F66A374BE18
20260714,js_consistency_transfer,JS Consistency,cnrs_parent_0107,pattern_288,tetragonal,3,0.3010692238671424,0.06744096046074884,0,4,4,0,0,0.204833984375,0.01580810546875,0.18902587890625,-0.390380859375,-0.82012939453125,0.42974853515625,C3AC158084FE6B2E1E2A28EB8B010C43532F7612E6C99F1B6C305F66A374BE18
20260714,js_consistency_transfer,JS Consistency,cnrs_parent_0108,pattern_294,tetragonal,3,1.5229890827289845,0.6927734990070782,1,4,0,0,0,0.0006084442138671875,4.0531158447265625e-06,0.0006043910980224609,-0.9046649932861328,-0.8559529781341553,-0.04871201515197754,C3AC158084FE6B2E1E2A28EB8B010C43532F7612E6C99F1B6C305F66A374BE18
20260714,js_consistency_transfer,JS Consistency,cnrs_parent_0117,pattern_324,tetragonal,3,0.25139934381101725,0.018382664936317995,0,3,3,1,1,0.97705078125,0.88720703125,0.08984375,0.956695556640625,0.7786865234375,0.178009033203125,C3AC158084FE6B2E1E2A28EB8B010C43532F7612E6C99F1B6C305F66A374BE18
20260714,js_consistency_transfer,JS Consistency,cnrs_parent_0118,pattern_327,tetragonal,3,0.08589386508366015,0.07647645174797932,0,3,3,1,1,0.748046875,0.465087890625,0.282958984375,0.568359375,0.067138671875,0.501220703125,C3AC158084FE6B2E1E2A28EB8B010C43532F7612E6C99F1B6C305F66A374BE18
20260714,js_consistency_transfer,JS Consistency,cnrs_parent_0144,pattern_409,tetragonal,3,0.816042699345521,0.5362188756354673,1,4,0,0,0,0.19482421875,0.0007791519165039062,0.1940450668334961,-0.289306640625,-0.6959981918334961,0.4066915512084961,C3AC158084FE6B2E1E2A28EB8B010C43532F7612E6C99F1B6C305F66A374BE18
20260714,js_consistency_transfer,JS Consistency,cnrs_parent_0155,pattern_448,tetragonal,3,0.02541350863249703,0.0016514904095019755,0,3,3,1,1,0.97705078125,0.9609375,0.01611328125,0.9565277099609375,0.92279052734375,0.0337371826171875,C3AC158084FE6B2E1E2A28EB8B010C43532F7612E6C99F1B6C305F66A374BE18
20260714,js_consistency_transfer,JS Consistency,cnrs_parent_0166,pattern_475,tetragonal,3,0.2995146168589302,0.06262006885935385,0,2,2,0,0,0.0294342041015625,0.02197265625,0.0074615478515625,-0.8231048583984375,-0.6220703125,-0.2010345458984375,C3AC158084FE6B2E1E2A28EB8B010C43532F7612E6C99F1B6C305F66A374BE18
20260714,js_consistency_transfer,JS Consistency,cnrs_parent_0185,pattern_533,tetragonal,3,0.853941659880769,0.6363505577616977,1,2,0,0,0,0.183349609375,0.00040602684020996094,0.18294358253479004,-0.341064453125,-0.94197678565979,0.60091233253479,C3AC158084FE6B2E1E2A28EB8B010C43532F7612E6C99F1B6C305F66A374BE18
20260714,js_consistency_transfer,JS Consistency,cnrs_parent_0201,pattern_576,tetragonal,3,0.310678266644855,0.044918354834790106,0,2,2,0,0,0.0982666015625,0.007427215576171875,0.09083938598632812,-0.6512451171875,-0.7586860656738281,0.10744094848632812,C3AC158084FE6B2E1E2A28EB8B010C43532F7612E6C99F1B6C305F66A374BE18
20260714,js_consistency_transfer,JS Consistency,cnrs_parent_0215,pattern_606,tetragonal,3,0.08160644202030354,0.043362051032205126,0,1,1,0,0,0.006542205810546875,0.0079498291015625,-0.001407623291015625,-0.7346687316894531,-0.5179290771484375,-0.21673965454101562,C3AC158084FE6B2E1E2A28EB8B010C43532F7612E6C99F1B6C305F66A374BE18
20260714,js_consistency_transfer,JS Consistency,cnrs_parent_0218,pattern_615,tetragonal,3,0.2611562509970874,0.013000153907604714,0,2,2,0,0,0.033477783203125,0.0181427001953125,0.0153350830078125,-0.819061279296875,-0.8309783935546875,0.0119171142578125,C3AC158084FE6B2E1E2A28EB8B010C43532F7612E6C99F1B6C305F66A374BE18
20260714,js_consistency_transfer,JS Consistency,cnrs_parent_0225,pattern_631,tetragonal,3,0.2652198619782157,0.08042361800949141,1,3,2,1,0,0.498046875,0.140380859375,0.357666015625,0.19189453125,-0.390869140625,0.582763671875,C3AC158084FE6B2E1E2A28EB8B010C43532F7612E6C99F1B6C305F66A374BE18
20260714,js_consistency_transfer,JS Consistency,cnrs_parent_0226,pattern_633,tetragonal,3,0.8869567820295108,0.5610553562671798,1,2,6,0,0,0.40380859375,0.0362548828125,0.3675537109375,-0.073974609375,-0.8250732421875,0.7510986328125,C3AC158084FE6B2E1E2A28EB8B010C43532F7612E6C99F1B6C305F66A374BE18
20260714,js_consistency_transfer,JS Consistency,cnrs_parent_0228,pattern_638,tetragonal,3,0.10440890823951599,0.11057110611664711,1,3,1,1,0,0.70654296875,0.299072265625,0.407470703125,0.559326171875,-0.0205078125,0.579833984375,C3AC158084FE6B2E1E2A28EB8B010C43532F7612E6C99F1B6C305F66A374BE18
20260714,js_consistency_transfer,JS Consistency,cnrs_parent_0231,pattern_648,tetragonal,3,0.7230911664253199,0.40096997091099573,1,2,1,0,0,0.290283203125,4.029273986816406e-05,0.29024291038513184,-0.062744140625,-0.49751830101013184,0.43477416038513184,C3AC158084FE6B2E1E2A28EB8B010C43532F7612E6C99F1B6C305F66A374BE18
20260714,js_consistency_transfer,JS Consistency,cnrs_parent_0239,pattern_682,tetragonal,3,0.13533788663622248,0.08482192341832394,1,2,1,0,0,0.30615234375,0.361083984375,-0.054931640625,-0.10595703125,-0.0166015625,-0.08935546875,C3AC158084FE6B2E1E2A28EB8B010C43532F7612E6C99F1B6C305F66A374BE18
20260714,js_consistency_transfer,JS Consistency,cnrs_parent_0247,pattern_724,tetragonal,3,0.20548716770245823,0.002010219427547148,0,3,3,1,1,0.99951171875,0.99267578125,0.0068359375,0.9992406368255615,0.9863662719726562,0.012874364852905273,C3AC158084FE6B2E1E2A28EB8B010C43532F7612E6C99F1B6C305F66A374BE18
20260714,js_consistency_transfer,JS Consistency,cnrs_parent_0250,pattern_744,tetragonal,3,0.5154911130472357,0.26576380354626,1,3,4,1,0,0.5341796875,0.00971221923828125,0.5244674682617188,0.1845703125,-0.9478073120117188,1.1323776245117188,C3AC158084FE6B2E1E2A28EB8B010C43532F7612E6C99F1B6C305F66A374BE18
20260714,js_consistency_transfer,JS Consistency,cnrs_parent_0252,pattern_751,tetragonal,3,1.1122689512953796,0.651969547097061,1,6,0,0,0,0.00016629695892333984,0.006343841552734375,-0.006177544593811035,-0.9837204217910767,-0.8042030334472656,-0.17951738834381104,C3AC158084FE6B2E1E2A28EB8B010C43532F7612E6C99F1B6C305F66A374BE18
20260714,js_consistency_transfer,JS Consistency,cnrs_parent_0258,pattern_772,tetragonal,3,0.2089633000468617,0.02234272238955394,0,2,2,0,0,0.01800537109375,0.0316162109375,-0.01361083984375,-0.85308837890625,-0.7066650390625,-0.14642333984375,C3AC158084FE6B2E1E2A28EB8B010C43532F7612E6C99F1B6C305F66A374BE18
20260714,js_consistency_transfer,JS Consistency,cnrs_parent_0263,pattern_785,tetragonal,3,0.2842014331341032,0.04782920628965677,0,2,2,0,0,0.25341796875,0.049835205078125,0.203582763671875,-0.2607421875,-0.644012451171875,0.383270263671875,C3AC158084FE6B2E1E2A28EB8B010C43532F7612E6C99F1B6C305F66A374BE18
20260714,js_consistency_transfer,JS Consistency,cnrs_parent_0275,pattern_837,tetragonal,3,0.5466073307054277,0.1823984143528824,0,3,3,1,1,0.57177734375,0.9326171875,-0.36083984375,0.3531494140625,0.891876220703125,-0.538726806640625,C3AC158084FE6B2E1E2A28EB8B010C43532F7612E6C99F1B6C305F66A374BE18
20260714,js_consistency_transfer,JS Consistency,cnrs_parent_0279,pattern_841,tetragonal,3,0.4711598810206482,0.15537283934962792,0,4,4,0,0,0.3603515625,0.01263427734375,0.34771728515625,-0.15380859375,-0.92779541015625,0.77398681640625,C3AC158084FE6B2E1E2A28EB8B010C43532F7612E6C99F1B6C305F66A374BE18
20260714,js_consistency_transfer,JS Consistency,cnrs_parent_0280,pattern_844,tetragonal,3,0.24235789993286827,0.1297453160580766,0,2,2,0,0,0.00934600830078125,0.068359375,-0.05901336669921875,-0.9335250854492188,-0.486328125,-0.44719696044921875,C3AC158084FE6B2E1E2A28EB8B010C43532F7612E6C99F1B6C305F66A374BE18
20260714,js_consistency_transfer,JS Consistency,cnrs_parent_0304,pattern_928,tetragonal,3,0.21674451483751678,0.09438029428931718,0,2,2,0,0,0.00823211669921875,0.051055908203125,-0.04282379150390625,-0.9258499145507812,-0.564666748046875,-0.36118316650390625,C3AC158084FE6B2E1E2A28EB8B010C43532F7612E6C99F1B6C305F66A374BE18
20260714,js_consistency_transfer,JS Consistency,cnrs_parent_0315,pattern_963,tetragonal,3,0.32677543562989875,0.19710720188393338,1,3,4,1,0,0.46044921875,0.02008056640625,0.44036865234375,0.027099609375,-0.93402099609375,0.96112060546875,C3AC158084FE6B2E1E2A28EB8B010C43532F7612E6C99F1B6C305F66A374BE18
20260714,js_consistency_transfer,JS Consistency,cnrs_parent_0317,pattern_966,tetragonal,3,0.168480318290383,0.015458382162997053,0,2,2,0,0,0.0161895751953125,0.00659942626953125,0.00959014892578125,-0.6342010498046875,-0.6393966674804688,0.00519561767578125,C3AC158084FE6B2E1E2A28EB8B010C43532F7612E6C99F1B6C305F66A374BE18
20260714,js_consistency_transfer,JS Consistency,cnrs_parent_0319,pattern_975,tetragonal,3,0.1286333062903522,0.051058726428063,1,0,1,0,0,0.00506591796875,0.0677490234375,-0.06268310546875,-0.71221923828125,-0.3721923828125,-0.34002685546875,C3AC158084FE6B2E1E2A28EB8B010C43532F7612E6C99F1B6C305F66A374BE18
20260714,js_consistency_transfer,JS Consistency,cnrs_parent_0006,pattern_1020,tetragonal,3,0.28156996611323404,0.007823313183323867,0,2,2,0,0,0.0184478759765625,0.0159912109375,0.0024566650390625,-0.8780364990234375,-0.9200439453125,0.0420074462890625,C3AC158084FE6B2E1E2A28EB8B010C43532F7612E6C99F1B6C305F66A374BE18
20260714,js_consistency_transfer,JS Consistency,cnrs_parent_0022,pattern_1049,tetragonal,3,0.039889847028837466,0.02471045729133052,0,3,3,1,1,0.90576171875,0.74658203125,0.1591796875,0.8206787109375,0.5157470703125,0.304931640625,C3AC158084FE6B2E1E2A28EB8B010C43532F7612E6C99F1B6C305F66A374BE18
20260714,js_consistency_transfer,JS Consistency,cnrs_parent_0075,pattern_21,trigonal,4,0.28702877895108714,0.35152002512053737,1,1,0,0,0,0.01003265380859375,0.0009093284606933594,0.00912332534790039,-0.5109634399414062,-0.8223328590393066,0.3113694190979004,C3AC158084FE6B2E1E2A28EB8B010C43532F7612E6C99F1B6C305F66A374BE18
20260714,js_consistency_transfer,JS Consistency,cnrs_parent_0309,pattern_95,trigonal,4,0.22819155855176387,0.11418756064152494,1,2,1,0,0,0.003875732421875,5.4776668548583984e-05,0.003820955753326416,-0.540069580078125,-0.4479432702064514,-0.09212630987167358,C3AC158084FE6B2E1E2A28EB8B010C43532F7612E6C99F1B6C305F66A374BE18
20260714,js_consistency_transfer,JS Consistency,cnrs_parent_0026,pattern_107,trigonal,4,0.5339442695030236,0.3425763816653381,1,5,0,0,0,0.22509765625,0.141845703125,0.083251953125,-0.39306640625,-0.423583984375,0.030517578125,C3AC158084FE6B2E1E2A28EB8B010C43532F7612E6C99F1B6C305F66A374BE18
20260714,js_consistency_transfer,JS Consistency,cnrs_parent_0041,pattern_127,trigonal,4,0.9468311889769265,0.6594945735580664,1,6,1,0,0,0.423583984375,0.0103759765625,0.4132080078125,-0.131103515625,-0.7093505859375,0.5782470703125,C3AC158084FE6B2E1E2A28EB8B010C43532F7612E6C99F1B6C305F66A374BE18
20260714,js_consistency_transfer,JS Consistency,cnrs_parent_0047,pattern_142,trigonal,4,0.1289604164689495,0.054572885917098295,0,2,2,0,0,0.03802490234375,0.06951904296875,-0.031494140625,-0.73883056640625,-0.57061767578125,-0.168212890625,C3AC158084FE6B2E1E2A28EB8B010C43532F7612E6C99F1B6C305F66A374BE18
20260714,js_consistency_transfer,JS Consistency,cnrs_parent_0050,pattern_150,trigonal,4,1.2743239145600425,0.6809006295514838,1,6,2,0,0,0.1619873046875,0.0005035400390625,0.1614837646484375,-0.3839111328125,-0.4994964599609375,0.1155853271484375,C3AC158084FE6B2E1E2A28EB8B010C43532F7612E6C99F1B6C305F66A374BE18
20260714,js_consistency_transfer,JS Consistency,cnrs_parent_0058,pattern_171,trigonal,4,0.2059987605585143,0.2932466317297247,1,1,0,0,0,2.664327621459961e-05,0.0003273487091064453,-0.0003007054328918457,-0.8573952317237854,-0.8473289012908936,-0.010066330432891846,C3AC158084FE6B2E1E2A28EB8B010C43532F7612E6C99F1B6C305F66A374BE18
20260714,js_consistency_transfer,JS Consistency,cnrs_parent_0068,pattern_194,trigonal,4,0.3688277522003307,0.17721847519982892,0,1,1,0,0,0.005886077880859375,0.10986328125,-0.10397720336914062,-0.5800514221191406,-0.41015625,-0.16989517211914062,C3AC158084FE6B2E1E2A28EB8B010C43532F7612E6C99F1B6C305F66A374BE18
20260714,js_consistency_transfer,JS Consistency,cnrs_parent_0112,pattern_308,trigonal,4,0.2727903047845496,0.1164816199766711,0,1,1,0,0,0.0232391357421875,0.00011396408081054688,0.023125171661376953,-0.4567413330078125,-0.7762532234191895,0.31951189041137695,C3AC158084FE6B2E1E2A28EB8B010C43532F7612E6C99F1B6C305F66A374BE18
20260714,js_consistency_transfer,JS Consistency,cnrs_parent_0116,pattern_323,trigonal,4,1.0872376247158206,0.5915040022242206,1,4,3,1,0,0.9736328125,0.04730224609375,0.92633056640625,0.949066162109375,-0.55474853515625,1.503814697265625,C3AC158084FE6B2E1E2A28EB8B010C43532F7612E6C99F1B6C305F66A374BE18
20260714,js_consistency_transfer,JS Consistency,cnrs_parent_0125,pattern_354,trigonal,4,0.3441133489780416,0.0407560371520696,0,0,0,0,0,0.00263214111328125,0.00016033649444580078,0.0024718046188354492,-0.6262741088867188,-0.5144881010055542,-0.11178600788116455,C3AC158084FE6B2E1E2A28EB8B010C43532F7612E6C99F1B6C305F66A374BE18
20260714,js_consistency_transfer,JS Consistency,cnrs_parent_0126,pattern_357,trigonal,4,0.5455423199434583,0.3067504268117206,1,5,0,0,0,0.2685546875,0.229248046875,0.039306640625,-0.234375,-0.377197265625,0.142822265625,C3AC158084FE6B2E1E2A28EB8B010C43532F7612E6C99F1B6C305F66A374BE18
20260714,js_consistency_transfer,JS Consistency,cnrs_parent_0141,pattern_398,trigonal,4,0.19799211503252234,0.45899147234518917,1,4,0,1,0,0.98681640625,0.1302490234375,0.8565673828125,0.9762725830078125,-0.5587158203125,1.5349884033203125,C3AC158084FE6B2E1E2A28EB8B010C43532F7612E6C99F1B6C305F66A374BE18
20260714,js_consistency_transfer,JS Consistency,cnrs_parent_0145,pattern_413,trigonal,4,0.30144757790064314,0.46773830173456876,1,2,0,0,0,0.0157318115234375,0.00045180320739746094,0.015280008316040039,-0.8026275634765625,-0.9048216342926025,0.10219407081604004,C3AC158084FE6B2E1E2A28EB8B010C43532F7612E6C99F1B6C305F66A374BE18
20260714,js_consistency_transfer,JS Consistency,cnrs_parent_0146,pattern_415,trigonal,4,0.2752211524571144,0.12084835808080127,0,1,1,0,0,0.01432037353515625,5.2034854888916016e-05,0.014268338680267334,-0.47664642333984375,-0.7704557776451111,0.29380935430526733,C3AC158084FE6B2E1E2A28EB8B010C43532F7612E6C99F1B6C305F66A374BE18
20260714,js_consistency_transfer,JS Consistency,cnrs_parent_0157,pattern_452,trigonal,4,0.2011249285505532,0.16024019373454504,1,1,2,0,0,0.0020084381103515625,0.0002040863037109375,0.001804351806640625,-0.7938899993896484,-0.7156162261962891,-0.07827377319335938,C3AC158084FE6B2E1E2A28EB8B010C43532F7612E6C99F1B6C305F66A374BE18
20260714,js_consistency_transfer,JS Consistency,cnrs_parent_0179,pattern_506,trigonal,4,0.8262038342800219,0.04951355140602699,0,4,4,1,1,0.98974609375,0.8701171875,0.11962890625,0.98101806640625,0.82550048828125,0.155517578125,C3AC158084FE6B2E1E2A28EB8B010C43532F7612E6C99F1B6C305F66A374BE18
20260714,js_consistency_transfer,JS Consistency,cnrs_parent_0208,pattern_587,trigonal,4,0.15964791933562061,0.06917765189834965,0,0,0,0,0,0.0067138671875,1.0013580322265625e-05,0.006703853607177734,-0.7652587890625,-0.9902243614196777,0.22496557235717773,C3AC158084FE6B2E1E2A28EB8B010C43532F7612E6C99F1B6C305F66A374BE18
20260714,js_consistency_transfer,JS Consistency,cnrs_parent_0211,pattern_591,trigonal,4,0.1893518377489236,0.17970313178727912,1,1,0,0,0,0.0006570816040039062,7.021427154541016e-05,0.0005868673324584961,-0.5677022933959961,-0.7450469732284546,0.1773446798324585,C3AC158084FE6B2E1E2A28EB8B010C43532F7612E6C99F1B6C305F66A374BE18
20260714,js_consistency_transfer,JS Consistency,cnrs_parent_0220,pattern_617,trigonal,4,0.26373810803976405,0.07869739987755213,1,2,1,0,0,0.00323486328125,6.842613220214844e-05,0.0031664371490478516,-0.75115966796875,-0.41423821449279785,-0.33692145347595215,C3AC158084FE6B2E1E2A28EB8B010C43532F7612E6C99F1B6C305F66A374BE18
20260714,js_consistency_transfer,JS Consistency,cnrs_parent_0237,pattern_673,trigonal,4,1.4756392984888884,0.6931213456368129,1,6,0,0,0,6.258487701416016e-06,0.002338409423828125,-0.002332150936126709,-0.9999937415122986,-0.9468803405761719,-0.05311340093612671,C3AC158084FE6B2E1E2A28EB8B010C43532F7612E6C99F1B6C305F66A374BE18
20260714,js_consistency_transfer,JS Consistency,cnrs_parent_0246,pattern_722,trigonal,4,0.060132720110207316,0.0033645452732323335,0,2,2,0,0,0.0009255409240722656,0.0011167526245117188,-0.00019121170043945312,-0.9780783653259277,-0.9588441848754883,-0.019234180450439453,C3AC158084FE6B2E1E2A28EB8B010C43532F7612E6C99F1B6C305F66A374BE18
20260714,js_consistency_transfer,JS Consistency,cnrs_parent_0248,pattern_736,trigonal,4,0.15495384734882367,0.30873847173896224,1,2,0,0,0,0.000682830810546875,6.54458999633789e-05,0.0006173849105834961,-0.7205085754394531,-0.7055009603500366,-0.015007615089416504,C3AC158084FE6B2E1E2A28EB8B010C43532F7612E6C99F1B6C305F66A374BE18
20260714,js_consistency_transfer,JS Consistency,cnrs_parent_0270,pattern_820,trigonal,4,0.283401527683253,0.14461659595335355,0,4,4,1,1,0.9130859375,0.489501953125,0.423583984375,0.85284423828125,0.067626953125,0.78521728515625,C3AC158084FE6B2E1E2A28EB8B010C43532F7612E6C99F1B6C305F66A374BE18
20260714,js_consistency_transfer,JS Consistency,cnrs_parent_0272,pattern_826,trigonal,4,0.18240059151598453,0.3423004140243009,1,2,3,0,0,0.00421905517578125,0.001331329345703125,0.002887725830078125,-0.5895309448242188,-0.9830436706542969,0.3935127258300781,C3AC158084FE6B2E1E2A28EB8B010C43532F7612E6C99F1B6C305F66A374BE18
20260714,js_consistency_transfer,JS Consistency,cnrs_parent_0276,pattern_838,trigonal,4,0.2410927896383518,0.3970768582256782,1,2,0,0,0,0.0249176025390625,0.01806640625,0.0068511962890625,-0.7670745849609375,-0.81103515625,0.0439605712890625,C3AC158084FE6B2E1E2A28EB8B010C43532F7612E6C99F1B6C305F66A374BE18
20260714,js_consistency_transfer,JS Consistency,cnrs_parent_0277,pattern_839,trigonal,4,1.0311056918365549,0.6851631245562237,1,4,0,1,0,0.4970703125,2.7477741241455078e-05,0.49704283475875854,0.013427734375,-0.9428436160087585,0.9562713503837585,C3AC158084FE6B2E1E2A28EB8B010C43532F7612E6C99F1B6C305F66A374BE18
20260714,js_consistency_transfer,JS Consistency,cnrs_parent_0278,pattern_840,trigonal,4,0.2558055497496996,0.03957986417461072,1,1,2,0,0,0.00018465518951416016,0.00012171268463134766,6.29425048828125e-05,-0.45611417293548584,-0.46569859981536865,0.009584426879882812,C3AC158084FE6B2E1E2A28EB8B010C43532F7612E6C99F1B6C305F66A374BE18
20260714,js_consistency_transfer,JS Consistency,cnrs_parent_0289,pattern_878,trigonal,4,0.23124863019994224,0.020670023513856953,0,1,1,0,0,0.0010118484497070312,1.2576580047607422e-05,0.0009992718696594238,-0.644984245300293,-0.4767940640449524,-0.16819018125534058,C3AC158084FE6B2E1E2A28EB8B010C43532F7612E6C99F1B6C305F66A374BE18
20260714,js_consistency_transfer,JS Consistency,cnrs_parent_0302,pattern_915,trigonal,4,0.5243917149711514,0.661882757134572,1,4,0,1,0,0.9794921875,0.0027618408203125,0.9767303466796875,0.9694137573242188,-0.9835662841796875,1.9529800415039062,C3AC158084FE6B2E1E2A28EB8B010C43532F7612E6C99F1B6C305F66A374BE18
20260714,js_consistency_transfer,JS Consistency,cnrs_parent_0308,pattern_943,trigonal,4,0.11217216107308414,0.10815487968108159,0,1,1,0,0,0.0001914501190185547,1.4901161193847656e-06,0.00018996000289916992,-0.6838905811309814,-0.7260727286338806,0.04218214750289917,C3AC158084FE6B2E1E2A28EB8B010C43532F7612E6C99F1B6C305F66A374BE18
20260714,js_consistency_transfer,JS Consistency,cnrs_parent_0313,pattern_960,trigonal,4,0.14506302630512857,0.0001369734854984169,0,4,4,1,1,0.99951171875,0.99951171875,0.0,0.99934983253479,0.9989986419677734,0.00035119056701660156,C3AC158084FE6B2E1E2A28EB8B010C43532F7612E6C99F1B6C305F66A374BE18
20260714,js_consistency_transfer,JS Consistency,cnrs_parent_0012,pattern_1030,trigonal,4,0.057670063718661124,0.26111931700884333,1,6,4,0,1,0.053009033203125,0.7109375,-0.657928466796875,-0.893768310546875,0.422607421875,-1.316375732421875,C3AC158084FE6B2E1E2A28EB8B010C43532F7612E6C99F1B6C305F66A374BE18
20260714,js_consistency_transfer,JS Consistency,cnrs_parent_0057,pattern_17,hexagonal,5,0.20753777752344038,0.0015300215123792197,0,4,4,0,0,0.01016998291015625,0.002208709716796875,0.007961273193359375,-0.9790878295898438,-0.9953498840332031,0.016262054443359375,C3AC158084FE6B2E1E2A28EB8B010C43532F7612E6C99F1B6C305F66A374BE18
20260714,js_consistency_transfer,JS Consistency,cnrs_parent_0065,pattern_19,hexagonal,5,0.14048961674294957,0.05431263154062307,0,3,3,0,0,0.0008473396301269531,0.0034236907958984375,-0.0025763511657714844,-0.883918285369873,-0.6938419342041016,-0.19007635116577148,C3AC158084FE6B2E1E2A28EB8B010C43532F7612E6C99F1B6C305F66A374BE18
20260714,js_consistency_transfer,JS Consistency,cnrs_parent_0061,pattern_176,hexagonal,5,0.1956747590612844,0.05700609980775463,0,3,3,0,0,0.0228729248046875,0.0017633438110351562,0.021109580993652344,-0.4790802001953125,-0.6710882186889648,0.19200801849365234,C3AC158084FE6B2E1E2A28EB8B010C43532F7612E6C99F1B6C305F66A374BE18
20260714,js_consistency_transfer,JS Consistency,cnrs_parent_0073,pattern_207,hexagonal,5,0.22430527729824168,0.1179670867716171,1,4,0,0,0,0.00273895263671875,0.00023627281188964844,0.0025026798248291016,-0.36371612548828125,-0.24317193031311035,-0.1205441951751709,C3AC158084FE6B2E1E2A28EB8B010C43532F7612E6C99F1B6C305F66A374BE18
20260714,js_consistency_transfer,JS Consistency,cnrs_parent_0093,pattern_249,hexagonal,5,0.06639562059885018,0.06835379725700247,1,4,5,0,1,0.39501953125,0.4580078125,-0.06298828125,-0.035400390625,0.196533203125,-0.23193359375,C3AC158084FE6B2E1E2A28EB8B010C43532F7612E6C99F1B6C305F66A374BE18
20260714,js_consistency_transfer,JS Consistency,cnrs_parent_0096,pattern_257,hexagonal,5,0.30772658530770103,0.0487283366713538,0,4,4,0,0,0.11016845703125,0.0021762847900390625,0.10799217224121094,-0.77703857421875,-0.9514369964599609,0.17439842224121094,C3AC158084FE6B2E1E2A28EB8B010C43532F7612E6C99F1B6C305F66A374BE18
20260714,js_consistency_transfer,JS Consistency,cnrs_parent_0132,pattern_367,hexagonal,5,0.17814780354463766,0.08065407936440722,0,1,1,0,0,4.482269287109375e-05,0.0,4.482269287109375e-05,-0.6654825210571289,-0.7060546875,0.040572166442871094,C3AC158084FE6B2E1E2A28EB8B010C43532F7612E6C99F1B6C305F66A374BE18
20260714,js_consistency_transfer,JS Consistency,cnrs_parent_0159,pattern_457,hexagonal,5,0.3426026797054683,0.05770652041430077,0,3,3,0,0,0.03375244140625,0.1015625,-0.06781005859375,-0.55755615234375,-0.57763671875,0.02008056640625,C3AC158084FE6B2E1E2A28EB8B010C43532F7612E6C99F1B6C305F66A374BE18
20260714,js_consistency_transfer,JS Consistency,cnrs_parent_0216,pattern_608,hexagonal,5,0.929334679168405,0.691653090497111,1,4,0,0,0,0.0006160736083984375,1.1920928955078125e-06,0.0006148815155029297,-0.9984073638916016,-0.8740222454071045,-0.12438511848449707,C3AC158084FE6B2E1E2A28EB8B010C43532F7612E6C99F1B6C305F66A374BE18
20260714,js_consistency_transfer,JS Consistency,cnrs_parent_0223,pattern_627,hexagonal,5,0.4255434061564337,0.04780244955715737,0,5,5,1,1,0.7763671875,0.9599609375,-0.18359375,0.65374755859375,0.932647705078125,-0.278900146484375,C3AC158084FE6B2E1E2A28EB8B010C43532F7612E6C99F1B6C305F66A374BE18
20260714,js_consistency_transfer,JS Consistency,cnrs_parent_0288,pattern_873,hexagonal,5,0.3117714049138104,0.1732731483166441,1,3,2,0,0,0.031219482421875,0.248046875,-0.216827392578125,-0.432891845703125,-0.162353515625,-0.270538330078125,C3AC158084FE6B2E1E2A28EB8B010C43532F7612E6C99F1B6C305F66A374BE18
20260714,js_consistency_transfer,JS Consistency,cnrs_parent_0300,pattern_909,hexagonal,5,0.28240846705542777,0.29178015856418293,1,4,2,0,0,0.002941131591796875,0.05126953125,-0.048328399658203125,-0.9584846496582031,-0.358642578125,-0.5998420715332031,C3AC158084FE6B2E1E2A28EB8B010C43532F7612E6C99F1B6C305F66A374BE18
20260714,js_consistency_transfer,JS Consistency,cnrs_parent_0069,pattern_2,cubic,6,0.9601873776603579,0.6927897724784402,1,6,0,1,0,0.96044921875,1.6093254089355469e-06,0.9604476094245911,0.921112060546875,-0.9941390156745911,1.915251076221466,C3AC158084FE6B2E1E2A28EB8B010C43532F7612E6C99F1B6C305F66A374BE18
20260714,js_consistency_transfer,JS Consistency,cnrs_parent_0083,pattern_23,cubic,6,0.13545253060613638,0.15413606389786977,1,0,1,0,0,1.0728836059570312e-06,4.947185516357422e-06,-3.874301910400391e-06,-0.630370020866394,-0.6708934903144836,0.0405234694480896,C3AC158084FE6B2E1E2A28EB8B010C43532F7612E6C99F1B6C305F66A374BE18
20260714,js_consistency_transfer,JS Consistency,cnrs_parent_0097,pattern_26,cubic,6,0.14178763503669645,0.0002578151581939165,0,6,6,1,1,0.9990234375,1.0,-0.0009765625,0.9983024597167969,0.9999966025352478,-0.0016941428184509277,C3AC158084FE6B2E1E2A28EB8B010C43532F7612E6C99F1B6C305F66A374BE18
20260714,js_consistency_transfer,JS Consistency,cnrs_parent_0101,pattern_27,cubic,6,1.3038236962157241,0.6894932632674535,1,6,0,1,0,0.9990234375,1.0728836059570312e-06,0.999022364616394,0.9982180595397949,-0.47851455211639404,1.476732611656189,C3AC158084FE6B2E1E2A28EB8B010C43532F7612E6C99F1B6C305F66A374BE18
20260714,js_consistency_transfer,JS Consistency,cnrs_parent_0142,pattern_40,cubic,6,0.13492043799831543,0.007893460587134103,0,6,6,1,1,0.9921875,0.95849609375,0.03369140625,0.98529052734375,0.937530517578125,0.047760009765625,C3AC158084FE6B2E1E2A28EB8B010C43532F7612E6C99F1B6C305F66A374BE18
20260714,js_consistency_transfer,JS Consistency,cnrs_parent_0199,pattern_57,cubic,6,1.1404730942477321,0.6928725583377429,1,6,0,1,0,0.9755859375,0.0,0.9755859375,0.9619140625,-1.0,1.9619140625,C3AC158084FE6B2E1E2A28EB8B010C43532F7612E6C99F1B6C305F66A374BE18
20260714,js_consistency_transfer,JS Consistency,cnrs_parent_0241,pattern_69,cubic,6,0.040526098019123435,1.0704462927392706e-06,0,6,6,1,1,1.0,1.0,0.0,0.9999825358390808,0.999975323677063,7.212162017822266e-06,C3AC158084FE6B2E1E2A28EB8B010C43532F7612E6C99F1B6C305F66A374BE18
20260714,js_consistency_transfer,JS Consistency,cnrs_parent_0290,pattern_88,cubic,6,0.1466037676865256,0.23908236736019034,1,1,2,0,0,9.5367431640625e-07,4.589557647705078e-06,-3.635883331298828e-06,-0.8227529525756836,-0.6074172854423523,-0.2153356671333313,C3AC158084FE6B2E1E2A28EB8B010C43532F7612E6C99F1B6C305F66A374BE18
20260714,js_consistency_transfer,JS Consistency,cnrs_parent_0029,pattern_110,cubic,6,1.1232798523048202,0.6784069418747769,1,6,0,1,0,0.99072265625,1.823902130126953e-05,0.9907044172286987,0.982574462890625,-0.8559387922286987,1.8385132551193237,C3AC158084FE6B2E1E2A28EB8B010C43532F7612E6C99F1B6C305F66A374BE18
20260714,js_consistency_transfer,JS Consistency,cnrs_parent_0035,pattern_119,cubic,6,1.1633203622555024,0.6882184241700386,1,6,0,1,0,0.994140625,9.834766387939453e-06,0.9941307902336121,0.9882774353027344,-0.7514550089836121,1.7397324442863464,C3AC158084FE6B2E1E2A28EB8B010C43532F7612E6C99F1B6C305F66A374BE18
20260714,js_consistency_transfer,JS Consistency,cnrs_parent_0040,pattern_126,cubic,6,1.1782279133303408,0.5849590721005007,1,6,3,1,0,0.426513671875,0.0010843276977539062,0.4254293441772461,0.081787109375,-0.3980855941772461,0.4798727035522461,C3AC158084FE6B2E1E2A28EB8B010C43532F7612E6C99F1B6C305F66A374BE18
20260714,js_consistency_transfer,JS Consistency,cnrs_parent_0062,pattern_178,cubic,6,0.33855648285179674,0.013943567091031022,0,0,0,0,0,0.00017154216766357422,1.1920928955078125e-07,0.00017142295837402344,-0.8186761140823364,-0.7319334745407104,-0.08674263954162598,C3AC158084FE6B2E1E2A28EB8B010C43532F7612E6C99F1B6C305F66A374BE18
20260714,js_consistency_transfer,JS Consistency,cnrs_parent_0067,pattern_193,cubic,6,0.10364429963015853,0.04802931485085068,0,6,6,1,1,0.63671875,0.88134765625,-0.24462890625,0.37548828125,0.77313232421875,-0.39764404296875,C3AC158084FE6B2E1E2A28EB8B010C43532F7612E6C99F1B6C305F66A374BE18
20260714,js_consistency_transfer,JS Consistency,cnrs_parent_0077,pattern_215,cubic,6,1.201365920248875,0.6906635027613981,1,6,4,1,0,1.0,0.0005846023559570312,0.999415397644043,0.9999988675117493,-0.43178844451904297,1.4317873120307922,C3AC158084FE6B2E1E2A28EB8B010C43532F7612E6C99F1B6C305F66A374BE18
20260714,js_consistency_transfer,JS Consistency,cnrs_parent_0085,pattern_236,cubic,6,0.0132063426054837,6.360617400007613e-05,0,6,6,1,1,0.9990234375,0.99853515625,0.00048828125,0.9984545707702637,0.9977235794067383,0.0007309913635253906,C3AC158084FE6B2E1E2A28EB8B010C43532F7612E6C99F1B6C305F66A374BE18
20260714,js_consistency_transfer,JS Consistency,cnrs_parent_0105,pattern_279,cubic,6,1.0699855687618633,0.6865026262727185,1,6,4,1,0,0.998046875,2.1159648895263672e-05,0.9980257153511047,0.9966287612915039,-0.5805452466011047,1.5771740078926086,C3AC158084FE6B2E1E2A28EB8B010C43532F7612E6C99F1B6C305F66A374BE18
20260714,js_consistency_transfer,JS Consistency,cnrs_parent_0127,pattern_360,cubic,6,1.3095189530048201,0.6835273407327327,1,6,2,1,0,0.99365234375,3.2186508178710938e-06,0.9936491250991821,0.9911422729492188,-0.49853193759918213,1.4896742105484009,C3AC158084FE6B2E1E2A28EB8B010C43532F7612E6C99F1B6C305F66A374BE18
20260714,js_consistency_transfer,JS Consistency,cnrs_parent_0129,pattern_363,cubic,6,1.471305101668209,0.6930809429067349,1,6,0,1,0,0.99853515625,0.0,0.99853515625,0.997319221496582,-0.9296875,1.927006721496582,C3AC158084FE6B2E1E2A28EB8B010C43532F7612E6C99F1B6C305F66A374BE18
20260714,js_consistency_transfer,JS Consistency,cnrs_parent_0131,pattern_366,cubic,6,0.47799840057289245,0.6408246252296711,1,6,0,1,0,0.99755859375,0.017730712890625,0.979827880859375,0.9961404800415039,-0.703460693359375,1.699601173400879,C3AC158084FE6B2E1E2A28EB8B010C43532F7612E6C99F1B6C305F66A374BE18
20260714,js_consistency_transfer,JS Consistency,cnrs_parent_0134,pattern_375,cubic,6,1.0438218492044242,0.6642677793771614,1,6,0,1,0,0.98388671875,0.00011688470840454102,0.9837698340415955,0.9691238403320312,-0.6898245215415955,1.6589483618736267,C3AC158084FE6B2E1E2A28EB8B010C43532F7612E6C99F1B6C305F66A374BE18
20260714,js_consistency_transfer,JS Consistency,cnrs_parent_0135,pattern_376,cubic,6,0.19158868164196396,0.28457468954584386,1,1,2,0,0,8.344650268554688e-06,6.556510925292969e-06,1.7881393432617188e-06,-0.7670814990997314,-0.7407160997390747,-0.02636539936065674,C3AC158084FE6B2E1E2A28EB8B010C43532F7612E6C99F1B6C305F66A374BE18
20260714,js_consistency_transfer,JS Consistency,cnrs_parent_0138,pattern_394,cubic,6,1.1542856551058285,0.5972544801227975,1,6,1,1,0,0.460205078125,7.748603820800781e-07,0.4602043032646179,0.001708984375,-0.4689933657646179,0.4707023501396179,C3AC158084FE6B2E1E2A28EB8B010C43532F7612E6C99F1B6C305F66A374BE18
20260714,js_consistency_transfer,JS Consistency,cnrs_parent_0143,pattern_408,cubic,6,0.07805762668359739,0.162650999392547,1,2,0,0,0,1.1920928955078125e-07,5.960464477539063e-08,5.960464477539063e-08,-0.8002928495407104,-0.6489257216453552,-0.15136712789535522,C3AC158084FE6B2E1E2A28EB8B010C43532F7612E6C99F1B6C305F66A374BE18
20260714,js_consistency_transfer,JS Consistency,cnrs_parent_0149,pattern_426,cubic,6,1.3453578704304756,0.6930424315544521,1,6,2,1,0,1.0,5.304813385009766e-06,0.999994695186615,0.9999942779541016,-0.476068913936615,1.4760631918907166,C3AC158084FE6B2E1E2A28EB8B010C43532F7612E6C99F1B6C305F66A374BE18
20260714,js_consistency_transfer,JS Consistency,cnrs_parent_0160,pattern_458,cubic,6,0.19132738726509047,0.10506097762712044,0,4,4,0,0,0.2115478515625,0.0282745361328125,0.1832733154296875,-0.3948974609375,-0.9170379638671875,0.5221405029296875,C3AC158084FE6B2E1E2A28EB8B010C43532F7612E6C99F1B6C305F66A374BE18
20260714,js_consistency_transfer,JS Consistency,cnrs_parent_0175,pattern_493,cubic,6,0.10476608669269805,0.06350057096632392,1,1,2,0,0,6.377696990966797e-06,1.0728836059570312e-06,5.304813385009766e-06,-0.755364716053009,-0.560545802116394,-0.194818913936615,C3AC158084FE6B2E1E2A28EB8B010C43532F7612E6C99F1B6C305F66A374BE18
20260714,js_consistency_transfer,JS Consistency,cnrs_parent_0178,pattern_503,cubic,6,0.10918153060569113,0.040477798523168705,0,2,2,0,0,1.1920928955078125e-07,1.0132789611816406e-06,-8.940696716308594e-07,-0.9282225370407104,-0.8276357054710388,-0.10058683156967163,C3AC158084FE6B2E1E2A28EB8B010C43532F7612E6C99F1B6C305F66A374BE18
20260714,js_consistency_transfer,JS Consistency,cnrs_parent_0183,pattern_527,cubic,6,0.35935795843106966,0.4285330456342575,1,4,5,0,0,0.0077362060546875,0.263427734375,-0.2556915283203125,-0.9693145751953125,-0.313720703125,-0.6555938720703125,C3AC158084FE6B2E1E2A28EB8B010C43532F7612E6C99F1B6C305F66A374BE18
20260714,js_consistency_transfer,JS Consistency,cnrs_parent_0188,pattern_545,cubic,6,0.12005207187292821,0.21128050449496535,1,2,0,0,0,1.3113021850585938e-06,3.5762786865234375e-07,9.5367431640625e-07,-0.6293932199478149,-0.49951136112213135,-0.1298818588256836,C3AC158084FE6B2E1E2A28EB8B010C43532F7612E6C99F1B6C305F66A374BE18
20260714,js_consistency_transfer,JS Consistency,cnrs_parent_0196,pattern_565,cubic,6,0.1521710560534808,0.05519742415426793,0,1,1,0,0,2.384185791015625e-07,5.841255187988281e-06,-5.602836608886719e-06,-0.8183591365814209,-0.538080096244812,-0.2802790403366089,C3AC158084FE6B2E1E2A28EB8B010C43532F7612E6C99F1B6C305F66A374BE18
20260714,js_consistency_transfer,JS Consistency,cnrs_parent_0200,pattern_570,cubic,6,0.34211875418858795,0.2654599297329681,1,1,2,0,0,5.841255187988281e-06,6.377696990966797e-06,-5.364418029785156e-07,-0.574701189994812,-0.589349091053009,0.014647901058197021,C3AC158084FE6B2E1E2A28EB8B010C43532F7612E6C99F1B6C305F66A374BE18
20260714,js_consistency_transfer,JS Consistency,cnrs_parent_0205,pattern_582,cubic,6,0.08150729971478499,8.389354146958628e-06,0,6,6,1,1,1.0,1.0,0.0,0.9999942779541016,0.9999765157699585,1.7762184143066406e-05,C3AC158084FE6B2E1E2A28EB8B010C43532F7612E6C99F1B6C305F66A374BE18
20260714,js_consistency_transfer,JS Consistency,cnrs_parent_0217,pattern_609,cubic,6,0.11113439003961822,0.06273070549624507,0,1,1,0,0,3.5762786865234375e-07,3.3974647521972656e-06,-3.039836883544922e-06,-0.8037105798721313,-0.5297817587852478,-0.27392882108688354,C3AC158084FE6B2E1E2A28EB8B010C43532F7612E6C99F1B6C305F66A374BE18
20260714,js_consistency_transfer,JS Consistency,cnrs_parent_0229,pattern_644,cubic,6,0.48601414471625415,0.3604432481306536,1,1,2,0,0,0.0005841255187988281,5.4836273193359375e-06,0.0005786418914794922,-0.5570330619812012,-0.6728460788726807,0.11581301689147949,C3AC158084FE6B2E1E2A28EB8B010C43532F7612E6C99F1B6C305F66A374BE18
20260714,js_consistency_transfer,JS Consistency,cnrs_parent_0238,pattern_678,cubic,6,0.04788473464681442,6.741239727561709e-05,0,0,0,0,0,7.152557373046875e-07,5.960464477539063e-08,6.556510925292969e-07,-0.9248039722442627,-0.9291991591453552,0.004395186901092529,C3AC158084FE6B2E1E2A28EB8B010C43532F7612E6C99F1B6C305F66A374BE18
20260714,js_consistency_transfer,JS Consistency,cnrs_parent_0249,pattern_737,cubic,6,0.2540364137477703,0.30183808703309156,1,1,2,0,0,5.4836273193359375e-06,1.2934207916259766e-05,-7.450580596923828e-06,-0.6220648288726807,-0.6489128470420837,0.026848018169403076,C3AC158084FE6B2E1E2A28EB8B010C43532F7612E6C99F1B6C305F66A374BE18
20260714,js_consistency_transfer,JS Consistency,cnrs_parent_0255,pattern_759,cubic,6,0.007536277678022785,0.00033376158261965425,0,6,6,1,1,0.9970703125,0.99365234375,0.00341796875,0.9942035675048828,0.9878005981445312,0.0064029693603515625,C3AC158084FE6B2E1E2A28EB8B010C43532F7612E6C99F1B6C305F66A374BE18
20260714,js_consistency_transfer,JS Consistency,cnrs_parent_0257,pattern_770,cubic,6,0.19332452446050497,0.11127436356004342,0,4,4,0,0,0.27392578125,0.0223236083984375,0.2516021728515625,-0.35693359375,-0.9493560791015625,0.5924224853515625,C3AC158084FE6B2E1E2A28EB8B010C43532F7612E6C99F1B6C305F66A374BE18
20260714,js_consistency_transfer,JS Consistency,cnrs_parent_0265,pattern_790,cubic,6,0.7784013088085094,0.6855063305447777,1,6,2,1,0,1.0,0.001934051513671875,0.9980659484863281,0.999854564666748,-0.7783393859863281,1.7781939506530762,C3AC158084FE6B2E1E2A28EB8B010C43532F7612E6C99F1B6C305F66A374BE18
20260714,js_consistency_transfer,JS Consistency,cnrs_parent_0266,pattern_794,cubic,6,0.06379847553218243,4.173467762106401e-05,0,6,6,1,1,0.99951171875,0.99951171875,0.0,0.9991436004638672,0.9993859529495239,-0.00024235248565673828,C3AC158084FE6B2E1E2A28EB8B010C43532F7612E6C99F1B6C305F66A374BE18
20260714,js_consistency_transfer,JS Consistency,cnrs_parent_0268,pattern_810,cubic,6,0.01433863835147453,0.011663764506088935,0,6,6,1,1,0.59912109375,0.73876953125,-0.1396484375,0.314453125,0.5616455078125,-0.2471923828125,C3AC158084FE6B2E1E2A28EB8B010C43532F7612E6C99F1B6C305F66A374BE18
20260714,js_consistency_transfer,JS Consistency,cnrs_parent_0282,pattern_851,cubic,6,0.4223565397829815,0.5911305438216172,1,6,1,1,0,0.966796875,0.015106201171875,0.951690673828125,0.946044921875,-0.353546142578125,1.299591064453125,C3AC158084FE6B2E1E2A28EB8B010C43532F7612E6C99F1B6C305F66A374BE18
20260714,js_consistency_transfer,JS Consistency,cnrs_parent_0303,pattern_919,cubic,6,1.2236549589599979,0.6924521583621314,1,6,0,1,0,1.0,7.843971252441406e-05,0.9999215602874756,0.9999279975891113,-0.7089059352874756,1.708833932876587,C3AC158084FE6B2E1E2A28EB8B010C43532F7612E6C99F1B6C305F66A374BE18
20260714,js_consistency_transfer,JS Consistency,cnrs_parent_0311,pattern_956,cubic,6,0.11002796619658006,0.08517863898985675,0,1,1,0,0,5.960464477539062e-07,1.0132789611816406e-06,-4.172325134277344e-07,-0.6381829977035522,-0.6259755492210388,-0.012207448482513428,C3AC158084FE6B2E1E2A28EB8B010C43532F7612E6C99F1B6C305F66A374BE18
20260714,js_consistency_transfer,JS Consistency,cnrs_parent_0316,pattern_964,cubic,6,0.8737670880069774,0.6867065280397175,1,6,4,1,0,0.99951171875,0.0010471343994140625,0.9984645843505859,0.9991180896759033,-0.6913356781005859,1.6904537677764893,C3AC158084FE6B2E1E2A28EB8B010C43532F7612E6C99F1B6C305F66A374BE18
20260714,js_consistency_transfer,JS Consistency,cnrs_parent_0001,pattern_1009,cubic,6,1.0962617325547308,0.6784776628876784,1,6,4,1,0,0.9951171875,1.4483928680419922e-05,0.9951027035713196,0.9905891418457031,-0.6244972348213196,1.6150863766670227,C3AC158084FE6B2E1E2A28EB8B010C43532F7612E6C99F1B6C305F66A374BE18
20260714,js_consistency_transfer,JS Consistency,cnrs_parent_0024,pattern_1051,cubic,6,0.09617386276740503,0.124509494971012,1,1,2,0,0,8.463859558105469e-06,2.682209014892578e-06,5.781650543212891e-06,-0.7709876298904419,-0.5136691927909851,-0.2573184370994568,C3AC158084FE6B2E1E2A28EB8B010C43532F7612E6C99F1B6C305F66A374BE18
20260715,ordinary_dynamic_augmentation,Dynamic ERM,cnrs_parent_0087,pattern_24,triclinic,0,0.09758890177277568,0.26114285444520047,1,0,1,1,0,0.9072265625,0.2281494140625,0.6790771484375,0.8145751953125,-0.5438232421875,1.3583984375,A52A34AEE62B71365E45E39742DA55E76648C32099EB8D1D7F0DEB854F0A33AC
20260715,ordinary_dynamic_augmentation,Dynamic ERM,cnrs_parent_0189,pattern_55,triclinic,0,0.27512957144245376,0.016959349636420613,0,0,0,1,1,0.962890625,0.96875,-0.005859375,0.92755126953125,0.9403839111328125,-0.0128326416015625,A52A34AEE62B71365E45E39742DA55E76648C32099EB8D1D7F0DEB854F0A33AC
20260715,ordinary_dynamic_augmentation,Dynamic ERM,cnrs_parent_0260,pattern_78,triclinic,0,0.12010568651698916,0.0004729612349549195,0,0,0,1,1,0.99853515625,1.0,-0.00146484375,0.9971246719360352,0.9999942779541016,-0.0028696060180664062,A52A34AEE62B71365E45E39742DA55E76648C32099EB8D1D7F0DEB854F0A33AC
20260715,ordinary_dynamic_augmentation,Dynamic ERM,cnrs_parent_0322,pattern_99,triclinic,0,0.263536341744535,0.003822266981158747,0,0,0,1,1,0.98876953125,1.0,-0.01123046875,0.977783203125,0.9999986886978149,-0.02221548557281494,A52A34AEE62B71365E45E39742DA55E76648C32099EB8D1D7F0DEB854F0A33AC
20260715,ordinary_dynamic_augmentation,Dynamic ERM,cnrs_parent_0036,pattern_120,triclinic,0,0.10595380642434526,0.0003979752408272831,0,0,0,1,1,0.9970703125,0.9990234375,-0.001953125,0.9953775405883789,0.9980382919311523,-0.0026607513427734375,A52A34AEE62B71365E45E39742DA55E76648C32099EB8D1D7F0DEB854F0A33AC
20260715,ordinary_dynamic_augmentation,Dynamic ERM,cnrs_parent_0053,pattern_157,triclinic,0,0.29893995739665424,0.644035869107517,1,1,0,0,1,5.519390106201172e-05,0.97998046875,-0.979925274848938,-0.999944806098938,0.9601898193359375,-1.9601346254348755,A52A34AEE62B71365E45E39742DA55E76648C32099EB8D1D7F0DEB854F0A33AC
20260715,ordinary_dynamic_augmentation,Dynamic ERM,cnrs_parent_0063,pattern_180,triclinic,0,0.12155601048232245,0.0021003637998354896,0,1,1,0,0,0.0003902912139892578,0.007904052734375,-0.007513761520385742,-0.9991214275360107,-0.983795166015625,-0.015326261520385742,A52A34AEE62B71365E45E39742DA55E76648C32099EB8D1D7F0DEB854F0A33AC
20260715,ordinary_dynamic_augmentation,Dynamic ERM,cnrs_parent_0088,pattern_240,triclinic,0,0.11876618639423175,0.21658690062326413,1,1,0,0,1,0.138427734375,0.767578125,-0.629150390625,-0.722900390625,0.5352783203125,-1.2581787109375,A52A34AEE62B71365E45E39742DA55E76648C32099EB8D1D7F0DEB854F0A33AC
20260715,ordinary_dynamic_augmentation,Dynamic ERM,cnrs_parent_0109,pattern_298,triclinic,0,0.1454115760066369,0.10527369663863417,0,0,0,1,1,0.7265625,1.0,-0.2734375,0.4560546875,0.999919056892395,-0.543864369392395,A52A34AEE62B71365E45E39742DA55E76648C32099EB8D1D7F0DEB854F0A33AC
20260715,ordinary_dynamic_augmentation,Dynamic ERM,cnrs_parent_0113,pattern_311,triclinic,0,0.07404178236950909,0.0004304264007289269,0,0,0,1,1,0.9970703125,0.9990234375,-0.001953125,0.9940299987792969,0.9982471466064453,-0.0042171478271484375,A52A34AEE62B71365E45E39742DA55E76648C32099EB8D1D7F0DEB854F0A33AC
20260715,ordinary_dynamic_augmentation,Dynamic ERM,cnrs_parent_0124,pattern_348,triclinic,0,0.028708469538835768,0.005574193941870446,0,0,0,1,1,0.630859375,0.5283203125,0.1025390625,0.264404296875,0.05859375,0.205810546875,A52A34AEE62B71365E45E39742DA55E76648C32099EB8D1D7F0DEB854F0A33AC
20260715,ordinary_dynamic_augmentation,Dynamic ERM,cnrs_parent_0147,pattern_417,triclinic,0,0.08134176688216532,4.7797411603746505e-05,0,0,0,1,1,1.0,1.0,0.0,0.9999768137931824,0.9997782707214355,0.00019854307174682617,A52A34AEE62B71365E45E39742DA55E76648C32099EB8D1D7F0DEB854F0A33AC
20260715,ordinary_dynamic_augmentation,Dynamic ERM,cnrs_parent_0148,pattern_423,triclinic,0,0.13973625048947458,0.5705570411336744,1,0,1,1,0,0.9853515625,0.039947509765625,0.945404052734375,0.9706192016601562,-0.920013427734375,1.8906326293945312,A52A34AEE62B71365E45E39742DA55E76648C32099EB8D1D7F0DEB854F0A33AC
20260715,ordinary_dynamic_augmentation,Dynamic ERM,cnrs_parent_0154,pattern_444,triclinic,0,0.11458710054678167,0.06346391983390966,0,1,1,0,0,0.0003905296325683594,0.05072021484375,-0.05032968521118164,-0.9991211891174316,-0.77398681640625,-0.22513437271118164,A52A34AEE62B71365E45E39742DA55E76648C32099EB8D1D7F0DEB854F0A33AC
20260715,ordinary_dynamic_augmentation,Dynamic ERM,cnrs_parent_0158,pattern_456,triclinic,0,0.20989645398135082,0.00857766710787838,0,1,1,0,0,0.00269317626953125,0.035675048828125,-0.03298187255859375,-0.9943771362304688,-0.928680419921875,-0.06569671630859375,A52A34AEE62B71365E45E39742DA55E76648C32099EB8D1D7F0DEB854F0A33AC
20260715,ordinary_dynamic_augmentation,Dynamic ERM,cnrs_parent_0161,pattern_464,triclinic,0,0.28373860737685874,0.020733655511658285,0,0,0,1,1,0.92919921875,0.99658203125,-0.0673828125,0.86419677734375,0.9942531585693359,-0.13005638122558594,A52A34AEE62B71365E45E39742DA55E76648C32099EB8D1D7F0DEB854F0A33AC
20260715,ordinary_dynamic_augmentation,Dynamic ERM,cnrs_parent_0207,pattern_585,triclinic,0,0.03856500045125366,0.03773086105371351,1,1,0,0,1,0.2783203125,0.546875,-0.2685546875,-0.443359375,0.09375,-0.537109375,A52A34AEE62B71365E45E39742DA55E76648C32099EB8D1D7F0DEB854F0A33AC
20260715,ordinary_dynamic_augmentation,Dynamic ERM,cnrs_parent_0233,pattern_653,triclinic,0,0.04238396399048361,5.197425358251258e-05,0,1,1,0,0,3.647804260253906e-05,0.0002758502960205078,-0.00023937225341796875,-0.9999635219573975,-0.9992358684539795,-0.0007276535034179688,A52A34AEE62B71365E45E39742DA55E76648C32099EB8D1D7F0DEB854F0A33AC
20260715,ordinary_dynamic_augmentation,Dynamic ERM,cnrs_parent_0253,pattern_753,triclinic,0,0.08358326795322046,4.8727464911486814e-05,0,0,0,1,1,0.99951171875,0.99951171875,0.0,0.9990499019622803,0.999025821685791,2.4080276489257812e-05,A52A34AEE62B71365E45E39742DA55E76648C32099EB8D1D7F0DEB854F0A33AC
20260715,ordinary_dynamic_augmentation,Dynamic ERM,cnrs_parent_0291,pattern_881,triclinic,0,0.30698975048034316,0.6330242632316496,1,1,0,0,1,0.004852294921875,0.98193359375,-0.977081298828125,-0.964385986328125,0.964080810546875,-1.928466796875,A52A34AEE62B71365E45E39742DA55E76648C32099EB8D1D7F0DEB854F0A33AC
20260715,ordinary_dynamic_augmentation,Dynamic ERM,cnrs_parent_0321,pattern_979,triclinic,0,0.11608037966086382,0.002838163045070868,0,4,4,0,0,0.0,3.993511199951172e-06,-3.993511199951172e-06,-0.99560546875,-0.9882772564888,-0.007328212261199951,A52A34AEE62B71365E45E39742DA55E76648C32099EB8D1D7F0DEB854F0A33AC
20260715,ordinary_dynamic_augmentation,Dynamic ERM,cnrs_parent_0028,pattern_11,monoclinic,1,0.15004286326707494,0.11194660184152048,0,0,0,0,0,0.289306640625,0.0001475811004638672,0.28915905952453613,-0.421142578125,-0.9988758563995361,0.5777332782745361,A52A34AEE62B71365E45E39742DA55E76648C32099EB8D1D7F0DEB854F0A33AC
20260715,ordinary_dynamic_augmentation,Dynamic ERM,cnrs_parent_0049,pattern_15,monoclinic,1,0.13557765252541554,0.0015742460503090953,0,0,0,0,0,0.0050811767578125,8.958578109741211e-05,0.004991590976715088,-0.9900360107421875,-0.9999104142189026,0.009874403476715088,A52A34AEE62B71365E45E39742DA55E76648C32099EB8D1D7F0DEB854F0A33AC
20260715,ordinary_dynamic_augmentation,Dynamic ERM,cnrs_parent_0115,pattern_32,monoclinic,1,0.03988514694164469,0.009896320191364535,0,0,0,0,0,0.12744140625,0.07025146484375,0.05718994140625,-0.70361328125,-0.84820556640625,0.14459228515625,A52A34AEE62B71365E45E39742DA55E76648C32099EB8D1D7F0DEB854F0A33AC
20260715,ordinary_dynamic_augmentation,Dynamic ERM,cnrs_parent_0153,pattern_44,monoclinic,1,0.2305375525416894,0.5185411741016933,1,1,0,1,0,0.89501953125,0.0013780593872070312,0.893641471862793,0.79339599609375,-0.997157096862793,1.790553092956543,A52A34AEE62B71365E45E39742DA55E76648C32099EB8D1D7F0DEB854F0A33AC
20260715,ordinary_dynamic_augmentation,Dynamic ERM,cnrs_parent_0214,pattern_60,monoclinic,1,0.2977776910556418,0.6575667152805498,1,1,0,1,0,0.99853515625,0.0112457275390625,0.9872894287109375,0.997319221496582,-0.9775238037109375,1.9748430252075195,A52A34AEE62B71365E45E39742DA55E76648C32099EB8D1D7F0DEB854F0A33AC
20260715,ordinary_dynamic_augmentation,Dynamic ERM,cnrs_parent_0236,pattern_67,monoclinic,1,0.09790690027624549,3.921428344737412e-06,0,0,0,0,0,1.2278556823730469e-05,1.9669532775878906e-06,1.0311603546142578e-05,-0.9999877214431763,-0.9999980330467224,1.0311603546142578e-05,A52A34AEE62B71365E45E39742DA55E76648C32099EB8D1D7F0DEB854F0A33AC
20260715,ordinary_dynamic_augmentation,Dynamic ERM,cnrs_parent_0005,pattern_102,monoclinic,1,0.40374066258652197,0.6605725351458196,1,2,0,0,0,0.1766357421875,2.1219253540039062e-05,0.17661452293395996,-0.5528564453125,-0.99997878074646,0.44712233543395996,A52A34AEE62B71365E45E39742DA55E76648C32099EB8D1D7F0DEB854F0A33AC
20260715,ordinary_dynamic_augmentation,Dynamic ERM,cnrs_parent_0011,pattern_103,monoclinic,1,0.9633809361835851,0.6927669898245608,1,0,6,0,0,0.0002536773681640625,2.980232238769531e-07,0.00025337934494018555,-0.9992580413818359,-0.9999997019767761,0.0007416605949401855,A52A34AEE62B71365E45E39742DA55E76648C32099EB8D1D7F0DEB854F0A33AC
20260715,ordinary_dynamic_augmentation,Dynamic ERM,cnrs_parent_0027,pattern_109,monoclinic,1,0.024937349670628994,0.2304289956306675,1,1,0,1,0,0.97802734375,0.39990234375,0.578125,0.9559173583984375,-0.2001953125,1.1561126708984375,A52A34AEE62B71365E45E39742DA55E76648C32099EB8D1D7F0DEB854F0A33AC
20260715,ordinary_dynamic_augmentation,Dynamic ERM,cnrs_parent_0030,pattern_112,monoclinic,1,0.1840347147050353,0.4549218967671105,1,1,0,1,0,0.99609375,0.156494140625,0.839599609375,0.9934654235839844,-0.686279296875,1.6797447204589844,A52A34AEE62B71365E45E39742DA55E76648C32099EB8D1D7F0DEB854F0A33AC
20260715,ordinary_dynamic_augmentation,Dynamic ERM,cnrs_parent_0031,pattern_113,monoclinic,1,0.5589183602051362,0.1522006281503589,1,3,1,0,1,0.37841796875,0.8037109375,-0.42529296875,-0.203125,0.678466796875,-0.881591796875,A52A34AEE62B71365E45E39742DA55E76648C32099EB8D1D7F0DEB854F0A33AC
20260715,ordinary_dynamic_augmentation,Dynamic ERM,cnrs_parent_0039,pattern_125,monoclinic,1,0.19191073137973502,0.06668752479803988,0,0,0,0,0,0.451416015625,0.2061767578125,0.2452392578125,-0.01611328125,-0.5843505859375,0.5682373046875,A52A34AEE62B71365E45E39742DA55E76648C32099EB8D1D7F0DEB854F0A33AC
20260715,ordinary_dynamic_augmentation,Dynamic ERM,cnrs_parent_0042,pattern_129,monoclinic,1,0.6670841580448377,0.6923471221688808,1,1,0,1,0,1.0,3.5762786865234375e-07,0.9999996423721313,0.9998358488082886,-0.9999996423721313,1.99983549118042,A52A34AEE62B71365E45E39742DA55E76648C32099EB8D1D7F0DEB854F0A33AC
20260715,ordinary_dynamic_augmentation,Dynamic ERM,cnrs_parent_0051,pattern_151,monoclinic,1,0.2301573066172633,0.6164435189182169,1,1,0,1,0,0.9658203125,0.00040602684020996094,0.96541428565979,0.931732177734375,-0.99910569190979,1.930837869644165,A52A34AEE62B71365E45E39742DA55E76648C32099EB8D1D7F0DEB854F0A33AC
20260715,ordinary_dynamic_augmentation,Dynamic ERM,cnrs_parent_0060,pattern_175,monoclinic,1,0.25665661453737654,0.4095646658712544,1,1,0,1,0,0.9091796875,0.07586669921875,0.83331298828125,0.82086181640625,-0.84844970703125,1.6693115234375,A52A34AEE62B71365E45E39742DA55E76648C32099EB8D1D7F0DEB854F0A33AC
20260715,ordinary_dynamic_augmentation,Dynamic ERM,cnrs_parent_0066,pattern_192,monoclinic,1,0.7590396236884215,0.657024196302255,1,1,4,1,0,0.767578125,0.0006308555603027344,0.7669472694396973,0.5501708984375,-0.9793496131896973,1.5295205116271973,A52A34AEE62B71365E45E39742DA55E76648C32099EB8D1D7F0DEB854F0A33AC
20260715,ordinary_dynamic_augmentation,Dynamic ERM,cnrs_parent_0072,pattern_205,monoclinic,1,0.9647082603799053,0.6926499877546466,1,4,0,0,0,2.5033950805664062e-05,1.2516975402832031e-06,2.378225326538086e-05,-0.9638421535491943,-0.9999987483024597,0.03615659475326538,A52A34AEE62B71365E45E39742DA55E76648C32099EB8D1D7F0DEB854F0A33AC
20260715,ordinary_dynamic_augmentation,Dynamic ERM,cnrs_parent_0074,pattern_208,monoclinic,1,0.09354850210568344,0.0020492477672245523,0,0,0,0,0,0.007232666015625,0.0002532005310058594,0.006979465484619141,-0.985443115234375,-0.9992585182189941,0.01381540298461914,A52A34AEE62B71365E45E39742DA55E76648C32099EB8D1D7F0DEB854F0A33AC
20260715,ordinary_dynamic_augmentation,Dynamic ERM,cnrs_parent_0080,pattern_225,monoclinic,1,0.2824103619109247,0.023568801679050923,0,0,0,0,0,0.04937744140625,4.172325134277344e-06,0.04937326908111572,-0.88421630859375,-0.9999958276748657,0.11577951908111572,A52A34AEE62B71365E45E39742DA55E76648C32099EB8D1D7F0DEB854F0A33AC
20260715,ordinary_dynamic_augmentation,Dynamic ERM,cnrs_parent_0081,pattern_226,monoclinic,1,0.9178429991757324,0.6776649599300468,1,2,0,0,0,0.061187744140625,0.0003237724304199219,0.06086397171020508,-0.406829833984375,-0.9991879463195801,0.5923581123352051,A52A34AEE62B71365E45E39742DA55E76648C32099EB8D1D7F0DEB854F0A33AC
20260715,ordinary_dynamic_augmentation,Dynamic ERM,cnrs_parent_0084,pattern_233,monoclinic,1,0.17327439711358072,0.6363947684573255,1,2,0,0,0,0.34033203125,0.0004944801330566406,0.33983755111694336,-0.30029296875,-0.9965758323669434,0.6962828636169434,A52A34AEE62B71365E45E39742DA55E76648C32099EB8D1D7F0DEB854F0A33AC
20260715,ordinary_dynamic_augmentation,Dynamic ERM,cnrs_parent_0089,pattern_241,monoclinic,1,0.10090728421881834,0.00816040622674586,0,1,1,1,1,0.99169921875,0.95166015625,0.0400390625,0.9835739135742188,0.91064453125,0.07292938232421875,A52A34AEE62B71365E45E39742DA55E76648C32099EB8D1D7F0DEB854F0A33AC
20260715,ordinary_dynamic_augmentation,Dynamic ERM,cnrs_parent_0091,pattern_243,monoclinic,1,0.5232424825996338,0.16393458407538064,0,4,4,0,0,3.0994415283203125e-06,0.299072265625,-0.2990691661834717,-0.9995086193084717,-0.300537109375,-0.6989715099334717,A52A34AEE62B71365E45E39742DA55E76648C32099EB8D1D7F0DEB854F0A33AC
20260715,ordinary_dynamic_augmentation,Dynamic ERM,cnrs_parent_0092,pattern_244,monoclinic,1,0.04840086572202451,0.19424720424251102,1,1,0,1,0,0.552734375,0.0290985107421875,0.5236358642578125,0.114013671875,-0.9342803955078125,1.0482940673828125,A52A34AEE62B71365E45E39742DA55E76648C32099EB8D1D7F0DEB854F0A33AC
20260715,ordinary_dynamic_augmentation,Dynamic ERM,cnrs_parent_0094,pattern_250,monoclinic,1,0.8914165972746981,0.5388606809996295,1,3,0,0,0,0.414306640625,0.1365966796875,0.2777099609375,-0.03369140625,-0.7266845703125,0.6929931640625,A52A34AEE62B71365E45E39742DA55E76648C32099EB8D1D7F0DEB854F0A33AC
20260715,ordinary_dynamic_augmentation,Dynamic ERM,cnrs_parent_0095,pattern_255,monoclinic,1,0.6935997833774108,0.6903155492151392,1,6,0,0,0,0.0001264810562133789,0.01197052001953125,-0.011844038963317871,-0.9988969564437866,-0.9694747924804688,-0.02942216396331787,A52A34AEE62B71365E45E39742DA55E76648C32099EB8D1D7F0DEB854F0A33AC
20260715,ordinary_dynamic_augmentation,Dynamic ERM,cnrs_parent_0098,pattern_262,monoclinic,1,0.08792062681942991,7.329989243594288e-05,0,0,0,0,0,0.0002601146697998047,1.0848045349121094e-05,0.0002492666244506836,-0.9992516040802002,-0.9999891519546509,0.0007375478744506836,A52A34AEE62B71365E45E39742DA55E76648C32099EB8D1D7F0DEB854F0A33AC
20260715,ordinary_dynamic_augmentation,Dynamic ERM,cnrs_parent_0099,pattern_266,monoclinic,1,0.43584467522996584,0.24433964211103754,0,5,5,0,0,0.090576171875,0.11260986328125,-0.02203369140625,-0.289794921875,-0.35418701171875,0.06439208984375,A52A34AEE62B71365E45E39742DA55E76648C32099EB8D1D7F0DEB854F0A33AC
20260715,ordinary_dynamic_augmentation,Dynamic ERM,cnrs_parent_0102,pattern_273,monoclinic,1,0.2887567715240681,0.6528497530613364,1,1,0,1,0,0.9833984375,7.11679458618164e-05,0.9833272695541382,0.967987060546875,-0.9999288320541382,1.9679158926010132,A52A34AEE62B71365E45E39742DA55E76648C32099EB8D1D7F0DEB854F0A33AC
20260715,ordinary_dynamic_augmentation,Dynamic ERM,cnrs_parent_0110,pattern_303,monoclinic,1,0.30254658292970826,0.43221423857133556,1,1,0,1,0,0.4658203125,4.100799560546875e-05,0.46577930450439453,0.12109375,-0.9999589920043945,1.1210527420043945,A52A34AEE62B71365E45E39742DA55E76648C32099EB8D1D7F0DEB854F0A33AC
20260715,ordinary_dynamic_augmentation,Dynamic ERM,cnrs_parent_0111,pattern_307,monoclinic,1,0.01262906233254546,0.016914820109036936,0,0,0,0,0,0.07208251953125,0.006145477294921875,0.06593704223632812,-0.85565185546875,-0.9875068664550781,0.13185501098632812,A52A34AEE62B71365E45E39742DA55E76648C32099EB8D1D7F0DEB854F0A33AC
20260715,ordinary_dynamic_augmentation,Dynamic ERM,cnrs_parent_0121,pattern_342,monoclinic,1,0.10958493949308967,0.48376260859449755,1,1,0,1,0,0.95068359375,0.058349609375,0.892333984375,0.901458740234375,-0.883056640625,1.784515380859375,A52A34AEE62B71365E45E39742DA55E76648C32099EB8D1D7F0DEB854F0A33AC
20260715,ordinary_dynamic_augmentation,Dynamic ERM,cnrs_parent_0122,pattern_344,monoclinic,1,0.546755492522845,0.4296868579062443,1,2,1,0,1,0.1923828125,0.99658203125,-0.80419921875,-0.57177734375,0.9933853149414062,-1.5651626586914062,A52A34AEE62B71365E45E39742DA55E76648C32099EB8D1D7F0DEB854F0A33AC
20260715,ordinary_dynamic_augmentation,Dynamic ERM,cnrs_parent_0128,pattern_362,monoclinic,1,0.08472951038109522,0.44244839216697607,1,1,0,1,0,0.94580078125,0.08984375,0.85595703125,0.90087890625,-0.79296875,1.69384765625,A52A34AEE62B71365E45E39742DA55E76648C32099EB8D1D7F0DEB854F0A33AC
20260715,ordinary_dynamic_augmentation,Dynamic ERM,cnrs_parent_0130,pattern_365,monoclinic,1,0.2714091432669197,2.4936361652563067e-05,0,0,0,0,0,2.562999725341797e-06,1.1920928955078125e-07,2.4437904357910156e-06,-0.9999974370002747,-0.9999998807907104,2.4437904357910156e-06,A52A34AEE62B71365E45E39742DA55E76648C32099EB8D1D7F0DEB854F0A33AC
20260715,ordinary_dynamic_augmentation,Dynamic ERM,cnrs_parent_0137,pattern_388,monoclinic,1,0.06009767479895467,0.0,0,0,0,0,0,0.0,0.0,0.0,-1.0,-1.0,0.0,A52A34AEE62B71365E45E39742DA55E76648C32099EB8D1D7F0DEB854F0A33AC
20260715,ordinary_dynamic_augmentation,Dynamic ERM,cnrs_parent_0140,pattern_397,monoclinic,1,0.3279493573175657,0.6536348001334196,1,1,0,1,0,0.98388671875,8.821487426757812e-05,0.9837985038757324,0.9688873291015625,-0.9999117851257324,1.968799114227295,A52A34AEE62B71365E45E39742DA55E76648C32099EB8D1D7F0DEB854F0A33AC
20260715,ordinary_dynamic_augmentation,Dynamic ERM,cnrs_parent_0151,pattern_431,monoclinic,1,0.08925810280976365,0.40089516689908455,1,1,0,1,0,0.99072265625,0.19677734375,0.7939453125,0.9813079833984375,-0.6064453125,1.5877532958984375,A52A34AEE62B71365E45E39742DA55E76648C32099EB8D1D7F0DEB854F0A33AC
20260715,ordinary_dynamic_augmentation,Dynamic ERM,cnrs_parent_0162,pattern_469,monoclinic,1,0.2837565206958128,0.009001867334903085,0,1,1,1,1,1.0,0.97412109375,0.02587890625,0.9999976754188538,0.9493408203125,0.05065685510635376,A52A34AEE62B71365E45E39742DA55E76648C32099EB8D1D7F0DEB854F0A33AC
20260715,ordinary_dynamic_augmentation,Dynamic ERM,cnrs_parent_0165,pattern_474,monoclinic,1,0.4198540439614802,0.32044023729080723,1,4,3,0,0,0.352294921875,0.0011539459228515625,0.35114097595214844,-0.123779296875,-0.8289241790771484,0.7051448822021484,A52A34AEE62B71365E45E39742DA55E76648C32099EB8D1D7F0DEB854F0A33AC
20260715,ordinary_dynamic_augmentation,Dynamic ERM,cnrs_parent_0169,pattern_480,monoclinic,1,0.17344482162423924,0.3539576956104282,1,1,0,1,0,0.81103515625,0.043853759765625,0.767181396484375,0.6265869140625,-0.912200927734375,1.538787841796875,A52A34AEE62B71365E45E39742DA55E76648C32099EB8D1D7F0DEB854F0A33AC
20260715,ordinary_dynamic_augmentation,Dynamic ERM,cnrs_parent_0170,pattern_482,monoclinic,1,0.07107295113355139,0.23896116526419986,1,1,0,1,0,0.638671875,0.0328369140625,0.6058349609375,0.277587890625,-0.9344482421875,1.2120361328125,A52A34AEE62B71365E45E39742DA55E76648C32099EB8D1D7F0DEB854F0A33AC
20260715,ordinary_dynamic_augmentation,Dynamic ERM,cnrs_parent_0174,pattern_491,monoclinic,1,0.0851801879613514,0.5085689979178198,1,4,1,0,1,0.1072998046875,0.99169921875,-0.8843994140625,-0.7843017578125,0.9856147766113281,-1.7699165344238281,A52A34AEE62B71365E45E39742DA55E76648C32099EB8D1D7F0DEB854F0A33AC
20260715,ordinary_dynamic_augmentation,Dynamic ERM,cnrs_parent_0176,pattern_497,monoclinic,1,0.03005866148587999,0.04668574600446465,0,0,0,0,0,0.1375732421875,0.0014324188232421875,0.1361408233642578,-0.7247314453125,-0.9971027374267578,0.2723712921142578,A52A34AEE62B71365E45E39742DA55E76648C32099EB8D1D7F0DEB854F0A33AC
20260715,ordinary_dynamic_augmentation,Dynamic ERM,cnrs_parent_0180,pattern_513,monoclinic,1,0.5618295363651986,0.6882115490926521,1,1,4,1,0,0.9921875,7.790327072143555e-05,0.9921095967292786,0.98699951171875,-0.9969924092292786,1.9839919209480286,A52A34AEE62B71365E45E39742DA55E76648C32099EB8D1D7F0DEB854F0A33AC
20260715,ordinary_dynamic_augmentation,Dynamic ERM,cnrs_parent_0181,pattern_514,monoclinic,1,0.09250420559016304,9.855107215758365e-05,0,0,0,0,0,7.408857345581055e-05,5.960464477539063e-08,7.402896881103516e-05,-0.9994376301765442,-0.9999999403953552,0.0005623102188110352,A52A34AEE62B71365E45E39742DA55E76648C32099EB8D1D7F0DEB854F0A33AC
20260715,ordinary_dynamic_augmentation,Dynamic ERM,cnrs_parent_0182,pattern_516,monoclinic,1,0.06387806678431307,0.005127334941341804,0,1,1,1,1,0.99755859375,0.97607421875,0.021484375,0.9948959350585938,0.95501708984375,0.03987884521484375,A52A34AEE62B71365E45E39742DA55E76648C32099EB8D1D7F0DEB854F0A33AC
20260715,ordinary_dynamic_augmentation,Dynamic ERM,cnrs_parent_0186,pattern_538,monoclinic,1,0.38592241809020444,0.6622955036367215,1,1,0,1,0,0.986328125,0.004039764404296875,0.9822883605957031,0.9786453247070312,-0.9915657043457031,1.9702110290527344,A52A34AEE62B71365E45E39742DA55E76648C32099EB8D1D7F0DEB854F0A33AC
20260715,ordinary_dynamic_augmentation,Dynamic ERM,cnrs_parent_0190,pattern_551,monoclinic,1,0.2581345607343045,0.04638672641865039,0,0,0,0,0,0.1329345703125,0.0007405281066894531,0.13219404220581055,-0.7342529296875,-0.9982829093933105,0.26402997970581055,A52A34AEE62B71365E45E39742DA55E76648C32099EB8D1D7F0DEB854F0A33AC
20260715,ordinary_dynamic_augmentation,Dynamic ERM,cnrs_parent_0191,pattern_552,monoclinic,1,0.25239495246072285,0.0034998960515234224,0,0,0,0,0,0.0007405281066894531,1.7881393432617188e-07,0.000740349292755127,-0.9890055656433105,-0.9999998211860657,0.010994255542755127,A52A34AEE62B71365E45E39742DA55E76648C32099EB8D1D7F0DEB854F0A33AC
20260715,ordinary_dynamic_augmentation,Dynamic ERM,cnrs_parent_0193,pattern_554,monoclinic,1,0.2388265191511988,0.3631930830182648,1,1,0,1,0,0.97216796875,0.20556640625,0.7666015625,0.9463653564453125,-0.5888671875,1.5352325439453125,A52A34AEE62B71365E45E39742DA55E76648C32099EB8D1D7F0DEB854F0A33AC
20260715,ordinary_dynamic_augmentation,Dynamic ERM,cnrs_parent_0195,pattern_560,monoclinic,1,0.5381907214869507,0.6581834083012668,1,1,0,1,0,0.9990234375,0.01195526123046875,0.9870681762695312,0.9984703063964844,-0.9758377075195312,1.9743080139160156,A52A34AEE62B71365E45E39742DA55E76648C32099EB8D1D7F0DEB854F0A33AC
20260715,ordinary_dynamic_augmentation,Dynamic ERM,cnrs_parent_0198,pattern_568,monoclinic,1,0.1227467906711116,0.02758377087985546,0,0,0,0,0,0.0012998580932617188,0.08404541015625,-0.08274555206298828,-0.9972352981567383,-0.83050537109375,-0.16672992706298828,A52A34AEE62B71365E45E39742DA55E76648C32099EB8D1D7F0DEB854F0A33AC
20260715,ordinary_dynamic_augmentation,Dynamic ERM,cnrs_parent_0209,pattern_588,monoclinic,1,0.3468821738520441,0.0008643778679307061,0,0,0,0,0,0.0022602081298828125,0.0,0.0022602081298828125,-0.9952983856201172,-1.0,0.0047016143798828125,A52A34AEE62B71365E45E39742DA55E76648C32099EB8D1D7F0DEB854F0A33AC
20260715,ordinary_dynamic_augmentation,Dynamic ERM,cnrs_parent_0210,pattern_590,monoclinic,1,0.10704950640181365,0.028085261958590728,0,0,0,0,0,0.085693359375,0.001094818115234375,0.08459854125976562,-0.828369140625,-0.9979286193847656,0.16955947875976562,A52A34AEE62B71365E45E39742DA55E76648C32099EB8D1D7F0DEB854F0A33AC
20260715,ordinary_dynamic_augmentation,Dynamic ERM,cnrs_parent_0212,pattern_595,monoclinic,1,0.22729674411719303,0.05898111997780847,0,1,1,1,1,0.81396484375,0.99462890625,-0.1806640625,0.6280517578125,0.9894599914550781,-0.3614082336425781,A52A34AEE62B71365E45E39742DA55E76648C32099EB8D1D7F0DEB854F0A33AC
20260715,ordinary_dynamic_augmentation,Dynamic ERM,cnrs_parent_0213,pattern_599,monoclinic,1,0.049620469999860584,0.0018449824859574123,0,0,0,0,0,0.060516357421875,0.09271240234375,-0.032196044921875,-0.878936767578125,-0.81451416015625,-0.064422607421875,A52A34AEE62B71365E45E39742DA55E76648C32099EB8D1D7F0DEB854F0A33AC
20260715,ordinary_dynamic_augmentation,Dynamic ERM,cnrs_parent_0219,pattern_616,monoclinic,1,0.04730868865973503,0.10580269451141945,1,1,0,1,0,0.75634765625,0.3056640625,0.45068359375,0.5126953125,-0.388671875,0.9013671875,A52A34AEE62B71365E45E39742DA55E76648C32099EB8D1D7F0DEB854F0A33AC
20260715,ordinary_dynamic_augmentation,Dynamic ERM,cnrs_parent_0221,pattern_618,monoclinic,1,0.4342764001492466,0.5419262762160446,1,1,0,1,0,0.8173828125,0.00600433349609375,0.8113784790039062,0.71246337890625,-0.9881362915039062,1.7005996704101562,A52A34AEE62B71365E45E39742DA55E76648C32099EB8D1D7F0DEB854F0A33AC
20260715,ordinary_dynamic_augmentation,Dynamic ERM,cnrs_parent_0240,pattern_684,monoclinic,1,0.6286574552331945,0.6821615075392818,1,1,0,1,0,0.98681640625,0.0002694129943847656,0.9865469932556152,0.9821929931640625,-0.9992423057556152,1.9814352989196777,A52A34AEE62B71365E45E39742DA55E76648C32099EB8D1D7F0DEB854F0A33AC
20260715,ordinary_dynamic_augmentation,Dynamic ERM,cnrs_parent_0243,pattern_710,monoclinic,1,0.028399001498546794,0.0007268698230175302,0,0,0,0,0,0.00518035888671875,0.001094818115234375,0.004085540771484375,-0.9894485473632812,-0.9979286193847656,0.008480072021484375,A52A34AEE62B71365E45E39742DA55E76648C32099EB8D1D7F0DEB854F0A33AC
20260715,ordinary_dynamic_augmentation,Dynamic ERM,cnrs_parent_0251,pattern_745,monoclinic,1,0.1593948692618663,0.0919725515249705,0,0,0,0,0,0.0232391357421875,0.32080078125,-0.2975616455078125,-0.9459991455078125,-0.3583984375,-0.5876007080078125,A52A34AEE62B71365E45E39742DA55E76648C32099EB8D1D7F0DEB854F0A33AC
20260715,ordinary_dynamic_augmentation,Dynamic ERM,cnrs_parent_0254,pattern_756,monoclinic,1,0.04031651228189426,0.00044050744388133526,0,1,1,1,1,0.97021484375,0.96630859375,0.00390625,0.9420318603515625,0.9327392578125,0.0092926025390625,A52A34AEE62B71365E45E39742DA55E76648C32099EB8D1D7F0DEB854F0A33AC
20260715,ordinary_dynamic_augmentation,Dynamic ERM,cnrs_parent_0259,pattern_779,monoclinic,1,0.14319167762085283,0.1957782973599567,0,1,1,1,1,0.998046875,0.53125,0.466796875,0.9970703125,0.0625,0.9345703125,A52A34AEE62B71365E45E39742DA55E76648C32099EB8D1D7F0DEB854F0A33AC
20260715,ordinary_dynamic_augmentation,Dynamic ERM,cnrs_parent_0269,pattern_815,monoclinic,1,0.5436485610356816,0.6884019141117368,1,2,3,0,0,0.0,4.76837158203125e-07,-4.76837158203125e-07,-0.93212890625,-0.9931635856628418,0.0610346794128418,A52A34AEE62B71365E45E39742DA55E76648C32099EB8D1D7F0DEB854F0A33AC
20260715,ordinary_dynamic_augmentation,Dynamic ERM,cnrs_parent_0271,pattern_825,monoclinic,1,0.4284514457813604,0.014742648955773503,0,0,0,0,0,0.04779052734375,0.0010318756103515625,0.04675865173339844,-0.90435791015625,-0.9979915618896484,0.09363365173339844,A52A34AEE62B71365E45E39742DA55E76648C32099EB8D1D7F0DEB854F0A33AC
20260715,ordinary_dynamic_augmentation,Dynamic ERM,cnrs_parent_0273,pattern_831,monoclinic,1,0.25663900449866817,0.06240072015207873,0,1,1,1,1,0.98779296875,0.83984375,0.14794921875,0.9762954711914062,0.6795654296875,0.29673004150390625,A52A34AEE62B71365E45E39742DA55E76648C32099EB8D1D7F0DEB854F0A33AC
20260715,ordinary_dynamic_augmentation,Dynamic ERM,cnrs_parent_0274,pattern_833,monoclinic,1,0.03800186647625603,0.07063131889546251,0,0,0,0,0,0.036773681640625,0.303955078125,-0.267181396484375,-0.926605224609375,-0.391845703125,-0.534759521484375,A52A34AEE62B71365E45E39742DA55E76648C32099EB8D1D7F0DEB854F0A33AC
20260715,ordinary_dynamic_augmentation,Dynamic ERM,cnrs_parent_0284,pattern_857,monoclinic,1,0.3617327431391605,0.6150103895730821,1,1,0,1,0,0.9638671875,0.0012645721435546875,0.9626026153564453,0.930755615234375,-0.9972705841064453,1.9280261993408203,A52A34AEE62B71365E45E39742DA55E76648C32099EB8D1D7F0DEB854F0A33AC
20260715,ordinary_dynamic_augmentation,Dynamic ERM,cnrs_parent_0285,pattern_859,monoclinic,1,0.6280215178127416,0.691990511678654,1,1,0,1,0,0.99951171875,3.2186508178710938e-06,0.9995085000991821,0.9992682933807373,-0.9999967813491821,1.9992650747299194,A52A34AEE62B71365E45E39742DA55E76648C32099EB8D1D7F0DEB854F0A33AC
20260715,ordinary_dynamic_augmentation,Dynamic ERM,cnrs_parent_0292,pattern_885,monoclinic,1,0.040883965733767624,1.5420547391304607e-06,0,1,1,1,1,1.0,1.0,0.0,0.9999939799308777,0.9999973773956299,-3.3974647521972656e-06,A52A34AEE62B71365E45E39742DA55E76648C32099EB8D1D7F0DEB854F0A33AC
20260715,ordinary_dynamic_augmentation,Dynamic ERM,cnrs_parent_0294,pattern_890,monoclinic,1,0.2990793291857011,0.6728832772283999,1,1,0,1,0,0.99462890625,0.0008692741394042969,0.9937596321105957,0.9892425537109375,-0.9981541633605957,1.9873967170715332,A52A34AEE62B71365E45E39742DA55E76648C32099EB8D1D7F0DEB854F0A33AC
20260715,ordinary_dynamic_augmentation,Dynamic ERM,cnrs_parent_0295,pattern_895,monoclinic,1,0.4411415863488044,0.518307584602204,1,1,0,1,0,0.9423828125,0.0394287109375,0.9029541015625,0.90191650390625,-0.9122314453125,1.81414794921875,A52A34AEE62B71365E45E39742DA55E76648C32099EB8D1D7F0DEB854F0A33AC
20260715,ordinary_dynamic_augmentation,Dynamic ERM,cnrs_parent_0296,pattern_896,monoclinic,1,0.08153737420791929,9.638143934257961e-05,0,1,1,1,1,1.0,0.99951171875,0.00048828125,0.9999972581863403,0.9992525577545166,0.0007447004318237305,A52A34AEE62B71365E45E39742DA55E76648C32099EB8D1D7F0DEB854F0A33AC
20260715,ordinary_dynamic_augmentation,Dynamic ERM,cnrs_parent_0297,pattern_906,monoclinic,1,0.1059279318885531,0.000591971724760855,0,1,1,1,1,0.99658203125,0.99951171875,-0.0029296875,0.9934101104736328,0.9990658760070801,-0.005655765533447266,A52A34AEE62B71365E45E39742DA55E76648C32099EB8D1D7F0DEB854F0A33AC
20260715,ordinary_dynamic_augmentation,Dynamic ERM,cnrs_parent_0298,pattern_907,monoclinic,1,0.11775677986982658,6.193832101397294e-07,0,0,0,0,0,1.6689300537109375e-06,4.351139068603516e-06,-2.682209014892578e-06,-0.9999983310699463,-0.9999956488609314,-2.682209014892578e-06,A52A34AEE62B71365E45E39742DA55E76648C32099EB8D1D7F0DEB854F0A33AC
20260715,ordinary_dynamic_augmentation,Dynamic ERM,cnrs_parent_0301,pattern_912,monoclinic,1,0.08246416857370498,0.00024659131413025425,0,1,1,1,1,1.0,0.9990234375,0.0009765625,0.9999798536300659,0.9983220100402832,0.0016578435897827148,A52A34AEE62B71365E45E39742DA55E76648C32099EB8D1D7F0DEB854F0A33AC
20260715,ordinary_dynamic_augmentation,Dynamic ERM,cnrs_parent_0305,pattern_930,monoclinic,1,0.6741150000398031,0.6925848651856413,1,4,0,0,0,0.1383056640625,4.112720489501953e-06,0.1383015513420105,-0.7225341796875,-0.9999958872795105,0.2774617075920105,A52A34AEE62B71365E45E39742DA55E76648C32099EB8D1D7F0DEB854F0A33AC
20260715,ordinary_dynamic_augmentation,Dynamic ERM,cnrs_parent_0306,pattern_938,monoclinic,1,0.06638610832940972,0.0036837930253592367,0,1,1,1,1,0.99951171875,0.9873046875,0.01220703125,0.9990944862365723,0.9745864868164062,0.024507999420166016,A52A34AEE62B71365E45E39742DA55E76648C32099EB8D1D7F0DEB854F0A33AC
20260715,ordinary_dynamic_augmentation,Dynamic ERM,cnrs_parent_0314,pattern_961,monoclinic,1,0.328888410455651,0.6269246041926169,1,1,0,1,0,0.95654296875,0.02886962890625,0.92767333984375,0.913177490234375,-0.94232177734375,1.855499267578125,A52A34AEE62B71365E45E39742DA55E76648C32099EB8D1D7F0DEB854F0A33AC
20260715,ordinary_dynamic_augmentation,Dynamic ERM,cnrs_parent_0320,pattern_977,monoclinic,1,0.34621398816895255,0.02264821986375127,0,1,1,1,1,0.5830078125,0.6259765625,-0.04296875,0.292236328125,0.316162109375,-0.02392578125,A52A34AEE62B71365E45E39742DA55E76648C32099EB8D1D7F0DEB854F0A33AC
20260715,ordinary_dynamic_augmentation,Dynamic ERM,cnrs_parent_0323,pattern_998,monoclinic,1,0.7415779490410711,0.6746009889084652,1,4,0,0,0,0.0052490234375,0.0032444000244140625,0.0020046234130859375,-0.9063720703125,-0.9884548187255859,0.08208274841308594,A52A34AEE62B71365E45E39742DA55E76648C32099EB8D1D7F0DEB854F0A33AC
20260715,ordinary_dynamic_augmentation,Dynamic ERM,cnrs_parent_0007,pattern_1021,monoclinic,1,0.8676682013461661,0.6233983341786891,1,1,4,1,0,0.966796875,0.0001800060272216797,0.9666168689727783,0.936553955078125,-0.9754059314727783,1.9119598865509033,A52A34AEE62B71365E45E39742DA55E76648C32099EB8D1D7F0DEB854F0A33AC
20260715,ordinary_dynamic_augmentation,Dynamic ERM,cnrs_parent_0008,pattern_1023,monoclinic,1,0.2470940204906409,0.0038568047828332628,0,0,0,0,0,0.01107025146484375,1.7940998077392578e-05,0.011052310466766357,-0.9776992797851562,-0.9999820590019226,0.022282779216766357,A52A34AEE62B71365E45E39742DA55E76648C32099EB8D1D7F0DEB854F0A33AC
20260715,ordinary_dynamic_augmentation,Dynamic ERM,cnrs_parent_0014,pattern_1034,monoclinic,1,0.11311346710826953,0.0007220317128276922,0,4,4,0,0,0.0015630722045898438,5.412101745605469e-05,0.001508951187133789,-0.9959955215454102,-0.999945878982544,0.003950357437133789,A52A34AEE62B71365E45E39742DA55E76648C32099EB8D1D7F0DEB854F0A33AC
20260715,ordinary_dynamic_augmentation,Dynamic ERM,cnrs_parent_0020,pattern_1044,monoclinic,1,0.09573152061787193,0.0004891151193199856,0,0,0,0,0,8.761882781982422e-06,0.0014781951904296875,-0.001469433307647705,-0.999991238117218,-0.9970569610595703,-0.002934277057647705,A52A34AEE62B71365E45E39742DA55E76648C32099EB8D1D7F0DEB854F0A33AC
20260715,ordinary_dynamic_augmentation,Dynamic ERM,cnrs_parent_0021,pattern_1045,monoclinic,1,0.06970688867383745,0.32878970028662835,1,1,0,1,0,0.9990234375,0.31396484375,0.68505859375,0.9981875419616699,-0.3720703125,1.37025785446167,A52A34AEE62B71365E45E39742DA55E76648C32099EB8D1D7F0DEB854F0A33AC
20260715,ordinary_dynamic_augmentation,Dynamic ERM,cnrs_parent_0070,pattern_20,orthorhombic,2,0.3438409345415093,0.2296583830469869,1,1,0,0,0,1.8477439880371094e-06,2.682209014892578e-06,-8.344650268554688e-07,-0.552732527256012,-0.9936496615409851,0.44091713428497314,A52A34AEE62B71365E45E39742DA55E76648C32099EB8D1D7F0DEB854F0A33AC
20260715,ordinary_dynamic_augmentation,Dynamic ERM,cnrs_parent_0163,pattern_47,orthorhombic,2,0.7452447093381624,0.6719740986893448,1,2,0,1,0,0.51513671875,0.0002627372741699219,0.5148739814758301,0.18310546875,-0.9880185127258301,1.17112398147583,A52A34AEE62B71365E45E39742DA55E76648C32099EB8D1D7F0DEB854F0A33AC
20260715,ordinary_dynamic_augmentation,Dynamic ERM,cnrs_parent_0173,pattern_49,orthorhombic,2,0.16132737203284264,0.4978691632056823,1,1,0,0,0,0.0,1.1920928955078125e-07,-1.1920928955078125e-07,-0.99755859375,-0.8813475370407104,-0.11621105670928955,A52A34AEE62B71365E45E39742DA55E76648C32099EB8D1D7F0DEB854F0A33AC
20260715,ordinary_dynamic_augmentation,Dynamic ERM,cnrs_parent_0224,pattern_63,orthorhombic,2,0.8256421148759109,0.3729832838933578,1,2,0,1,0,0.97705078125,0.254638671875,0.722412109375,0.95806884765625,-0.292724609375,1.25079345703125,A52A34AEE62B71365E45E39742DA55E76648C32099EB8D1D7F0DEB854F0A33AC
20260715,ordinary_dynamic_augmentation,Dynamic ERM,cnrs_parent_0234,pattern_66,orthorhombic,2,0.08771585971869955,3.73731597023614e-05,0,0,0,0,0,3.039836883544922e-06,3.5762786865234375e-07,2.682209014892578e-06,-0.9999969601631165,-0.9999996423721313,2.682209014892578e-06,A52A34AEE62B71365E45E39742DA55E76648C32099EB8D1D7F0DEB854F0A33AC
20260715,ordinary_dynamic_augmentation,Dynamic ERM,cnrs_parent_0245,pattern_72,orthorhombic,2,0.5921063264420514,0.6796831862974901,1,1,0,0,0,0.0007386207580566406,0.0,0.0007386207580566406,-0.9934020042419434,-0.99609375,0.0026917457580566406,A52A34AEE62B71365E45E39742DA55E76648C32099EB8D1D7F0DEB854F0A33AC
20260715,ordinary_dynamic_augmentation,Dynamic ERM,cnrs_parent_0293,pattern_89,orthorhombic,2,0.6895684941221806,0.6471382954419396,1,5,0,0,0,0.0212249755859375,0.0,0.0212249755859375,-0.5119781494140625,-0.99951171875,0.4875335693359375,A52A34AEE62B71365E45E39742DA55E76648C32099EB8D1D7F0DEB854F0A33AC
20260715,ordinary_dynamic_augmentation,Dynamic ERM,cnrs_parent_0025,pattern_106,orthorhombic,2,1.3998685516275753,0.6929734716216542,1,3,6,0,0,0.10565185546875,0.0,0.10565185546875,-0.78594970703125,-1.0,0.21405029296875,A52A34AEE62B71365E45E39742DA55E76648C32099EB8D1D7F0DEB854F0A33AC
20260715,ordinary_dynamic_augmentation,Dynamic ERM,cnrs_parent_0032,pattern_114,orthorhombic,2,0.5390916190579237,0.5434156667471948,1,2,4,1,0,0.99951171875,0.0848388671875,0.9146728515625,0.9993417263031006,-0.8165283203125,1.8158700466156006,A52A34AEE62B71365E45E39742DA55E76648C32099EB8D1D7F0DEB854F0A33AC
20260715,ordinary_dynamic_augmentation,Dynamic ERM,cnrs_parent_0033,pattern_116,orthorhombic,2,0.3022513589227235,0.6198237388147871,1,1,0,0,0,0.0010957717895507812,3.993511199951172e-06,0.00109177827835083,-0.5174589157104492,-0.9653280377388,0.44786912202835083,A52A34AEE62B71365E45E39742DA55E76648C32099EB8D1D7F0DEB854F0A33AC
20260715,ordinary_dynamic_augmentation,Dynamic ERM,cnrs_parent_0034,pattern_117,orthorhombic,2,0.26940990712209156,0.17149379740269644,0,0,0,0,0,0.064697265625,1.8477439880371094e-06,0.06469541788101196,-0.490966796875,-0.980466902256012,0.48950010538101196,A52A34AEE62B71365E45E39742DA55E76648C32099EB8D1D7F0DEB854F0A33AC
20260715,ordinary_dynamic_augmentation,Dynamic ERM,cnrs_parent_0037,pattern_123,orthorhombic,2,1.1642443973371719,0.6725276999111013,1,2,3,1,0,0.65185546875,0.00421905517578125,0.6476364135742188,0.3291015625,-0.9659957885742188,1.2950973510742188,A52A34AEE62B71365E45E39742DA55E76648C32099EB8D1D7F0DEB854F0A33AC
20260715,ordinary_dynamic_augmentation,Dynamic ERM,cnrs_parent_0043,pattern_131,orthorhombic,2,0.9253350322183723,0.6921552426750377,1,4,0,0,0,9.5367431640625e-07,1.1920928955078125e-07,8.344650268554688e-07,-0.9755849838256836,-0.9995115995407104,0.023926615715026855,A52A34AEE62B71365E45E39742DA55E76648C32099EB8D1D7F0DEB854F0A33AC
20260715,ordinary_dynamic_augmentation,Dynamic ERM,cnrs_parent_0044,pattern_132,orthorhombic,2,0.010698825039387572,0.024148941917435465,0,0,0,0,0,5.4955482482910156e-05,2.9325485229492188e-05,2.562999725341797e-05,-0.6933044195175171,-0.8593456745147705,0.16604125499725342,A52A34AEE62B71365E45E39742DA55E76648C32099EB8D1D7F0DEB854F0A33AC
20260715,ordinary_dynamic_augmentation,Dynamic ERM,cnrs_parent_0045,pattern_135,orthorhombic,2,0.1777685686145245,0.00012493975695386083,0,0,0,0,0,0.0,1.1920928955078125e-07,-1.1920928955078125e-07,-1.0,-0.9995115995407104,-0.0004884004592895508,A52A34AEE62B71365E45E39742DA55E76648C32099EB8D1D7F0DEB854F0A33AC
20260715,ordinary_dynamic_augmentation,Dynamic ERM,cnrs_parent_0046,pattern_136,orthorhombic,2,0.40982825350755236,0.0053945407861690185,0,4,4,0,0,8.618831634521484e-05,0.0003383159637451172,-0.00025212764739990234,-0.9974724054336548,-0.9850132465362549,-0.012459158897399902,A52A34AEE62B71365E45E39742DA55E76648C32099EB8D1D7F0DEB854F0A33AC
20260715,ordinary_dynamic_augmentation,Dynamic ERM,cnrs_parent_0048,pattern_148,orthorhombic,2,0.3324414494466713,0.41606309523546225,1,2,3,1,0,0.79248046875,0.0010137557983398438,0.7914667129516602,0.5897216796875,-0.9975214004516602,1.5872430801391602,A52A34AEE62B71365E45E39742DA55E76648C32099EB8D1D7F0DEB854F0A33AC
20260715,ordinary_dynamic_augmentation,Dynamic ERM,cnrs_parent_0054,pattern_166,orthorhombic,2,0.223766419160915,0.4868668179533432,1,1,0,0,0,5.960464477539063e-08,5.960464477539063e-08,0.0,-0.9956054091453552,-0.8247069716453552,-0.1708984375,A52A34AEE62B71365E45E39742DA55E76648C32099EB8D1D7F0DEB854F0A33AC
20260715,ordinary_dynamic_augmentation,Dynamic ERM,cnrs_parent_0055,pattern_167,orthorhombic,2,0.3868819602347148,0.5233051107079952,1,4,0,0,0,0.278564453125,9.1552734375e-05,0.278472900390625,-0.242919921875,-0.996978759765625,0.754058837890625,A52A34AEE62B71365E45E39742DA55E76648C32099EB8D1D7F0DEB854F0A33AC
20260715,ordinary_dynamic_augmentation,Dynamic ERM,cnrs_parent_0059,pattern_174,orthorhombic,2,0.38261888727532345,0.11679292400360608,0,4,4,0,0,0.012237548828125,0.33447265625,-0.322235107421875,-0.947235107421875,-0.3310546875,-0.616180419921875,A52A34AEE62B71365E45E39742DA55E76648C32099EB8D1D7F0DEB854F0A33AC
20260715,ordinary_dynamic_augmentation,Dynamic ERM,cnrs_parent_0064,pattern_188,orthorhombic,2,1.3965961459564453,0.6921815196262403,1,1,6,0,0,2.6226043701171875e-06,0.0,2.6226043701171875e-06,-0.9936497211456299,-0.96923828125,-0.024411439895629883,A52A34AEE62B71365E45E39742DA55E76648C32099EB8D1D7F0DEB854F0A33AC
20260715,ordinary_dynamic_augmentation,Dynamic ERM,cnrs_parent_0076,pattern_212,orthorhombic,2,0.09714363156268435,0.4579870651120518,1,4,0,0,0,0.0007634162902832031,9.059906005859375e-06,0.0007543563842773438,-0.8371272087097168,-0.9726471900939941,0.13551998138427734,A52A34AEE62B71365E45E39742DA55E76648C32099EB8D1D7F0DEB854F0A33AC
20260715,ordinary_dynamic_augmentation,Dynamic ERM,cnrs_parent_0078,pattern_220,orthorhombic,2,0.2628776265500542,0.6558213239824667,1,1,0,0,0,0.186767578125,0.00011354684829711914,0.18665403127670288,-0.25439453125,-0.9989098906517029,0.7445153594017029,A52A34AEE62B71365E45E39742DA55E76648C32099EB8D1D7F0DEB854F0A33AC
20260715,ordinary_dynamic_augmentation,Dynamic ERM,cnrs_parent_0079,pattern_223,orthorhombic,2,0.29344357095022333,0.10655126992371841,0,1,1,0,0,1.7881393432617188e-07,5.841255187988281e-06,-5.662441253662109e-06,-0.9990232586860657,-0.716791033744812,-0.28223222494125366,A52A34AEE62B71365E45E39742DA55E76648C32099EB8D1D7F0DEB854F0A33AC
20260715,ordinary_dynamic_augmentation,Dynamic ERM,cnrs_parent_0082,pattern_227,orthorhombic,2,0.6007442412912676,0.6244888797121826,1,4,0,0,0,0.0022182464599609375,7.152557373046875e-07,0.002217531204223633,-0.7267856597900391,-0.9326164722442627,0.20583081245422363,A52A34AEE62B71365E45E39742DA55E76648C32099EB8D1D7F0DEB854F0A33AC
20260715,ordinary_dynamic_augmentation,Dynamic ERM,cnrs_parent_0086,pattern_238,orthorhombic,2,0.09776637248773934,0.501163820843556,1,4,0,0,0,5.960464477539063e-08,0.0,5.960464477539063e-08,-0.9521483778953552,-0.8837890625,-0.06835931539535522,A52A34AEE62B71365E45E39742DA55E76648C32099EB8D1D7F0DEB854F0A33AC
20260715,ordinary_dynamic_augmentation,Dynamic ERM,cnrs_parent_0090,pattern_242,orthorhombic,2,0.047715121183062426,0.027345386722811442,0,2,2,1,1,0.994140625,0.89892578125,0.09521484375,0.9888153076171875,0.7984619140625,0.1903533935546875,A52A34AEE62B71365E45E39742DA55E76648C32099EB8D1D7F0DEB854F0A33AC
20260715,ordinary_dynamic_augmentation,Dynamic ERM,cnrs_parent_0100,pattern_268,orthorhombic,2,0.5279021974560383,0.6793007534695854,1,3,1,0,0,0.032562255859375,5.608797073364258e-05,0.03250616788864136,-0.877105712890625,-0.5272876620292664,-0.34981805086135864,A52A34AEE62B71365E45E39742DA55E76648C32099EB8D1D7F0DEB854F0A33AC
20260715,ordinary_dynamic_augmentation,Dynamic ERM,cnrs_parent_0114,pattern_319,orthorhombic,2,0.3851533417544334,0.08989878530027128,0,4,4,0,0,0.0001156926155090332,0.2337646484375,-0.23364895582199097,-0.997931182384491,-0.5299072265625,-0.46802395582199097,A52A34AEE62B71365E45E39742DA55E76648C32099EB8D1D7F0DEB854F0A33AC
20260715,ordinary_dynamic_augmentation,Dynamic ERM,cnrs_parent_0119,pattern_334,orthorhombic,2,0.2373775239314796,0.011115895451157886,0,0,0,0,0,0.01427459716796875,2.980232238769531e-07,0.014274299144744873,-0.9539871215820312,-0.9999997019767761,0.04601258039474487,A52A34AEE62B71365E45E39742DA55E76648C32099EB8D1D7F0DEB854F0A33AC
20260715,ordinary_dynamic_augmentation,Dynamic ERM,cnrs_parent_0120,pattern_341,orthorhombic,2,1.2912715603035665,0.6770187585541815,1,2,0,1,0,0.468017578125,0.0,0.468017578125,0.126953125,-1.0,1.126953125,A52A34AEE62B71365E45E39742DA55E76648C32099EB8D1D7F0DEB854F0A33AC
20260715,ordinary_dynamic_augmentation,Dynamic ERM,cnrs_parent_0136,pattern_382,orthorhombic,2,0.3983508288049751,0.5502470056882752,1,3,1,0,0,1.4901161193847656e-06,0.0,1.4901161193847656e-06,-0.9072250723838806,-0.99951171875,0.09228664636611938,A52A34AEE62B71365E45E39742DA55E76648C32099EB8D1D7F0DEB854F0A33AC
20260715,ordinary_dynamic_augmentation,Dynamic ERM,cnrs_parent_0139,pattern_395,orthorhombic,2,0.26033925487262255,0.6599520031157329,1,2,0,1,0,0.8212890625,0.0009722709655761719,0.8203167915344238,0.663330078125,-0.9926800727844238,1.6560101509094238,A52A34AEE62B71365E45E39742DA55E76648C32099EB8D1D7F0DEB854F0A33AC
20260715,ordinary_dynamic_augmentation,Dynamic ERM,cnrs_parent_0150,pattern_427,orthorhombic,2,0.1954583934421974,0.14050083482261547,0,1,1,0,0,2.980232238769531e-07,1.9073486328125e-06,-1.6093254089355469e-06,-0.9995114207267761,-0.6455059051513672,-0.35400551557540894,A52A34AEE62B71365E45E39742DA55E76648C32099EB8D1D7F0DEB854F0A33AC
20260715,ordinary_dynamic_augmentation,Dynamic ERM,cnrs_parent_0152,pattern_439,orthorhombic,2,1.278463368395076,0.6839751674764132,1,4,0,0,0,5.6684017181396484e-05,8.702278137207031e-05,-3.0338764190673828e-05,-0.4721112847328186,-0.9676864147186279,0.4955751299858093,A52A34AEE62B71365E45E39742DA55E76648C32099EB8D1D7F0DEB854F0A33AC
20260715,ordinary_dynamic_augmentation,Dynamic ERM,cnrs_parent_0156,pattern_451,orthorhombic,2,0.8394034177432171,0.6461249892164604,1,1,0,0,0,0.1925048828125,0.0,0.1925048828125,-0.4715576171875,-1.0,0.5284423828125,A52A34AEE62B71365E45E39742DA55E76648C32099EB8D1D7F0DEB854F0A33AC
20260715,ordinary_dynamic_augmentation,Dynamic ERM,cnrs_parent_0164,pattern_470,orthorhombic,2,1.4974052694649764,0.6908476196324653,1,0,6,0,0,0.04083251953125,0.0,0.04083251953125,-0.61053466796875,-1.0,0.38946533203125,A52A34AEE62B71365E45E39742DA55E76648C32099EB8D1D7F0DEB854F0A33AC
20260715,ordinary_dynamic_augmentation,Dynamic ERM,cnrs_parent_0167,pattern_476,orthorhombic,2,0.3690502221321802,0.01245936738408886,0,4,4,0,0,2.944469451904297e-05,0.006771087646484375,-0.006741642951965332,-0.980927586555481,-0.9605140686035156,-0.020413517951965332,A52A34AEE62B71365E45E39742DA55E76648C32099EB8D1D7F0DEB854F0A33AC
20260715,ordinary_dynamic_augmentation,Dynamic ERM,cnrs_parent_0168,pattern_479,orthorhombic,2,0.15766185688550827,0.015209131359365354,0,0,0,0,0,0.0002601146697998047,5.960464477539063e-08,0.0002600550651550293,-0.9538414478302002,-0.8569335341453552,-0.09690791368484497,A52A34AEE62B71365E45E39742DA55E76648C32099EB8D1D7F0DEB854F0A33AC
20260715,ordinary_dynamic_augmentation,Dynamic ERM,cnrs_parent_0171,pattern_485,orthorhombic,2,0.5559935346842264,0.1081299492327033,0,2,2,1,1,1.0,0.7197265625,0.2802734375,0.9998279809951782,0.5609130859375,0.4389148950576782,A52A34AEE62B71365E45E39742DA55E76648C32099EB8D1D7F0DEB854F0A33AC
20260715,ordinary_dynamic_augmentation,Dynamic ERM,cnrs_parent_0172,pattern_487,orthorhombic,2,0.31726201977576896,0.06879259464165723,0,1,1,0,0,0.00033545494079589844,2.9146671295166016e-05,0.0003063082695007324,-0.9991762638092041,-0.8154005408287048,-0.18377572298049927,A52A34AEE62B71365E45E39742DA55E76648C32099EB8D1D7F0DEB854F0A33AC
20260715,ordinary_dynamic_augmentation,Dynamic ERM,cnrs_parent_0177,pattern_498,orthorhombic,2,0.7240564027934483,0.6540601576222527,1,4,0,0,0,0.0098419189453125,0.1324462890625,-0.1226043701171875,-0.6634979248046875,-0.7142333984375,0.0507354736328125,A52A34AEE62B71365E45E39742DA55E76648C32099EB8D1D7F0DEB854F0A33AC
20260715,ordinary_dynamic_augmentation,Dynamic ERM,cnrs_parent_0184,pattern_532,orthorhombic,2,0.24950773352086386,0.05011769272565926,0,0,0,0,0,5.960464477539062e-07,0.0,5.960464477539062e-07,-0.8598626852035522,-0.99951171875,0.13964903354644775,A52A34AEE62B71365E45E39742DA55E76648C32099EB8D1D7F0DEB854F0A33AC
20260715,ordinary_dynamic_augmentation,Dynamic ERM,cnrs_parent_0187,pattern_541,orthorhombic,2,0.37727688148728156,0.0024163675106774504,0,1,1,0,0,5.936622619628906e-05,5.960464477539063e-08,5.930662155151367e-05,-0.9994523525238037,-0.9931640028953552,-0.006288349628448486,A52A34AEE62B71365E45E39742DA55E76648C32099EB8D1D7F0DEB854F0A33AC
20260715,ordinary_dynamic_augmentation,Dynamic ERM,cnrs_parent_0192,pattern_553,orthorhombic,2,0.36030280997141273,0.2920266608731198,1,1,0,0,0,0.004680633544921875,7.212162017822266e-06,0.004673421382904053,-0.6701240539550781,-0.6415943503379822,-0.028529703617095947,A52A34AEE62B71365E45E39742DA55E76648C32099EB8D1D7F0DEB854F0A33AC
20260715,ordinary_dynamic_augmentation,Dynamic ERM,cnrs_parent_0194,pattern_559,orthorhombic,2,1.1220704072812275,0.6916216437501774,1,6,0,0,0,0.1953125,2.1398067474365234e-05,0.19529110193252563,-0.37451171875,-0.9990020394325256,0.6244903206825256,A52A34AEE62B71365E45E39742DA55E76648C32099EB8D1D7F0DEB854F0A33AC
20260715,ordinary_dynamic_augmentation,Dynamic ERM,cnrs_parent_0197,pattern_566,orthorhombic,2,0.21833958232878348,0.3130541970672053,1,4,1,0,0,4.565715789794922e-05,0.06256103515625,-0.06251537799835205,-0.995559811592102,-0.53753662109375,-0.45802319049835205,A52A34AEE62B71365E45E39742DA55E76648C32099EB8D1D7F0DEB854F0A33AC
20260715,ordinary_dynamic_augmentation,Dynamic ERM,cnrs_parent_0202,pattern_577,orthorhombic,2,0.007898598567915194,1.0507510677504405e-05,0,0,0,0,0,3.5762786865234375e-07,1.8477439880371094e-06,-1.4901161193847656e-06,-0.9999996423721313,-0.999998152256012,-1.4901161193847656e-06,A52A34AEE62B71365E45E39742DA55E76648C32099EB8D1D7F0DEB854F0A33AC
20260715,ordinary_dynamic_augmentation,Dynamic ERM,cnrs_parent_0204,pattern_581,orthorhombic,2,0.6214761123001556,0.6889741388468461,1,2,0,1,0,0.998046875,3.4570693969726562e-06,0.998043417930603,0.9970197677612305,-0.635250449180603,1.6322702169418335,A52A34AEE62B71365E45E39742DA55E76648C32099EB8D1D7F0DEB854F0A33AC
20260715,ordinary_dynamic_augmentation,Dynamic ERM,cnrs_parent_0206,pattern_583,orthorhombic,2,0.06480816742633089,0.037959976738318496,0,3,3,0,0,0.051513671875,0.009918212890625,0.041595458984375,-0.775146484375,-0.941253662109375,0.166107177734375,A52A34AEE62B71365E45E39742DA55E76648C32099EB8D1D7F0DEB854F0A33AC
20260715,ordinary_dynamic_augmentation,Dynamic ERM,cnrs_parent_0227,pattern_634,orthorhombic,2,0.9929128150954998,0.691956696570032,1,1,0,0,0,0.0,2.0265579223632812e-06,-2.0265579223632812e-06,-0.9599609375,-0.9990214109420776,0.03906047344207764,A52A34AEE62B71365E45E39742DA55E76648C32099EB8D1D7F0DEB854F0A33AC
20260715,ordinary_dynamic_augmentation,Dynamic ERM,cnrs_parent_0230,pattern_646,orthorhombic,2,0.782244384808236,0.6894047989300646,1,4,0,0,0,2.0265579223632812e-06,2.980232238769531e-07,1.7285346984863281e-06,-0.9985331296920776,-0.9741207957267761,-0.024412333965301514,A52A34AEE62B71365E45E39742DA55E76648C32099EB8D1D7F0DEB854F0A33AC
20260715,ordinary_dynamic_augmentation,Dynamic ERM,cnrs_parent_0235,pattern_660,orthorhombic,2,0.11301762702580587,0.04523164990553253,0,3,3,0,0,0.3837890625,0.376953125,0.0068359375,-0.2294921875,-0.11474609375,-0.11474609375,A52A34AEE62B71365E45E39742DA55E76648C32099EB8D1D7F0DEB854F0A33AC
20260715,ordinary_dynamic_augmentation,Dynamic ERM,cnrs_parent_0242,pattern_697,orthorhombic,2,0.19029089884270434,0.14043671337725516,0,0,0,0,0,0.00017011165618896484,1.1920928955078125e-07,0.00016999244689941406,-0.646802544593811,-0.9999998807907104,0.3531973361968994,A52A34AEE62B71365E45E39742DA55E76648C32099EB8D1D7F0DEB854F0A33AC
20260715,ordinary_dynamic_augmentation,Dynamic ERM,cnrs_parent_0256,pattern_760,orthorhombic,2,1.5900368290679043,0.6930571907521155,1,0,6,0,0,0.09906005859375,0.0,0.09906005859375,-0.71588134765625,-1.0,0.28411865234375,A52A34AEE62B71365E45E39742DA55E76648C32099EB8D1D7F0DEB854F0A33AC
20260715,ordinary_dynamic_augmentation,Dynamic ERM,cnrs_parent_0261,pattern_781,orthorhombic,2,0.3077059242104291,0.10738821742799473,0,0,0,0,0,0.11212158203125,1.7881393432617188e-07,0.11212140321731567,-0.61053466796875,-0.9999998211860657,0.3894651532173157,A52A34AEE62B71365E45E39742DA55E76648C32099EB8D1D7F0DEB854F0A33AC
20260715,ordinary_dynamic_augmentation,Dynamic ERM,cnrs_parent_0262,pattern_784,orthorhombic,2,0.9322400989263933,0.6552666222228221,1,4,0,0,0,0.0169830322265625,1.1265277862548828e-05,0.01697176694869995,-0.8243255615234375,-0.9995004534721375,0.17517489194869995,A52A34AEE62B71365E45E39742DA55E76648C32099EB8D1D7F0DEB854F0A33AC
20260715,ordinary_dynamic_augmentation,Dynamic ERM,cnrs_parent_0267,pattern_800,orthorhombic,2,0.20034015625296175,0.6021785080280733,1,1,0,0,0,0.1959228515625,0.0007672309875488281,0.19515562057495117,-0.2286376953125,-0.9792132377624512,0.7505755424499512,A52A34AEE62B71365E45E39742DA55E76648C32099EB8D1D7F0DEB854F0A33AC
20260715,ordinary_dynamic_augmentation,Dynamic ERM,cnrs_parent_0281,pattern_845,orthorhombic,2,0.6879365358950791,0.6525836170803698,1,6,0,0,0,2.2470951080322266e-05,0.0003032684326171875,-0.00028079748153686523,-0.9946064352989197,-0.6222553253173828,-0.37235110998153687,A52A34AEE62B71365E45E39742DA55E76648C32099EB8D1D7F0DEB854F0A33AC
20260715,ordinary_dynamic_augmentation,Dynamic ERM,cnrs_parent_0283,pattern_855,orthorhombic,2,1.0973992541606283,0.6819004336329113,1,3,1,0,0,0.0005750656127929688,0.0003173351287841797,0.00025773048400878906,-0.972569465637207,-0.9879639148712158,0.015394449234008789,A52A34AEE62B71365E45E39742DA55E76648C32099EB8D1D7F0DEB854F0A33AC
20260715,ordinary_dynamic_augmentation,Dynamic ERM,cnrs_parent_0286,pattern_861,orthorhombic,2,0.07795751043976973,0.4261294196896954,1,1,0,0,0,4.470348358154297e-06,2.950429916381836e-05,-2.5033950805664062e-05,-0.8364213109016418,-0.9877634644508362,0.15134215354919434,A52A34AEE62B71365E45E39742DA55E76648C32099EB8D1D7F0DEB854F0A33AC
20260715,ordinary_dynamic_augmentation,Dynamic ERM,cnrs_parent_0287,pattern_868,orthorhombic,2,0.6584006779588956,0.6595545625718349,1,1,0,0,0,0.00022220611572265625,1.430511474609375e-06,0.00022077560424804688,-0.8894262313842773,-0.9999985694885254,0.11057233810424805,A52A34AEE62B71365E45E39742DA55E76648C32099EB8D1D7F0DEB854F0A33AC
20260715,ordinary_dynamic_augmentation,Dynamic ERM,cnrs_parent_0299,pattern_908,orthorhombic,2,0.3173095277057758,0.00991351800062954,0,3,3,0,0,0.0283203125,1.2516975402832031e-05,0.028307795524597168,-0.943359375,-0.9999874830245972,0.05662810802459717,A52A34AEE62B71365E45E39742DA55E76648C32099EB8D1D7F0DEB854F0A33AC
20260715,ordinary_dynamic_augmentation,Dynamic ERM,cnrs_parent_0307,pattern_939,orthorhombic,2,0.7789678038938386,0.6403559050551508,1,2,3,1,0,0.94775390625,0.0005593299865722656,0.9471945762634277,0.912353515625,-0.8778586387634277,1.7902121543884277,A52A34AEE62B71365E45E39742DA55E76648C32099EB8D1D7F0DEB854F0A33AC
20260715,ordinary_dynamic_augmentation,Dynamic ERM,cnrs_parent_0310,pattern_950,orthorhombic,2,0.6902457899710727,0.0730270850432698,0,4,4,0,0,1.3172626495361328e-05,1.7881393432617188e-07,1.2993812561035156e-05,-0.8056508898735046,-0.9980466961860657,0.19239580631256104,A52A34AEE62B71365E45E39742DA55E76648C32099EB8D1D7F0DEB854F0A33AC
20260715,ordinary_dynamic_augmentation,Dynamic ERM,cnrs_parent_0312,pattern_958,orthorhombic,2,0.02953540986252834,0.00101991700164508,0,1,1,0,0,0.0,0.0,0.0,-0.99951171875,-0.99609375,-0.00341796875,A52A34AEE62B71365E45E39742DA55E76648C32099EB8D1D7F0DEB854F0A33AC
20260715,ordinary_dynamic_augmentation,Dynamic ERM,cnrs_parent_0318,pattern_972,orthorhombic,2,0.7503852076192834,0.6902169322862115,1,4,0,0,0,5.602836608886719e-06,0.0,5.602836608886719e-06,-0.9780217409133911,-1.0,0.021978259086608887,A52A34AEE62B71365E45E39742DA55E76648C32099EB8D1D7F0DEB854F0A33AC
20260715,ordinary_dynamic_augmentation,Dynamic ERM,cnrs_parent_0002,pattern_1010,orthorhombic,2,0.6621209884362581,0.1327184412158182,0,4,4,0,0,0.31103515625,1.7285346984863281e-06,0.3110334277153015,-0.37060546875,-0.9609357714653015,0.5903303027153015,A52A34AEE62B71365E45E39742DA55E76648C32099EB8D1D7F0DEB854F0A33AC
20260715,ordinary_dynamic_augmentation,Dynamic ERM,cnrs_parent_0003,pattern_1013,orthorhombic,2,0.7286699683805753,0.6896464779662933,1,2,0,1,0,0.8740234375,5.960464477539063e-08,0.8740233778953552,0.77081298828125,-0.9995116591453552,1.7703246474266052,A52A34AEE62B71365E45E39742DA55E76648C32099EB8D1D7F0DEB854F0A33AC
20260715,ordinary_dynamic_augmentation,Dynamic ERM,cnrs_parent_0004,pattern_1018,orthorhombic,2,0.6023119228973275,0.5134212458039368,1,5,3,0,0,1.1920928955078125e-06,0.07135009765625,-0.07134890556335449,-0.6440417766571045,-0.56488037109375,-0.07916140556335449,A52A34AEE62B71365E45E39742DA55E76648C32099EB8D1D7F0DEB854F0A33AC
20260715,ordinary_dynamic_augmentation,Dynamic ERM,cnrs_parent_0009,pattern_1024,orthorhombic,2,1.296585026026086,0.692182855386797,1,4,0,0,0,4.76837158203125e-07,3.0338764190673828e-05,-2.9861927032470703e-05,-0.9824213981628418,-0.9960634112358093,0.01364201307296753,A52A34AEE62B71365E45E39742DA55E76648C32099EB8D1D7F0DEB854F0A33AC
20260715,ordinary_dynamic_augmentation,Dynamic ERM,cnrs_parent_0010,pattern_1028,orthorhombic,2,0.08426395229302652,0.005348226565096707,0,0,0,0,0,1.1920928955078125e-07,0.0,1.1920928955078125e-07,-0.9804686307907104,-0.9990234375,0.01855480670928955,A52A34AEE62B71365E45E39742DA55E76648C32099EB8D1D7F0DEB854F0A33AC
20260715,ordinary_dynamic_augmentation,Dynamic ERM,cnrs_parent_0013,pattern_1032,orthorhombic,2,0.02569749050888137,0.0002156059548152014,0,1,1,0,0,1.0967254638671875e-05,2.9027462005615234e-05,-1.806020736694336e-05,-0.9970593452453613,-0.9950881600379944,-0.0019711852073669434,A52A34AEE62B71365E45E39742DA55E76648C32099EB8D1D7F0DEB854F0A33AC
20260715,ordinary_dynamic_augmentation,Dynamic ERM,cnrs_parent_0016,pattern_1038,orthorhombic,2,0.23407676882916872,0.0005230808535905298,0,4,4,0,0,7.62939453125e-06,0.0007915496826171875,-0.0007839202880859375,-0.9970626831054688,-0.9943256378173828,-0.0027370452880859375,A52A34AEE62B71365E45E39742DA55E76648C32099EB8D1D7F0DEB854F0A33AC
20260715,ordinary_dynamic_augmentation,Dynamic ERM,cnrs_parent_0017,pattern_1039,orthorhombic,2,0.09985011615582529,0.001565783442415297,0,0,0,0,0,3.5762786865234375e-07,1.1920928955078125e-07,2.384185791015625e-07,-0.9907222986221313,-0.9809569120407104,-0.009765386581420898,A52A34AEE62B71365E45E39742DA55E76648C32099EB8D1D7F0DEB854F0A33AC
20260715,ordinary_dynamic_augmentation,Dynamic ERM,cnrs_parent_0018,pattern_1040,orthorhombic,2,1.0734886011364075,0.6720563188711954,1,2,3,1,0,0.4609375,0.00421905517578125,0.45671844482421875,0.157470703125,-0.9640426635742188,1.1215133666992188,A52A34AEE62B71365E45E39742DA55E76648C32099EB8D1D7F0DEB854F0A33AC
20260715,ordinary_dynamic_augmentation,Dynamic ERM,cnrs_parent_0019,pattern_1043,orthorhombic,2,0.03422181753807474,0.0001339091905315967,0,0,0,0,0,0.0004582405090332031,1.5139579772949219e-05,0.0004431009292602539,-0.9990534782409668,-0.999984860420227,0.0009313821792602539,A52A34AEE62B71365E45E39742DA55E76648C32099EB8D1D7F0DEB854F0A33AC
20260715,ordinary_dynamic_augmentation,Dynamic ERM,cnrs_parent_0133,pattern_37,tetragonal,3,0.49231822256858293,0.5215768630437398,1,3,2,1,0,0.95068359375,0.058502197265625,0.892181396484375,0.906402587890625,-0.546478271484375,1.452880859375,A52A34AEE62B71365E45E39742DA55E76648C32099EB8D1D7F0DEB854F0A33AC
20260715,ordinary_dynamic_augmentation,Dynamic ERM,cnrs_parent_0203,pattern_58,tetragonal,3,0.4001878638365798,0.030561406441241487,0,3,3,1,1,0.9970703125,0.90673828125,0.09033203125,0.9941577911376953,0.84149169921875,0.1526660919189453,A52A34AEE62B71365E45E39742DA55E76648C32099EB8D1D7F0DEB854F0A33AC
20260715,ordinary_dynamic_augmentation,Dynamic ERM,cnrs_parent_0222,pattern_62,tetragonal,3,0.6820605300809753,0.0678202169150553,0,0,0,0,0,2.5510787963867188e-05,0.03558349609375,-0.03555798530578613,-0.9770252704620361,-0.78717041015625,-0.18985486030578613,A52A34AEE62B71365E45E39742DA55E76648C32099EB8D1D7F0DEB854F0A33AC
20260715,ordinary_dynamic_augmentation,Dynamic ERM,cnrs_parent_0264,pattern_79,tetragonal,3,0.041281926561859916,4.113352346428827e-06,0,3,3,1,1,1.0,1.0,0.0,0.9999768137931824,0.999996542930603,-1.9729137420654297e-05,A52A34AEE62B71365E45E39742DA55E76648C32099EB8D1D7F0DEB854F0A33AC
20260715,ordinary_dynamic_augmentation,Dynamic ERM,cnrs_parent_0023,pattern_105,tetragonal,3,0.977122546983327,0.15946775828558535,0,3,3,1,1,0.98974609375,0.6142578125,0.37548828125,0.9794998168945312,0.253173828125,0.7263259887695312,A52A34AEE62B71365E45E39742DA55E76648C32099EB8D1D7F0DEB854F0A33AC
20260715,ordinary_dynamic_augmentation,Dynamic ERM,cnrs_parent_0038,pattern_124,tetragonal,3,0.39751078575311916,0.6926953565519489,1,4,0,0,0,0.0,0.0,0.0,-1.0,-0.9921875,-0.0078125,A52A34AEE62B71365E45E39742DA55E76648C32099EB8D1D7F0DEB854F0A33AC
20260715,ordinary_dynamic_augmentation,Dynamic ERM,cnrs_parent_0052,pattern_156,tetragonal,3,0.7135786767788185,0.681391477441341,1,2,0,0,0,0.05242919921875,0.0,0.05242919921875,-0.70343017578125,-0.998046875,0.29461669921875,A52A34AEE62B71365E45E39742DA55E76648C32099EB8D1D7F0DEB854F0A33AC
20260715,ordinary_dynamic_augmentation,Dynamic ERM,cnrs_parent_0071,pattern_203,tetragonal,3,0.3607519588847993,0.0019265053435410088,0,3,3,1,1,1.0,0.994140625,0.005859375,0.99994957447052,0.9894371032714844,0.010512471199035645,A52A34AEE62B71365E45E39742DA55E76648C32099EB8D1D7F0DEB854F0A33AC
20260715,ordinary_dynamic_augmentation,Dynamic ERM,cnrs_parent_0103,pattern_274,tetragonal,3,0.7679825523200869,0.5581489374733646,1,2,3,0,1,0.061279296875,0.9228515625,-0.861572265625,-0.874755859375,0.888641357421875,-1.763397216796875,A52A34AEE62B71365E45E39742DA55E76648C32099EB8D1D7F0DEB854F0A33AC
20260715,ordinary_dynamic_augmentation,Dynamic ERM,cnrs_parent_0104,pattern_278,tetragonal,3,0.3480585323895756,0.2234457924618606,0,0,0,0,0,0.10595703125,1.8477439880371094e-06,0.10595518350601196,-0.349365234375,-0.990232527256012,0.640867292881012,A52A34AEE62B71365E45E39742DA55E76648C32099EB8D1D7F0DEB854F0A33AC
20260715,ordinary_dynamic_augmentation,Dynamic ERM,cnrs_parent_0106,pattern_283,tetragonal,3,0.049782052873937555,0.0003818121722002023,0,0,0,0,0,3.0159950256347656e-05,1.7881393432617188e-07,2.9981136322021484e-05,-0.9980167150497437,-0.9995115399360657,0.0014948248863220215,A52A34AEE62B71365E45E39742DA55E76648C32099EB8D1D7F0DEB854F0A33AC
20260715,ordinary_dynamic_augmentation,Dynamic ERM,cnrs_parent_0107,pattern_288,tetragonal,3,1.1249465740120457,0.6929304976307187,1,2,0,0,0,0.045684814453125,1.2099742889404297e-05,0.045672714710235596,-0.861053466796875,-0.9994996190071106,0.1384461522102356,A52A34AEE62B71365E45E39742DA55E76648C32099EB8D1D7F0DEB854F0A33AC
20260715,ordinary_dynamic_augmentation,Dynamic ERM,cnrs_parent_0108,pattern_294,tetragonal,3,1.5559537900876275,0.6931373932786478,1,6,0,0,0,0.0058135986328125,5.364418029785156e-07,0.0058130621910095215,-0.4082489013671875,-0.998534619808197,0.5902857184410095,A52A34AEE62B71365E45E39742DA55E76648C32099EB8D1D7F0DEB854F0A33AC
20260715,ordinary_dynamic_augmentation,Dynamic ERM,cnrs_parent_0117,pattern_324,tetragonal,3,0.5221963529441869,0.000802673655583794,0,3,3,1,1,0.99755859375,1.0,-0.00244140625,0.9954013824462891,0.9999958276748657,-0.00459444522857666,A52A34AEE62B71365E45E39742DA55E76648C32099EB8D1D7F0DEB854F0A33AC
20260715,ordinary_dynamic_augmentation,Dynamic ERM,cnrs_parent_0118,pattern_327,tetragonal,3,0.7847404931446327,0.10635760604367617,0,3,3,1,1,0.9716796875,0.73388671875,0.23779296875,0.956695556640625,0.5609130859375,0.395782470703125,A52A34AEE62B71365E45E39742DA55E76648C32099EB8D1D7F0DEB854F0A33AC
20260715,ordinary_dynamic_augmentation,Dynamic ERM,cnrs_parent_0144,pattern_409,tetragonal,3,1.0918834808671327,0.6916403715580892,1,4,0,0,0,0.0002961158752441406,0.0,0.0002961158752441406,-0.9923796653747559,-1.0,0.007620334625244141,A52A34AEE62B71365E45E39742DA55E76648C32099EB8D1D7F0DEB854F0A33AC
20260715,ordinary_dynamic_augmentation,Dynamic ERM,cnrs_parent_0155,pattern_448,tetragonal,3,0.4923759832173351,0.007468323755519302,0,3,3,1,1,0.990234375,0.9873046875,0.0029296875,0.9805679321289062,0.9787979125976562,0.00177001953125,A52A34AEE62B71365E45E39742DA55E76648C32099EB8D1D7F0DEB854F0A33AC
20260715,ordinary_dynamic_augmentation,Dynamic ERM,cnrs_parent_0166,pattern_475,tetragonal,3,0.7540263352382399,0.6371232086282088,1,2,3,0,1,0.006320953369140625,0.94677734375,-0.9404563903808594,-0.9848899841308594,0.91778564453125,-1.9026756286621094,A52A34AEE62B71365E45E39742DA55E76648C32099EB8D1D7F0DEB854F0A33AC
20260715,ordinary_dynamic_augmentation,Dynamic ERM,cnrs_parent_0185,pattern_533,tetragonal,3,1.6200069266157127,0.6912786716323334,1,6,0,0,0,0.03314208984375,4.231929779052734e-06,0.03313785791397095,-0.92828369140625,-0.993159830570221,0.06487613916397095,A52A34AEE62B71365E45E39742DA55E76648C32099EB8D1D7F0DEB854F0A33AC
20260715,ordinary_dynamic_augmentation,Dynamic ERM,cnrs_parent_0201,pattern_576,tetragonal,3,0.7883569192489357,0.6183368447540265,1,2,3,0,1,0.02423095703125,0.958984375,-0.93475341796875,-0.94793701171875,0.9342193603515625,-1.8821563720703125,A52A34AEE62B71365E45E39742DA55E76648C32099EB8D1D7F0DEB854F0A33AC
20260715,ordinary_dynamic_augmentation,Dynamic ERM,cnrs_parent_0215,pattern_606,tetragonal,3,0.1259221168449416,0.5842447091557508,1,4,0,0,0,0.0001468658447265625,4.76837158203125e-07,0.00014638900756835938,-0.8655757904052734,-0.9814448356628418,0.11586904525756836,A52A34AEE62B71365E45E39742DA55E76648C32099EB8D1D7F0DEB854F0A33AC
20260715,ordinary_dynamic_augmentation,Dynamic ERM,cnrs_parent_0218,pattern_615,tetragonal,3,0.7746819814740769,0.6055609250927508,1,2,3,0,1,0.0172882080078125,0.7939453125,-0.7766571044921875,-0.9582977294921875,0.616455078125,-1.5747528076171875,A52A34AEE62B71365E45E39742DA55E76648C32099EB8D1D7F0DEB854F0A33AC
20260715,ordinary_dynamic_augmentation,Dynamic ERM,cnrs_parent_0225,pattern_631,tetragonal,3,0.9587088043984545,0.6925074179877196,1,2,0,0,0,0.000751495361328125,0.0002911090850830078,0.0004603862762451172,-0.9894828796386719,-0.998732328414917,0.009249448776245117,A52A34AEE62B71365E45E39742DA55E76648C32099EB8D1D7F0DEB854F0A33AC
20260715,ordinary_dynamic_augmentation,Dynamic ERM,cnrs_parent_0226,pattern_633,tetragonal,3,0.6878468868137271,0.4214825363953941,1,4,3,0,1,0.252197265625,0.5205078125,-0.268310546875,-0.483642578125,0.044677734375,-0.5283203125,A52A34AEE62B71365E45E39742DA55E76648C32099EB8D1D7F0DEB854F0A33AC
20260715,ordinary_dynamic_augmentation,Dynamic ERM,cnrs_parent_0228,pattern_638,tetragonal,3,0.33075042298551993,0.0031926233605436443,0,3,3,1,1,1.0,0.99072265625,0.00927734375,0.9998502731323242,0.9824676513671875,0.01738262176513672,A52A34AEE62B71365E45E39742DA55E76648C32099EB8D1D7F0DEB854F0A33AC
20260715,ordinary_dynamic_augmentation,Dynamic ERM,cnrs_parent_0231,pattern_648,tetragonal,3,0.6551195005588619,0.6726018152382411,1,4,0,0,0,0.0006456375122070312,5.960464477539063e-08,0.0006455779075622559,-0.991541862487793,-0.9999999403953552,0.008458077907562256,A52A34AEE62B71365E45E39742DA55E76648C32099EB8D1D7F0DEB854F0A33AC
20260715,ordinary_dynamic_augmentation,Dynamic ERM,cnrs_parent_0239,pattern_682,tetragonal,3,0.8325487560133524,0.6403116092980974,1,6,0,0,0,0.445556640625,0.010772705078125,0.434783935546875,-0.093994140625,-0.787078857421875,0.693084716796875,A52A34AEE62B71365E45E39742DA55E76648C32099EB8D1D7F0DEB854F0A33AC
20260715,ordinary_dynamic_augmentation,Dynamic ERM,cnrs_parent_0247,pattern_724,tetragonal,3,0.34469340359253986,0.03779447208897069,0,3,3,1,1,0.89453125,1.0,-0.10546875,0.78936767578125,0.9999290108680725,-0.2105613350868225,A52A34AEE62B71365E45E39742DA55E76648C32099EB8D1D7F0DEB854F0A33AC
20260715,ordinary_dynamic_augmentation,Dynamic ERM,cnrs_parent_0250,pattern_744,tetragonal,3,0.7744283310780344,0.5888507060636561,1,3,0,1,0,0.97705078125,0.0511474609375,0.9259033203125,0.95880126953125,-0.7921142578125,1.75091552734375,A52A34AEE62B71365E45E39742DA55E76648C32099EB8D1D7F0DEB854F0A33AC
20260715,ordinary_dynamic_augmentation,Dynamic ERM,cnrs_parent_0252,pattern_751,tetragonal,3,1.2313926920923177,0.6931391260807227,1,6,3,0,1,0.0,0.9794921875,-0.9794921875,-1.0,0.959564208984375,-1.959564208984375,A52A34AEE62B71365E45E39742DA55E76648C32099EB8D1D7F0DEB854F0A33AC
20260715,ordinary_dynamic_augmentation,Dynamic ERM,cnrs_parent_0258,pattern_772,tetragonal,3,0.9120317952314501,0.6852825821721081,1,2,0,0,0,0.003368377685546875,0.00472259521484375,-0.001354217529296875,-0.9907722473144531,-0.9864883422851562,-0.004283905029296875,A52A34AEE62B71365E45E39742DA55E76648C32099EB8D1D7F0DEB854F0A33AC
20260715,ordinary_dynamic_augmentation,Dynamic ERM,cnrs_parent_0263,pattern_785,tetragonal,3,0.8601489031387155,0.6926492788061945,1,2,0,0,0,0.00244140625,9.649991989135742e-05,0.0023449063301086426,-0.982421875,-0.9989269375801086,0.016505062580108643,A52A34AEE62B71365E45E39742DA55E76648C32099EB8D1D7F0DEB854F0A33AC
20260715,ordinary_dynamic_augmentation,Dynamic ERM,cnrs_parent_0275,pattern_837,tetragonal,3,1.005190524119853,0.5532567562955122,1,3,4,1,0,0.96337890625,0.0701904296875,0.8931884765625,0.938201904296875,-0.8292236328125,1.767425537109375,A52A34AEE62B71365E45E39742DA55E76648C32099EB8D1D7F0DEB854F0A33AC
20260715,ordinary_dynamic_augmentation,Dynamic ERM,cnrs_parent_0279,pattern_841,tetragonal,3,1.0307225944688674,0.6461770203551114,1,3,0,1,0,0.56005859375,0.019866943359375,0.540191650390625,0.29150390625,-0.886383056640625,1.177886962890625,A52A34AEE62B71365E45E39742DA55E76648C32099EB8D1D7F0DEB854F0A33AC
20260715,ordinary_dynamic_augmentation,Dynamic ERM,cnrs_parent_0280,pattern_844,tetragonal,3,1.3615519053747365,0.6929999804573381,1,2,0,0,0,0.2626953125,2.682209014892578e-06,0.2626926302909851,-0.4189453125,-0.9999973177909851,0.5810520052909851,A52A34AEE62B71365E45E39742DA55E76648C32099EB8D1D7F0DEB854F0A33AC
20260715,ordinary_dynamic_augmentation,Dynamic ERM,cnrs_parent_0304,pattern_928,tetragonal,3,1.2357428500615846,0.6931118669927456,1,2,0,0,0,0.0185699462890625,3.516674041748047e-06,0.018566429615020752,-0.9604339599609375,-0.9999964833259583,0.03956252336502075,A52A34AEE62B71365E45E39742DA55E76648C32099EB8D1D7F0DEB854F0A33AC
20260715,ordinary_dynamic_augmentation,Dynamic ERM,cnrs_parent_0315,pattern_963,tetragonal,3,1.0454967272147773,0.55476601002893,1,3,0,1,0,0.92041015625,0.07672119140625,0.84368896484375,0.866607666015625,-0.79095458984375,1.657562255859375,A52A34AEE62B71365E45E39742DA55E76648C32099EB8D1D7F0DEB854F0A33AC
20260715,ordinary_dynamic_augmentation,Dynamic ERM,cnrs_parent_0317,pattern_966,tetragonal,3,0.6994552191941661,0.6051636762684274,1,2,0,0,0,0.303955078125,0.0271148681640625,0.2768402099609375,-0.367919921875,-0.9269866943359375,0.5590667724609375,A52A34AEE62B71365E45E39742DA55E76648C32099EB8D1D7F0DEB854F0A33AC
20260715,ordinary_dynamic_augmentation,Dynamic ERM,cnrs_parent_0319,pattern_975,tetragonal,3,0.16808536473493518,0.049438786245225616,0,0,0,0,0,1.3589859008789062e-05,5.960464477539063e-08,1.3530254364013672e-05,-0.8535020351409912,-0.9980468153953552,0.144544780254364,A52A34AEE62B71365E45E39742DA55E76648C32099EB8D1D7F0DEB854F0A33AC
20260715,ordinary_dynamic_augmentation,Dynamic ERM,cnrs_parent_0006,pattern_1020,tetragonal,3,1.0271436514732786,0.6926807206110932,1,2,0,0,0,0.034332275390625,9.47713851928711e-05,0.03423750400543213,-0.908050537109375,-0.9999052286148071,0.09185469150543213,A52A34AEE62B71365E45E39742DA55E76648C32099EB8D1D7F0DEB854F0A33AC
20260715,ordinary_dynamic_augmentation,Dynamic ERM,cnrs_parent_0022,pattern_1049,tetragonal,3,0.03610646603183232,0.001228808238584855,0,3,3,1,1,0.99951171875,0.9951171875,0.00439453125,0.9991464614868164,0.9902114868164062,0.008934974670410156,A52A34AEE62B71365E45E39742DA55E76648C32099EB8D1D7F0DEB854F0A33AC
20260715,ordinary_dynamic_augmentation,Dynamic ERM,cnrs_parent_0075,pattern_21,trigonal,4,0.6824346963942312,0.49927734222010656,1,1,3,0,0,0.1046142578125,1.1920928955078125e-06,0.10461306571960449,-0.5726318359375,-0.8686511516571045,0.2960193157196045,A52A34AEE62B71365E45E39742DA55E76648C32099EB8D1D7F0DEB854F0A33AC
20260715,ordinary_dynamic_augmentation,Dynamic ERM,cnrs_parent_0309,pattern_95,trigonal,4,0.3592631777043057,0.07468647884379201,0,1,1,0,0,0.006259918212890625,0.001270294189453125,0.0049896240234375,-0.7305564880371094,-0.9674797058105469,0.2369232177734375,A52A34AEE62B71365E45E39742DA55E76648C32099EB8D1D7F0DEB854F0A33AC
20260715,ordinary_dynamic_augmentation,Dynamic ERM,cnrs_parent_0026,pattern_107,trigonal,4,0.26918181237228067,0.005077649269608896,0,5,5,0,0,0.01523590087890625,0.0009465217590332031,0.014289379119873047,-0.8705062866210938,-0.9145808219909668,0.04407453536987305,A52A34AEE62B71365E45E39742DA55E76648C32099EB8D1D7F0DEB854F0A33AC
20260715,ordinary_dynamic_augmentation,Dynamic ERM,cnrs_parent_0041,pattern_127,trigonal,4,1.1670431026291135,0.693031340441382,1,6,1,0,0,0.349853515625,1.2516975402832031e-05,0.34984099864959717,-0.288818359375,-0.9999874830245972,0.7111691236495972,A52A34AEE62B71365E45E39742DA55E76648C32099EB8D1D7F0DEB854F0A33AC
20260715,ordinary_dynamic_augmentation,Dynamic ERM,cnrs_parent_0047,pattern_142,trigonal,4,0.5594031355243765,0.2573610734921645,1,6,1,0,0,0.01319122314453125,0.0953369140625,-0.08214569091796875,-0.9370040893554688,-0.3841552734375,-0.5528488159179688,A52A34AEE62B71365E45E39742DA55E76648C32099EB8D1D7F0DEB854F0A33AC
20260715,ordinary_dynamic_augmentation,Dynamic ERM,cnrs_parent_0050,pattern_150,trigonal,4,0.9319683954061796,0.35010692075136357,1,4,0,1,0,0.6240234375,0.3662109375,0.2578125,0.262939453125,-0.047119140625,0.31005859375,A52A34AEE62B71365E45E39742DA55E76648C32099EB8D1D7F0DEB854F0A33AC
20260715,ordinary_dynamic_augmentation,Dynamic ERM,cnrs_parent_0058,pattern_171,trigonal,4,0.5333057019090495,0.6779510155430046,1,4,0,1,0,0.72216796875,0.0005092620849609375,0.7216587066650391,0.47265625,-0.9990024566650391,1.471658706665039,A52A34AEE62B71365E45E39742DA55E76648C32099EB8D1D7F0DEB854F0A33AC
20260715,ordinary_dynamic_augmentation,Dynamic ERM,cnrs_parent_0068,pattern_194,trigonal,4,0.43038095659717057,0.688038730848426,1,1,0,0,0,0.0017805099487304688,0.000423431396484375,0.0013570785522460938,-0.9957780838012695,-0.9981117248535156,0.0023336410522460938,A52A34AEE62B71365E45E39742DA55E76648C32099EB8D1D7F0DEB854F0A33AC
20260715,ordinary_dynamic_augmentation,Dynamic ERM,cnrs_parent_0112,pattern_308,trigonal,4,0.7582698077540576,0.665447980677123,1,4,1,1,0,0.98876953125,4.76837158203125e-07,0.9887690544128418,0.9789962768554688,-0.9995112419128418,1.9785075187683105,A52A34AEE62B71365E45E39742DA55E76648C32099EB8D1D7F0DEB854F0A33AC
20260715,ordinary_dynamic_augmentation,Dynamic ERM,cnrs_parent_0116,pattern_323,trigonal,4,0.7292714606533492,0.6882455569794059,1,4,0,1,0,0.92041015625,0.0001074075698852539,0.9203027486801147,0.84429931640625,-0.9871972799301147,1.8314965963363647,A52A34AEE62B71365E45E39742DA55E76648C32099EB8D1D7F0DEB854F0A33AC
20260715,ordinary_dynamic_augmentation,Dynamic ERM,cnrs_parent_0125,pattern_354,trigonal,4,0.36312465387735104,0.03965476297501181,0,0,0,0,0,8.463859558105469e-06,0.0001418590545654297,-0.00013339519500732422,-0.7724524736404419,-0.7928268909454346,0.020374417304992676,A52A34AEE62B71365E45E39742DA55E76648C32099EB8D1D7F0DEB854F0A33AC
20260715,ordinary_dynamic_augmentation,Dynamic ERM,cnrs_parent_0126,pattern_357,trigonal,4,0.9225365877285826,0.5967077771346747,1,4,0,1,0,0.9990234375,0.047119140625,0.951904296875,0.9983911514282227,-0.861083984375,1.8594751358032227,A52A34AEE62B71365E45E39742DA55E76648C32099EB8D1D7F0DEB854F0A33AC
20260715,ordinary_dynamic_augmentation,Dynamic ERM,cnrs_parent_0141,pattern_398,trigonal,4,0.6936925537101051,0.42844289361778887,1,4,0,1,0,1.0,0.1937255859375,0.8062744140625,0.9999998807907104,-0.1370849609375,1.1370848417282104,A52A34AEE62B71365E45E39742DA55E76648C32099EB8D1D7F0DEB854F0A33AC
20260715,ordinary_dynamic_augmentation,Dynamic ERM,cnrs_parent_0145,pattern_413,trigonal,4,0.5064025639058838,0.6308358827239839,1,2,1,0,0,0.00830841064453125,3.159046173095703e-06,0.008305251598358154,-0.9521408081054688,-0.9540984034538269,0.0019575953483581543,A52A34AEE62B71365E45E39742DA55E76648C32099EB8D1D7F0DEB854F0A33AC
20260715,ordinary_dynamic_augmentation,Dynamic ERM,cnrs_parent_0146,pattern_415,trigonal,4,0.990534249093449,0.6927540736724394,1,4,1,1,0,0.9921875,7.3909759521484375e-06,0.9921801090240479,0.9846992492675781,-0.9965746402740479,1.981273889541626,A52A34AEE62B71365E45E39742DA55E76648C32099EB8D1D7F0DEB854F0A33AC
20260715,ordinary_dynamic_augmentation,Dynamic ERM,cnrs_parent_0157,pattern_452,trigonal,4,0.5514116795323466,0.03343144994248797,0,1,1,0,0,0.00818634033203125,6.556510925292969e-07,0.00818568468093872,-0.9830245971679688,-0.9135735630989075,-0.06945103406906128,A52A34AEE62B71365E45E39742DA55E76648C32099EB8D1D7F0DEB854F0A33AC
20260715,ordinary_dynamic_augmentation,Dynamic ERM,cnrs_parent_0179,pattern_506,trigonal,4,1.070346369532816,0.689509280608895,1,4,1,1,0,0.93359375,0.0006966590881347656,0.9328970909118652,0.89447021484375,-0.9958853721618652,1.8903555870056152,A52A34AEE62B71365E45E39742DA55E76648C32099EB8D1D7F0DEB854F0A33AC
20260715,ordinary_dynamic_augmentation,Dynamic ERM,cnrs_parent_0208,pattern_587,trigonal,4,0.0794447503854454,7.6017475552616275e-06,0,0,0,0,0,0.0,0.0,0.0,-1.0,-1.0,0.0,A52A34AEE62B71365E45E39742DA55E76648C32099EB8D1D7F0DEB854F0A33AC
20260715,ordinary_dynamic_augmentation,Dynamic ERM,cnrs_parent_0211,pattern_591,trigonal,4,0.735285779500433,0.06072717743299887,0,0,0,0,0,0.000370025634765625,0.0002956390380859375,7.43865966796875e-05,-0.6343955993652344,-0.9054660797119141,0.2710704803466797,A52A34AEE62B71365E45E39742DA55E76648C32099EB8D1D7F0DEB854F0A33AC
20260715,ordinary_dynamic_augmentation,Dynamic ERM,cnrs_parent_0220,pattern_617,trigonal,4,0.8136012817022966,0.6687124617310222,1,2,1,0,0,0.015960693359375,0.00011813640594482422,0.015842556953430176,-0.958648681640625,-0.9925576448440552,0.033908963203430176,A52A34AEE62B71365E45E39742DA55E76648C32099EB8D1D7F0DEB854F0A33AC
20260715,ordinary_dynamic_augmentation,Dynamic ERM,cnrs_parent_0237,pattern_673,trigonal,4,1.3259010198573966,0.6930793054545181,1,6,0,0,0,0.0,0.0,0.0,-1.0,-0.9990234375,-0.0009765625,A52A34AEE62B71365E45E39742DA55E76648C32099EB8D1D7F0DEB854F0A33AC
20260715,ordinary_dynamic_augmentation,Dynamic ERM,cnrs_parent_0246,pattern_722,trigonal,4,0.375767539539542,0.4898247202153033,1,2,4,0,1,0.05706787109375,0.91650390625,-0.85943603515625,-0.88580322265625,0.869598388671875,-1.755401611328125,A52A34AEE62B71365E45E39742DA55E76648C32099EB8D1D7F0DEB854F0A33AC
20260715,ordinary_dynamic_augmentation,Dynamic ERM,cnrs_parent_0248,pattern_736,trigonal,4,0.3463506214105283,0.0037268739285881832,0,1,1,0,0,0.0001804828643798828,1.3113021850585938e-06,0.00017917156219482422,-0.9885890483856201,-0.9995104074478149,0.010921359062194824,A52A34AEE62B71365E45E39742DA55E76648C32099EB8D1D7F0DEB854F0A33AC
20260715,ordinary_dynamic_augmentation,Dynamic ERM,cnrs_parent_0270,pattern_820,trigonal,4,0.3371402129499551,0.0034186300698366675,0,4,4,1,1,0.990234375,0.99951171875,-0.00927734375,0.9826736450195312,0.9993363618850708,-0.01666271686553955,A52A34AEE62B71365E45E39742DA55E76648C32099EB8D1D7F0DEB854F0A33AC
20260715,ordinary_dynamic_augmentation,Dynamic ERM,cnrs_parent_0272,pattern_826,trigonal,4,0.213155865535818,0.0038975010972504918,0,0,0,0,0,0.0039825439453125,0.0,0.0039825439453125,-0.9847869873046875,-1.0,0.0152130126953125,A52A34AEE62B71365E45E39742DA55E76648C32099EB8D1D7F0DEB854F0A33AC
20260715,ordinary_dynamic_augmentation,Dynamic ERM,cnrs_parent_0276,pattern_838,trigonal,4,0.4646271605064919,0.29751362880119897,1,2,0,0,0,0.02947998046875,8.106231689453125e-06,0.029471874237060547,-0.58087158203125,-0.5571208000183105,-0.023750782012939453,A52A34AEE62B71365E45E39742DA55E76648C32099EB8D1D7F0DEB854F0A33AC
20260715,ordinary_dynamic_augmentation,Dynamic ERM,cnrs_parent_0277,pattern_839,trigonal,4,1.1499251238140051,0.6891216060595431,1,4,1,1,0,0.990234375,0.0,0.990234375,0.9867038726806641,-0.98095703125,1.967660903930664,A52A34AEE62B71365E45E39742DA55E76648C32099EB8D1D7F0DEB854F0A33AC
20260715,ordinary_dynamic_augmentation,Dynamic ERM,cnrs_parent_0278,pattern_840,trigonal,4,0.9613227996480788,0.11417024696874083,0,0,0,0,0,2.294778823852539e-05,6.556510925292969e-06,1.6391277313232422e-05,-0.7304458022117615,-0.8798762559890747,0.14943045377731323,A52A34AEE62B71365E45E39742DA55E76648C32099EB8D1D7F0DEB854F0A33AC
20260715,ordinary_dynamic_augmentation,Dynamic ERM,cnrs_parent_0289,pattern_878,trigonal,4,0.4068190496710322,0.008054021834232664,0,1,1,0,0,0.00948333740234375,1.2695789337158203e-05,0.009470641613006592,-0.9709854125976562,-0.9843623042106628,0.013376891613006592,A52A34AEE62B71365E45E39742DA55E76648C32099EB8D1D7F0DEB854F0A33AC
20260715,ordinary_dynamic_augmentation,Dynamic ERM,cnrs_parent_0302,pattern_915,trigonal,4,0.47087416227110546,0.6801054739615724,1,4,0,1,0,0.974609375,0.00038814544677734375,0.9742212295532227,0.9616012573242188,-0.9913110733032227,1.9529123306274414,A52A34AEE62B71365E45E39742DA55E76648C32099EB8D1D7F0DEB854F0A33AC
20260715,ordinary_dynamic_augmentation,Dynamic ERM,cnrs_parent_0308,pattern_943,trigonal,4,0.39326365549927966,0.6624384406634676,1,1,0,0,0,0.0,0.0,0.0,-1.0,-0.98876953125,-0.01123046875,A52A34AEE62B71365E45E39742DA55E76648C32099EB8D1D7F0DEB854F0A33AC
20260715,ordinary_dynamic_augmentation,Dynamic ERM,cnrs_parent_0313,pattern_960,trigonal,4,0.23252606254461428,1.2580062058703416e-05,0,4,4,1,1,1.0,1.0,0.0,1.0,0.9999710321426392,2.8967857360839844e-05,A52A34AEE62B71365E45E39742DA55E76648C32099EB8D1D7F0DEB854F0A33AC
20260715,ordinary_dynamic_augmentation,Dynamic ERM,cnrs_parent_0012,pattern_1030,trigonal,4,0.03789166576162806,0.015984819815697934,0,6,6,0,0,0.0002925395965576172,0.0215911865234375,-0.021298646926879883,-0.8957035541534424,-0.7606353759765625,-0.13506817817687988,A52A34AEE62B71365E45E39742DA55E76648C32099EB8D1D7F0DEB854F0A33AC
20260715,ordinary_dynamic_augmentation,Dynamic ERM,cnrs_parent_0057,pattern_17,hexagonal,5,0.5524759114625462,0.003879137563737862,0,4,4,0,0,0.010772705078125,1.9669532775878906e-06,0.010770738124847412,-0.977996826171875,-0.9999980330467224,0.022001206874847412,A52A34AEE62B71365E45E39742DA55E76648C32099EB8D1D7F0DEB854F0A33AC
20260715,ordinary_dynamic_augmentation,Dynamic ERM,cnrs_parent_0065,pattern_19,hexagonal,5,0.3181501163803122,0.030499469669111583,0,3,3,0,0,0.0504150390625,0.00014150142669677734,0.05027353763580322,-0.8607177734375,-0.9964405298233032,0.13572275638580322,A52A34AEE62B71365E45E39742DA55E76648C32099EB8D1D7F0DEB854F0A33AC
20260715,ordinary_dynamic_augmentation,Dynamic ERM,cnrs_parent_0061,pattern_176,hexagonal,5,0.2998191385951302,0.23091480983868123,1,6,4,0,0,0.040740966796875,7.432699203491211e-05,0.04066663980484009,-0.436553955078125,-0.8231678605079651,0.3866139054298401,A52A34AEE62B71365E45E39742DA55E76648C32099EB8D1D7F0DEB854F0A33AC
20260715,ordinary_dynamic_augmentation,Dynamic ERM,cnrs_parent_0073,pattern_207,hexagonal,5,0.8217599541183378,0.69252133731509,1,3,0,0,0,5.960464477539063e-08,0.0,5.960464477539063e-08,-0.8002929091453552,-1.0,0.19970709085464478,A52A34AEE62B71365E45E39742DA55E76648C32099EB8D1D7F0DEB854F0A33AC
20260715,ordinary_dynamic_augmentation,Dynamic ERM,cnrs_parent_0093,pattern_249,hexagonal,5,0.11078996877936043,0.0040498899359827974,0,4,4,0,0,0.0125732421875,0.0001417398452758789,0.012431502342224121,-0.9747314453125,-0.9998582601547241,0.02512681484222412,A52A34AEE62B71365E45E39742DA55E76648C32099EB8D1D7F0DEB854F0A33AC
20260715,ordinary_dynamic_augmentation,Dynamic ERM,cnrs_parent_0096,pattern_257,hexagonal,5,0.6439911692482589,0.005651264289984553,0,4,4,0,0,0.003917694091796875,0.00041413307189941406,0.003503561019897461,-0.9794807434082031,-0.9976327419281006,0.01815199851989746,A52A34AEE62B71365E45E39742DA55E76648C32099EB8D1D7F0DEB854F0A33AC
20260715,ordinary_dynamic_augmentation,Dynamic ERM,cnrs_parent_0132,pattern_367,hexagonal,5,0.27232054870494804,0.08937238888951293,0,1,1,0,0,9.357929229736328e-06,0.0,9.357929229736328e-06,-0.9819242358207703,-0.70068359375,-0.28124064207077026,A52A34AEE62B71365E45E39742DA55E76648C32099EB8D1D7F0DEB854F0A33AC
20260715,ordinary_dynamic_augmentation,Dynamic ERM,cnrs_parent_0159,pattern_457,hexagonal,5,1.0103168234187156,0.5279773219935143,1,6,3,0,0,3.600120544433594e-05,0.08056640625,-0.08053040504455566,-0.8954718112945557,-0.763671875,-0.13179993629455566,A52A34AEE62B71365E45E39742DA55E76648C32099EB8D1D7F0DEB854F0A33AC
20260715,ordinary_dynamic_augmentation,Dynamic ERM,cnrs_parent_0216,pattern_608,hexagonal,5,0.9439970036096662,0.692961084842904,1,4,0,0,0,2.1457672119140625e-06,0.0,2.1457672119140625e-06,-0.9999978542327881,-0.9990234375,-0.0009744167327880859,A52A34AEE62B71365E45E39742DA55E76648C32099EB8D1D7F0DEB854F0A33AC
20260715,ordinary_dynamic_augmentation,Dynamic ERM,cnrs_parent_0223,pattern_627,hexagonal,5,0.9046643823548629,0.2599553818012213,1,3,5,0,1,0.254150390625,0.60205078125,-0.347900390625,-0.273681640625,0.34619140625,-0.619873046875,A52A34AEE62B71365E45E39742DA55E76648C32099EB8D1D7F0DEB854F0A33AC
20260715,ordinary_dynamic_augmentation,Dynamic ERM,cnrs_parent_0288,pattern_873,hexagonal,5,0.9048129568361022,0.6878234977057995,1,6,1,0,0,0.00015294551849365234,3.0994415283203125e-06,0.00014984607696533203,-0.8362728357315063,-0.9951140880584717,0.15884125232696533,A52A34AEE62B71365E45E39742DA55E76648C32099EB8D1D7F0DEB854F0A33AC
20260715,ordinary_dynamic_augmentation,Dynamic ERM,cnrs_parent_0300,pattern_909,hexagonal,5,0.1228478604668033,0.05817014569189048,0,4,4,0,0,0.02874755859375,0.2259521484375,-0.19720458984375,-0.94195556640625,-0.5235595703125,-0.41839599609375,A52A34AEE62B71365E45E39742DA55E76648C32099EB8D1D7F0DEB854F0A33AC
20260715,ordinary_dynamic_augmentation,Dynamic ERM,cnrs_parent_0069,pattern_2,cubic,6,1.271112961600547,0.6931439079592114,1,6,0,1,0,0.5615234375,0.0,0.5615234375,0.1259765625,-1.0,1.1259765625,A52A34AEE62B71365E45E39742DA55E76648C32099EB8D1D7F0DEB854F0A33AC
20260715,ordinary_dynamic_augmentation,Dynamic ERM,cnrs_parent_0083,pattern_23,cubic,6,0.3492234981642216,0.07758833319495892,0,1,1,0,0,0.0,0.0,0.0,-0.79296875,-1.0,0.20703125,A52A34AEE62B71365E45E39742DA55E76648C32099EB8D1D7F0DEB854F0A33AC
20260715,ordinary_dynamic_augmentation,Dynamic ERM,cnrs_parent_0097,pattern_26,cubic,6,0.17840927719783095,0.03998689593806128,0,6,6,1,1,1.0,0.88916015625,0.11083984375,0.9999998807907104,0.77996826171875,0.22003161907196045,A52A34AEE62B71365E45E39742DA55E76648C32099EB8D1D7F0DEB854F0A33AC
20260715,ordinary_dynamic_augmentation,Dynamic ERM,cnrs_parent_0101,pattern_27,cubic,6,1.1258479991620676,0.6931396441257877,1,6,5,1,0,1.0,8.344650268554688e-07,0.9999991655349731,0.9999998807907104,-0.9873038530349731,1.9873037338256836,A52A34AEE62B71365E45E39742DA55E76648C32099EB8D1D7F0DEB854F0A33AC
20260715,ordinary_dynamic_augmentation,Dynamic ERM,cnrs_parent_0142,pattern_40,cubic,6,0.6297785172203909,0.031940307995418984,0,6,6,1,1,1.0,0.91064453125,0.08935546875,0.9999867677688599,0.8245849609375,0.17540180683135986,A52A34AEE62B71365E45E39742DA55E76648C32099EB8D1D7F0DEB854F0A33AC
20260715,ordinary_dynamic_augmentation,Dynamic ERM,cnrs_parent_0199,pattern_57,cubic,6,1.1746321965892745,0.6931471805599453,1,6,0,1,0,1.0,0.0,1.0,0.9998854398727417,-1.0,1.9998854398727417,A52A34AEE62B71365E45E39742DA55E76648C32099EB8D1D7F0DEB854F0A33AC
20260715,ordinary_dynamic_augmentation,Dynamic ERM,cnrs_parent_0241,pattern_69,cubic,6,0.1376055959005117,9.367555819995996e-06,0,6,6,1,1,1.0,1.0,0.0,0.9999998211860657,0.9999842047691345,1.5616416931152344e-05,A52A34AEE62B71365E45E39742DA55E76648C32099EB8D1D7F0DEB854F0A33AC
20260715,ordinary_dynamic_augmentation,Dynamic ERM,cnrs_parent_0290,pattern_88,cubic,6,0.369647518148977,0.6544456311657637,1,1,0,0,0,0.0,2.562999725341797e-06,-2.562999725341797e-06,-0.9931640625,-0.9931614995002747,-2.562999725341797e-06,A52A34AEE62B71365E45E39742DA55E76648C32099EB8D1D7F0DEB854F0A33AC
20260715,ordinary_dynamic_augmentation,Dynamic ERM,cnrs_parent_0029,pattern_110,cubic,6,0.7275019288987642,0.6755554827892942,1,6,2,1,0,1.0,0.005535125732421875,0.9944648742675781,0.999908983707428,-0.4998359680175781,1.499744951725006,A52A34AEE62B71365E45E39742DA55E76648C32099EB8D1D7F0DEB854F0A33AC
20260715,ordinary_dynamic_augmentation,Dynamic ERM,cnrs_parent_0035,pattern_119,cubic,6,1.332109317007072,0.6772440415768547,1,6,0,1,0,0.97802734375,0.0,0.97802734375,0.9562530517578125,-0.97412109375,1.9303741455078125,A52A34AEE62B71365E45E39742DA55E76648C32099EB8D1D7F0DEB854F0A33AC
20260715,ordinary_dynamic_augmentation,Dynamic ERM,cnrs_parent_0040,pattern_126,cubic,6,1.0223111811709087,0.46221547390453804,1,4,3,0,0,0.275390625,0.3681640625,-0.0927734375,-0.34521484375,-0.26318359375,-0.08203125,A52A34AEE62B71365E45E39742DA55E76648C32099EB8D1D7F0DEB854F0A33AC
20260715,ordinary_dynamic_augmentation,Dynamic ERM,cnrs_parent_0062,pattern_178,cubic,6,0.2537108510637195,0.2733514870877963,1,1,0,0,0,4.887580871582031e-06,0.0,4.887580871582031e-06,-0.7275341749191284,-0.9462890625,0.21875488758087158,A52A34AEE62B71365E45E39742DA55E76648C32099EB8D1D7F0DEB854F0A33AC
20260715,ordinary_dynamic_augmentation,Dynamic ERM,cnrs_parent_0067,pattern_193,cubic,6,0.11214040813475878,0.3041651994607654,1,6,4,1,0,0.97802734375,0.288330078125,0.689697265625,0.956085205078125,-0.403564453125,1.359649658203125,A52A34AEE62B71365E45E39742DA55E76648C32099EB8D1D7F0DEB854F0A33AC
20260715,ordinary_dynamic_augmentation,Dynamic ERM,cnrs_parent_0077,pattern_215,cubic,6,1.6426710809593188,0.6930562507251823,1,6,0,1,0,1.0,1.4722347259521484e-05,0.9999852776527405,0.9999998807907104,-0.8090673089027405,1.809067189693451,A52A34AEE62B71365E45E39742DA55E76648C32099EB8D1D7F0DEB854F0A33AC
20260715,ordinary_dynamic_augmentation,Dynamic ERM,cnrs_parent_0085,pattern_236,cubic,6,0.07921414958999484,0.45133571041168896,1,6,4,1,0,0.96923828125,0.1075439453125,0.8616943359375,0.9387969970703125,-0.7825927734375,1.7213897705078125,A52A34AEE62B71365E45E39742DA55E76648C32099EB8D1D7F0DEB854F0A33AC
20260715,ordinary_dynamic_augmentation,Dynamic ERM,cnrs_parent_0105,pattern_279,cubic,6,0.9982457772751282,0.6931156361972055,1,6,5,1,0,1.0,3.5762786865234375e-07,0.9999996423721313,0.9999927282333374,-0.9672847986221313,1.9672775268554688,A52A34AEE62B71365E45E39742DA55E76648C32099EB8D1D7F0DEB854F0A33AC
20260715,ordinary_dynamic_augmentation,Dynamic ERM,cnrs_parent_0127,pattern_360,cubic,6,1.6561755709471933,0.69314709998054,1,6,2,1,0,1.0,0.0,1.0,0.9999997019767761,-0.9912109375,1.9912106394767761,A52A34AEE62B71365E45E39742DA55E76648C32099EB8D1D7F0DEB854F0A33AC
20260715,ordinary_dynamic_augmentation,Dynamic ERM,cnrs_parent_0129,pattern_363,cubic,6,1.090180554975689,0.6741313759506755,1,6,2,1,0,0.99951171875,0.0059661865234375,0.9935455322265625,0.9993507862091064,-0.7547760009765625,1.754126787185669,A52A34AEE62B71365E45E39742DA55E76648C32099EB8D1D7F0DEB854F0A33AC
20260715,ordinary_dynamic_augmentation,Dynamic ERM,cnrs_parent_0131,pattern_366,cubic,6,0.7283608105734214,0.37661677342824995,1,6,4,1,0,0.71923828125,9.59634780883789e-06,0.7192286849021912,0.443115234375,-0.8569239974021912,1.3000392317771912,A52A34AEE62B71365E45E39742DA55E76648C32099EB8D1D7F0DEB854F0A33AC
20260715,ordinary_dynamic_augmentation,Dynamic ERM,cnrs_parent_0134,pattern_375,cubic,6,0.4946429346791815,0.5700865188967827,1,6,3,1,0,1.0,0.0653076171875,0.9346923828125,0.9999524354934692,-0.4727783203125,1.4727307558059692,A52A34AEE62B71365E45E39742DA55E76648C32099EB8D1D7F0DEB854F0A33AC
20260715,ordinary_dynamic_augmentation,Dynamic ERM,cnrs_parent_0135,pattern_376,cubic,6,0.4841705710713705,0.6507034522306497,1,4,2,0,0,0.002216339111328125,6.0677528381347656e-05,0.0021556615829467773,-0.6120414733886719,-0.9945682287216187,0.3825267553329468,A52A34AEE62B71365E45E39742DA55E76648C32099EB8D1D7F0DEB854F0A33AC
20260715,ordinary_dynamic_augmentation,Dynamic ERM,cnrs_parent_0138,pattern_394,cubic,6,1.3671446018222662,0.6931471805599452,1,4,0,0,0,0.466796875,0.0,0.466796875,-0.06640625,-1.0,0.93359375,A52A34AEE62B71365E45E39742DA55E76648C32099EB8D1D7F0DEB854F0A33AC
20260715,ordinary_dynamic_augmentation,Dynamic ERM,cnrs_parent_0143,pattern_408,cubic,6,0.2795604742206682,0.3267374979623284,1,4,2,0,0,0.000110626220703125,0.00028896331787109375,-0.00017833709716796875,-0.6370964050292969,-0.9230508804321289,0.28595447540283203,A52A34AEE62B71365E45E39742DA55E76648C32099EB8D1D7F0DEB854F0A33AC
20260715,ordinary_dynamic_augmentation,Dynamic ERM,cnrs_parent_0149,pattern_426,cubic,6,0.9874439551942632,0.692328606933218,1,6,3,1,0,1.0,0.0001690387725830078,0.999830961227417,1.0,-0.964674711227417,1.964674711227417,A52A34AEE62B71365E45E39742DA55E76648C32099EB8D1D7F0DEB854F0A33AC
20260715,ordinary_dynamic_augmentation,Dynamic ERM,cnrs_parent_0160,pattern_458,cubic,6,0.14255987777166412,0.05620467498500006,0,4,4,0,0,0.0008783340454101562,2.5987625122070312e-05,0.0008523464202880859,-0.7334966659545898,-0.9408919811248779,0.20739531517028809,A52A34AEE62B71365E45E39742DA55E76648C32099EB8D1D7F0DEB854F0A33AC
20260715,ordinary_dynamic_augmentation,Dynamic ERM,cnrs_parent_0175,pattern_493,cubic,6,0.22719254425137092,0.2986575742065896,1,2,1,0,0,1.6093254089355469e-06,0.0,1.6093254089355469e-06,-0.41918784379959106,-1.0,0.5808121562004089,A52A34AEE62B71365E45E39742DA55E76648C32099EB8D1D7F0DEB854F0A33AC
20260715,ordinary_dynamic_augmentation,Dynamic ERM,cnrs_parent_0178,pattern_503,cubic,6,0.5439786067927669,0.0401208411685524,0,2,2,0,0,0.0018978118896484375,0.00571441650390625,-0.0038166046142578125,-0.8897037506103516,-0.9161605834960938,0.026456832885742188,A52A34AEE62B71365E45E39742DA55E76648C32099EB8D1D7F0DEB854F0A33AC
20260715,ordinary_dynamic_augmentation,Dynamic ERM,cnrs_parent_0183,pattern_527,cubic,6,0.23827305155631373,0.04710043586809399,0,6,6,1,1,0.8603515625,0.59912109375,0.26123046875,0.7242431640625,0.199951171875,0.5242919921875,A52A34AEE62B71365E45E39742DA55E76648C32099EB8D1D7F0DEB854F0A33AC
20260715,ordinary_dynamic_augmentation,Dynamic ERM,cnrs_parent_0188,pattern_545,cubic,6,0.21540431429804408,0.06615045309883964,1,2,1,0,0,0.0035610198974609375,0.0007634162902832031,0.0027976036071777344,-0.5525913238525391,-0.5763850212097168,0.023793697357177734,A52A34AEE62B71365E45E39742DA55E76648C32099EB8D1D7F0DEB854F0A33AC
20260715,ordinary_dynamic_augmentation,Dynamic ERM,cnrs_parent_0196,pattern_565,cubic,6,0.13497909730847768,0.015545146352410326,0,1,1,0,0,1.1920928955078125e-07,3.5762786865234375e-06,-3.4570693969726562e-06,-0.5810545682907104,-0.7456018924713135,0.16454732418060303,A52A34AEE62B71365E45E39742DA55E76648C32099EB8D1D7F0DEB854F0A33AC
20260715,ordinary_dynamic_augmentation,Dynamic ERM,cnrs_parent_0200,pattern_570,cubic,6,0.48638399656906484,0.03841219164057696,0,1,1,0,0,5.960464477539063e-08,0.0,5.960464477539063e-08,-0.9916991591453552,-0.89453125,-0.09716790914535522,A52A34AEE62B71365E45E39742DA55E76648C32099EB8D1D7F0DEB854F0A33AC
20260715,ordinary_dynamic_augmentation,Dynamic ERM,cnrs_parent_0205,pattern_582,cubic,6,0.3339233700827595,0.05523472661659784,0,6,6,1,1,1.0,0.849609375,0.150390625,0.9999991059303284,0.7198486328125,0.28015047311782837,A52A34AEE62B71365E45E39742DA55E76648C32099EB8D1D7F0DEB854F0A33AC
20260715,ordinary_dynamic_augmentation,Dynamic ERM,cnrs_parent_0217,pattern_609,cubic,6,0.23259733758951606,0.0015286617184818736,0,1,1,0,0,0.0,5.960464477539063e-08,-5.960464477539063e-08,-0.99755859375,-0.9892577528953552,-0.008300840854644775,A52A34AEE62B71365E45E39742DA55E76648C32099EB8D1D7F0DEB854F0A33AC
20260715,ordinary_dynamic_augmentation,Dynamic ERM,cnrs_parent_0229,pattern_644,cubic,6,0.9039405077087641,0.6796661254345457,1,4,1,0,0,4.547834396362305e-05,2.980232238769531e-07,4.5180320739746094e-05,-0.9867709279060364,-0.8041989207267761,-0.18257200717926025,A52A34AEE62B71365E45E39742DA55E76648C32099EB8D1D7F0DEB854F0A33AC
20260715,ordinary_dynamic_augmentation,Dynamic ERM,cnrs_parent_0238,pattern_678,cubic,6,0.18797425171642035,0.023149616013870385,0,0,0,0,0,0.003345489501953125,5.960464477539063e-08,0.0033454298973083496,-0.9253654479980469,-0.9990233778953552,0.07365792989730835,A52A34AEE62B71365E45E39742DA55E76648C32099EB8D1D7F0DEB854F0A33AC
20260715,ordinary_dynamic_augmentation,Dynamic ERM,cnrs_parent_0249,pattern_737,cubic,6,0.4470959546446067,0.11028741438326245,0,1,1,0,0,7.271766662597656e-06,2.980232238769531e-07,6.973743438720703e-06,-0.7519458532333374,-0.7314450144767761,-0.02050083875656128,A52A34AEE62B71365E45E39742DA55E76648C32099EB8D1D7F0DEB854F0A33AC
20260715,ordinary_dynamic_augmentation,Dynamic ERM,cnrs_parent_0255,pattern_759,cubic,6,0.09844717464624964,0.17156041204631872,0,6,6,1,1,0.99462890625,0.55810546875,0.4365234375,0.989471435546875,0.119873046875,0.869598388671875,A52A34AEE62B71365E45E39742DA55E76648C32099EB8D1D7F0DEB854F0A33AC
20260715,ordinary_dynamic_augmentation,Dynamic ERM,cnrs_parent_0257,pattern_770,cubic,6,0.1731079567873426,0.009779436664852483,0,4,4,0,0,0.00013780593872070312,4.708766937255859e-06,0.00013309717178344727,-0.9691004753112793,-0.9990187287330627,0.029918253421783447,A52A34AEE62B71365E45E39742DA55E76648C32099EB8D1D7F0DEB854F0A33AC
20260715,ordinary_dynamic_augmentation,Dynamic ERM,cnrs_parent_0265,pattern_790,cubic,6,0.44875535447474313,0.39404578721414096,1,6,1,1,0,1.0,0.2332763671875,0.7667236328125,0.9999991059303284,-0.1756591796875,1.1756582856178284,A52A34AEE62B71365E45E39742DA55E76648C32099EB8D1D7F0DEB854F0A33AC
20260715,ordinary_dynamic_augmentation,Dynamic ERM,cnrs_parent_0266,pattern_794,cubic,6,0.15082518682408153,4.712968739249407e-05,0,6,6,1,1,1.0,1.0,0.0,0.9999998211860657,0.9999241232872009,7.56978988647461e-05,A52A34AEE62B71365E45E39742DA55E76648C32099EB8D1D7F0DEB854F0A33AC
20260715,ordinary_dynamic_augmentation,Dynamic ERM,cnrs_parent_0268,pattern_810,cubic,6,0.015968398686468488,0.004517198825811416,0,6,6,1,1,0.884765625,0.83203125,0.052734375,0.811279296875,0.74700927734375,0.06427001953125,A52A34AEE62B71365E45E39742DA55E76648C32099EB8D1D7F0DEB854F0A33AC
20260715,ordinary_dynamic_augmentation,Dynamic ERM,cnrs_parent_0282,pattern_851,cubic,6,0.42751735730407603,0.410296511789603,1,6,2,1,0,0.62451171875,0.003665924072265625,0.6208457946777344,0.251708984375,-0.5769004821777344,0.8286094665527344,A52A34AEE62B71365E45E39742DA55E76648C32099EB8D1D7F0DEB854F0A33AC
20260715,ordinary_dynamic_augmentation,Dynamic ERM,cnrs_parent_0303,pattern_919,cubic,6,1.7030317572892684,0.6931439067632575,1,6,0,1,0,1.0,4.172325134277344e-07,0.9999995827674866,1.0,-0.9877925515174866,1.9877925515174866,A52A34AEE62B71365E45E39742DA55E76648C32099EB8D1D7F0DEB854F0A33AC
20260715,ordinary_dynamic_augmentation,Dynamic ERM,cnrs_parent_0311,pattern_956,cubic,6,0.15697440054580503,0.16825441517632664,0,1,1,0,0,0.0,2.384185791015625e-07,-2.384185791015625e-07,-0.57568359375,-0.9970700740814209,0.4213864803314209,A52A34AEE62B71365E45E39742DA55E76648C32099EB8D1D7F0DEB854F0A33AC
20260715,ordinary_dynamic_augmentation,Dynamic ERM,cnrs_parent_0316,pattern_964,cubic,6,0.9573785599990853,0.6930449954788326,1,6,4,1,0,1.0,2.6226043701171875e-06,0.9999973773956299,0.9999862909317017,-0.9995090961456299,1.9994953870773315,A52A34AEE62B71365E45E39742DA55E76648C32099EB8D1D7F0DEB854F0A33AC
20260715,ordinary_dynamic_augmentation,Dynamic ERM,cnrs_parent_0001,pattern_1009,cubic,6,1.1693447787649398,0.6931448500815647,1,6,5,1,0,1.0,1.7881393432617188e-07,0.9999998211860657,0.9999997019767761,-0.9868162274360657,1.9868159294128418,A52A34AEE62B71365E45E39742DA55E76648C32099EB8D1D7F0DEB854F0A33AC
20260715,ordinary_dynamic_augmentation,Dynamic ERM,cnrs_parent_0024,pattern_1051,cubic,6,0.5125668803973,0.6720390797123116,1,1,0,0,0,5.960464477539063e-08,1.430511474609375e-06,-1.3709068298339844e-06,-0.9916991591453552,-0.9985337257385254,0.006834566593170166,A52A34AEE62B71365E45E39742DA55E76648C32099EB8D1D7F0DEB854F0A33AC
20260715,js_consistency_transfer,JS Consistency,cnrs_parent_0087,pattern_24,triclinic,0,0.046776741908667985,0.12245868760894459,0,1,1,0,0,0.0574951171875,0.47265625,-0.4151611328125,-0.8848876953125,-0.0546875,-0.8302001953125,87F2516402635EA010AF00E987172560BB178F024937E2F57A57C9DB331DF0D6
20260715,js_consistency_transfer,JS Consistency,cnrs_parent_0189,pattern_55,triclinic,0,0.059252917769919144,0.02739686716124006,0,1,1,0,0,0.0161590576171875,0.1312255859375,-0.1150665283203125,-0.9677276611328125,-0.7374267578125,-0.2303009033203125,87F2516402635EA010AF00E987172560BB178F024937E2F57A57C9DB331DF0D6
20260715,js_consistency_transfer,JS Consistency,cnrs_parent_0260,pattern_78,triclinic,0,0.07259065408249021,0.03319547040916099,0,0,0,1,1,0.89306640625,0.99755859375,-0.1044921875,0.786376953125,0.9949684143066406,-0.20859146118164062,87F2516402635EA010AF00E987172560BB178F024937E2F57A57C9DB331DF0D6
20260715,js_consistency_transfer,JS Consistency,cnrs_parent_0322,pattern_99,triclinic,0,0.07061584304268187,0.009645529761081052,0,0,0,1,1,0.69091796875,0.810546875,-0.11962890625,0.3818359375,0.6209716796875,-0.2391357421875,87F2516402635EA010AF00E987172560BB178F024937E2F57A57C9DB331DF0D6
20260715,js_consistency_transfer,JS Consistency,cnrs_parent_0036,pattern_120,triclinic,0,0.050274065641454535,0.3092116570691838,1,1,0,0,1,0.1644287109375,0.90380859375,-0.7393798828125,-0.6710205078125,0.80780029296875,-1.47882080078125,87F2516402635EA010AF00E987172560BB178F024937E2F57A57C9DB331DF0D6
20260715,js_consistency_transfer,JS Consistency,cnrs_parent_0053,pattern_157,triclinic,0,0.038284621563886456,0.020820499358056778,0,1,1,0,0,0.0013246536254882812,0.06658935546875,-0.06526470184326172,-0.9972105026245117,-0.86700439453125,-0.13020610809326172,87F2516402635EA010AF00E987172560BB178F024937E2F57A57C9DB331DF0D6
20260715,js_consistency_transfer,JS Consistency,cnrs_parent_0063,pattern_180,triclinic,0,0.01961512279538591,1.1892286342543657e-05,0,1,1,0,0,0.00018596649169921875,0.00034332275390625,-0.00015735626220703125,-0.9998140335083008,-0.9991683959960938,-0.0006456375122070312,87F2516402635EA010AF00E987172560BB178F024937E2F57A57C9DB331DF0D6
20260715,js_consistency_transfer,JS Consistency,cnrs_parent_0088,pattern_240,triclinic,0,0.014941389280372919,0.0033194421058263092,0,0,0,1,1,0.84912109375,0.90234375,-0.05322265625,0.6981201171875,0.804931640625,-0.1068115234375,87F2516402635EA010AF00E987172560BB178F024937E2F57A57C9DB331DF0D6
20260715,js_consistency_transfer,JS Consistency,cnrs_parent_0109,pattern_298,triclinic,0,0.041809595297984226,0.020364734983606025,0,1,1,0,0,0.3466796875,0.17333984375,0.17333984375,-0.2861328125,-0.61572265625,0.32958984375,87F2516402635EA010AF00E987172560BB178F024937E2F57A57C9DB331DF0D6
20260715,js_consistency_transfer,JS Consistency,cnrs_parent_0113,pattern_311,triclinic,0,0.020606992361422605,0.0019187704142900625,0,0,0,1,1,0.9921875,0.99951171875,-0.00732421875,0.9844932556152344,0.9990239143371582,-0.014530658721923828,87F2516402635EA010AF00E987172560BB178F024937E2F57A57C9DB331DF0D6
20260715,js_consistency_transfer,JS Consistency,cnrs_parent_0124,pattern_348,triclinic,0,0.06653635956628945,0.021429721709585743,0,1,1,0,0,0.00968170166015625,0.090576171875,-0.08089447021484375,-0.9781112670898438,-0.810302734375,-0.16780853271484375,87F2516402635EA010AF00E987172560BB178F024937E2F57A57C9DB331DF0D6
20260715,js_consistency_transfer,JS Consistency,cnrs_parent_0147,pattern_417,triclinic,0,0.034278557023224576,0.010702632414735194,0,0,0,1,1,0.994140625,0.94873046875,0.04541015625,0.9883193969726562,0.89727783203125,0.09104156494140625,87F2516402635EA010AF00E987172560BB178F024937E2F57A57C9DB331DF0D6
20260715,js_consistency_transfer,JS Consistency,cnrs_parent_0148,pattern_423,triclinic,0,0.022910624392378343,0.028323201505082864,0,0,0,1,1,0.9921875,0.88818359375,0.10400390625,0.9841842651367188,0.77618408203125,0.20800018310546875,87F2516402635EA010AF00E987172560BB178F024937E2F57A57C9DB331DF0D6
20260715,js_consistency_transfer,JS Consistency,cnrs_parent_0154,pattern_444,triclinic,0,0.05957081623635485,0.32381788332041944,1,1,0,0,1,0.10894775390625,0.8662109375,-0.75726318359375,-0.78216552734375,0.7322998046875,-1.51446533203125,87F2516402635EA010AF00E987172560BB178F024937E2F57A57C9DB331DF0D6
20260715,js_consistency_transfer,JS Consistency,cnrs_parent_0158,pattern_456,triclinic,0,0.0402588535256404,6.494519477864646e-06,0,0,0,1,1,0.9931640625,0.9931640625,0.0,0.9863662719726562,0.9866752624511719,-0.000308990478515625,87F2516402635EA010AF00E987172560BB178F024937E2F57A57C9DB331DF0D6
20260715,js_consistency_transfer,JS Consistency,cnrs_parent_0161,pattern_464,triclinic,0,0.07019908044509549,0.1324274260306884,0,0,0,1,1,0.642578125,0.99560546875,-0.35302734375,0.28515625,0.9910659790039062,-0.7059097290039062,87F2516402635EA010AF00E987172560BB178F024937E2F57A57C9DB331DF0D6
20260715,js_consistency_transfer,JS Consistency,cnrs_parent_0207,pattern_585,triclinic,0,0.02328285820271614,0.00010193223706936772,0,0,0,1,1,0.9736328125,0.96923828125,0.00439453125,0.947479248046875,0.938323974609375,0.0091552734375,87F2516402635EA010AF00E987172560BB178F024937E2F57A57C9DB331DF0D6
20260715,js_consistency_transfer,JS Consistency,cnrs_parent_0233,pattern_653,triclinic,0,0.049498782464226676,0.037718720174869116,0,1,1,0,0,0.02117919921875,0.122802734375,-0.10162353515625,-0.95587158203125,-0.703369140625,-0.25250244140625,87F2516402635EA010AF00E987172560BB178F024937E2F57A57C9DB331DF0D6
20260715,js_consistency_transfer,JS Consistency,cnrs_parent_0253,pattern_753,triclinic,0,0.026959798911940447,0.06266454433236082,0,0,0,1,1,0.59716796875,0.89501953125,-0.2978515625,0.1962890625,0.79339599609375,-0.59710693359375,87F2516402635EA010AF00E987172560BB178F024937E2F57A57C9DB331DF0D6
20260715,js_consistency_transfer,JS Consistency,cnrs_parent_0291,pattern_881,triclinic,0,0.16485206908158834,0.22032113803909004,1,1,0,0,1,0.1561279296875,0.79296875,-0.6368408203125,-0.6876220703125,0.5860595703125,-1.273681640625,87F2516402635EA010AF00E987172560BB178F024937E2F57A57C9DB331DF0D6
20260715,js_consistency_transfer,JS Consistency,cnrs_parent_0321,pattern_979,triclinic,0,0.11872985749820364,2.4543191414739797e-05,0,1,1,0,0,0.00010722875595092773,0.00010031461715698242,6.9141387939453125e-06,-0.9998927712440491,-0.999899685382843,6.9141387939453125e-06,87F2516402635EA010AF00E987172560BB178F024937E2F57A57C9DB331DF0D6
20260715,js_consistency_transfer,JS Consistency,cnrs_parent_0028,pattern_11,monoclinic,1,0.018404483922399018,0.14023283803720993,1,1,0,1,0,0.8427734375,0.33642578125,0.50634765625,0.6856689453125,-0.3271484375,1.0128173828125,87F2516402635EA010AF00E987172560BB178F024937E2F57A57C9DB331DF0D6
20260715,js_consistency_transfer,JS Consistency,cnrs_parent_0049,pattern_15,monoclinic,1,0.07603556020786462,0.00020485173585307846,0,0,0,0,0,0.33984375,0.355712890625,-0.015869140625,-0.3203125,-0.288330078125,-0.031982421875,87F2516402635EA010AF00E987172560BB178F024937E2F57A57C9DB331DF0D6
20260715,js_consistency_transfer,JS Consistency,cnrs_parent_0115,pattern_32,monoclinic,1,0.052859828785508656,0.046507924318562724,0,0,0,0,0,0.180908203125,0.046051025390625,0.134857177734375,-0.517822265625,-0.882659912109375,0.364837646484375,87F2516402635EA010AF00E987172560BB178F024937E2F57A57C9DB331DF0D6
20260715,js_consistency_transfer,JS Consistency,cnrs_parent_0153,pattern_44,monoclinic,1,0.3326422788918061,0.0887932936328795,0,1,1,1,1,0.79541015625,0.93896484375,-0.1435546875,0.597412109375,0.87799072265625,-0.28057861328125,87F2516402635EA010AF00E987172560BB178F024937E2F57A57C9DB331DF0D6
20260715,js_consistency_transfer,JS Consistency,cnrs_parent_0214,pattern_60,monoclinic,1,0.05769543246960818,0.09446370358489067,0,1,1,1,1,0.98388671875,0.689453125,0.29443359375,0.967987060546875,0.378662109375,0.589324951171875,87F2516402635EA010AF00E987172560BB178F024937E2F57A57C9DB331DF0D6
20260715,js_consistency_transfer,JS Consistency,cnrs_parent_0236,pattern_67,monoclinic,1,0.23577892549546253,0.013749067318754433,0,0,0,0,0,0.041046142578125,0.0007381439208984375,0.04030799865722656,-0.915496826171875,-0.9982852935791016,0.08278846740722656,87F2516402635EA010AF00E987172560BB178F024937E2F57A57C9DB331DF0D6
20260715,js_consistency_transfer,JS Consistency,cnrs_parent_0005,pattern_102,monoclinic,1,0.08269073143469141,0.14328224623166672,0,0,0,0,0,0.00756072998046875,9.66787338256836e-05,0.007464051246643066,-0.6335525512695312,-0.9994150400161743,0.36586248874664307,87F2516402635EA010AF00E987172560BB178F024937E2F57A57C9DB331DF0D6
20260715,js_consistency_transfer,JS Consistency,cnrs_parent_0011,pattern_103,monoclinic,1,0.7812374867889331,0.537330349078921,1,1,6,1,0,0.97509765625,0.08404541015625,0.89105224609375,0.95068359375,-0.78118896484375,1.73187255859375,87F2516402635EA010AF00E987172560BB178F024937E2F57A57C9DB331DF0D6
20260715,js_consistency_transfer,JS Consistency,cnrs_parent_0027,pattern_109,monoclinic,1,0.01776629626663806,0.016085380884690505,1,0,1,0,1,0.35400390625,0.53076171875,-0.1767578125,-0.2919921875,0.062255859375,-0.354248046875,87F2516402635EA010AF00E987172560BB178F024937E2F57A57C9DB331DF0D6
20260715,js_consistency_transfer,JS Consistency,cnrs_parent_0030,pattern_112,monoclinic,1,0.042045321597740104,0.07064938704124293,1,1,0,1,0,0.662109375,0.291015625,0.37109375,0.323974609375,-0.41796875,0.741943359375,87F2516402635EA010AF00E987172560BB178F024937E2F57A57C9DB331DF0D6
20260715,js_consistency_transfer,JS Consistency,cnrs_parent_0031,pattern_113,monoclinic,1,0.28106189101099854,0.40258873463077655,1,2,0,0,0,0.270751953125,0.345458984375,-0.07470703125,-0.414306640625,-0.304931640625,-0.109375,87F2516402635EA010AF00E987172560BB178F024937E2F57A57C9DB331DF0D6
20260715,js_consistency_transfer,JS Consistency,cnrs_parent_0039,pattern_125,monoclinic,1,0.02263239394854133,0.024523139990944055,0,1,1,1,1,0.916015625,0.7548828125,0.1611328125,0.8321533203125,0.5098876953125,0.322265625,87F2516402635EA010AF00E987172560BB178F024937E2F57A57C9DB331DF0D6
20260715,js_consistency_transfer,JS Consistency,cnrs_parent_0042,pattern_129,monoclinic,1,0.3040039320291891,0.6574664996851844,1,1,0,1,0,0.9873046875,0.0003905296325683594,0.9869141578674316,0.9746780395507812,-0.9991211891174316,1.973799228668213,87F2516402635EA010AF00E987172560BB178F024937E2F57A57C9DB331DF0D6
20260715,js_consistency_transfer,JS Consistency,cnrs_parent_0051,pattern_151,monoclinic,1,0.21796738606103028,0.045234824643563314,0,0,0,0,0,0.1519775390625,0.005794525146484375,0.14618301391601562,-0.6961669921875,-0.9878578186035156,0.2916908264160156,87F2516402635EA010AF00E987172560BB178F024937E2F57A57C9DB331DF0D6
20260715,js_consistency_transfer,JS Consistency,cnrs_parent_0060,pattern_175,monoclinic,1,0.1363707362354628,0.1142044952238932,0,1,1,1,1,0.7685546875,0.55908203125,0.20947265625,0.615966796875,0.19677734375,0.419189453125,87F2516402635EA010AF00E987172560BB178F024937E2F57A57C9DB331DF0D6
20260715,js_consistency_transfer,JS Consistency,cnrs_parent_0066,pattern_192,monoclinic,1,0.3476657705851798,0.1748078505095099,0,1,1,1,1,0.99951171875,0.576171875,0.42333984375,0.9993261098861694,0.19677734375,0.8025487661361694,87F2516402635EA010AF00E987172560BB178F024937E2F57A57C9DB331DF0D6
20260715,js_consistency_transfer,JS Consistency,cnrs_parent_0072,pattern_205,monoclinic,1,0.3533171434422342,0.3380188147984161,1,2,1,0,1,0.22607421875,0.63671875,-0.41064453125,-0.3828125,0.37841796875,-0.76123046875,87F2516402635EA010AF00E987172560BB178F024937E2F57A57C9DB331DF0D6
20260715,js_consistency_transfer,JS Consistency,cnrs_parent_0074,pattern_208,monoclinic,1,0.04055240686423223,0.09323465163413887,0,1,1,1,1,0.97998046875,0.68115234375,0.298828125,0.9610137939453125,0.36669921875,0.5943145751953125,87F2516402635EA010AF00E987172560BB178F024937E2F57A57C9DB331DF0D6
20260715,js_consistency_transfer,JS Consistency,cnrs_parent_0080,pattern_225,monoclinic,1,0.05305966038990895,0.13419316145274138,0,1,1,1,1,0.97705078125,0.57958984375,0.3974609375,0.954071044921875,0.158935546875,0.795135498046875,87F2516402635EA010AF00E987172560BB178F024937E2F57A57C9DB331DF0D6
20260715,js_consistency_transfer,JS Consistency,cnrs_parent_0081,pattern_226,monoclinic,1,0.07454679790738339,0.00560744898374924,0,1,1,1,1,0.9990234375,0.97998046875,0.01904296875,0.9981088638305664,0.9648666381835938,0.033242225646972656,87F2516402635EA010AF00E987172560BB178F024937E2F57A57C9DB331DF0D6
20260715,js_consistency_transfer,JS Consistency,cnrs_parent_0084,pattern_233,monoclinic,1,0.13653210250081638,0.35563000609784884,1,2,0,0,0,0.0234222412109375,0.2015380859375,-0.1781158447265625,-0.9438629150390625,-0.3814697265625,-0.5623931884765625,87F2516402635EA010AF00E987172560BB178F024937E2F57A57C9DB331DF0D6
20260715,js_consistency_transfer,JS Consistency,cnrs_parent_0089,pattern_241,monoclinic,1,0.04436301668196985,0.12674026160836716,1,1,0,1,0,0.82470703125,0.3701171875,0.45458984375,0.6685791015625,-0.25927734375,0.9278564453125,87F2516402635EA010AF00E987172560BB178F024937E2F57A57C9DB331DF0D6
20260715,js_consistency_transfer,JS Consistency,cnrs_parent_0091,pattern_243,monoclinic,1,0.6691530413806837,0.48787658585794536,1,4,1,0,1,0.0394287109375,0.67333984375,-0.6339111328125,-0.6739501953125,0.40966796875,-1.0836181640625,87F2516402635EA010AF00E987172560BB178F024937E2F57A57C9DB331DF0D6
20260715,js_consistency_transfer,JS Consistency,cnrs_parent_0092,pattern_244,monoclinic,1,0.003119622830284441,0.0005320567187243033,0,1,1,1,1,0.50341796875,0.51611328125,-0.0126953125,0.021240234375,0.0537109375,-0.032470703125,87F2516402635EA010AF00E987172560BB178F024937E2F57A57C9DB331DF0D6
20260715,js_consistency_transfer,JS Consistency,cnrs_parent_0094,pattern_250,monoclinic,1,0.1773708300583594,0.23639909097438433,1,1,0,1,0,0.6865234375,0.49609375,0.1904296875,0.402587890625,-0.0078125,0.410400390625,87F2516402635EA010AF00E987172560BB178F024937E2F57A57C9DB331DF0D6
20260715,js_consistency_transfer,JS Consistency,cnrs_parent_0095,pattern_255,monoclinic,1,0.6218479407679396,0.1401599939163624,0,1,1,1,1,0.60791015625,0.52880859375,0.0791015625,0.395263671875,0.058349609375,0.3369140625,87F2516402635EA010AF00E987172560BB178F024937E2F57A57C9DB331DF0D6
20260715,js_consistency_transfer,JS Consistency,cnrs_parent_0098,pattern_262,monoclinic,1,0.028960685927788554,0.029294982736409007,0,0,0,0,0,0.1602783203125,0.026153564453125,0.134124755859375,-0.6795654296875,-0.947479248046875,0.267913818359375,87F2516402635EA010AF00E987172560BB178F024937E2F57A57C9DB331DF0D6
20260715,js_consistency_transfer,JS Consistency,cnrs_parent_0099,pattern_266,monoclinic,1,0.14609559676918882,0.060284731073780545,0,1,1,1,1,0.9208984375,0.88818359375,0.03271484375,0.8441162109375,0.77874755859375,0.06536865234375,87F2516402635EA010AF00E987172560BB178F024937E2F57A57C9DB331DF0D6
20260715,js_consistency_transfer,JS Consistency,cnrs_parent_0102,pattern_273,monoclinic,1,0.34244535464143167,0.3225107778906899,1,1,0,1,0,0.923828125,0.310791015625,0.613037109375,0.85589599609375,-0.378662109375,1.23455810546875,87F2516402635EA010AF00E987172560BB178F024937E2F57A57C9DB331DF0D6
20260715,js_consistency_transfer,JS Consistency,cnrs_parent_0110,pattern_303,monoclinic,1,0.11479525528774137,0.21432835973261558,1,1,0,1,0,0.77978515625,0.1612548828125,0.6185302734375,0.569091796875,-0.6776123046875,1.2467041015625,87F2516402635EA010AF00E987172560BB178F024937E2F57A57C9DB331DF0D6
20260715,js_consistency_transfer,JS Consistency,cnrs_parent_0111,pattern_307,monoclinic,1,0.04444920190319357,0.14953373689167415,1,1,0,1,0,0.62255859375,0.11358642578125,0.50897216796875,0.2451171875,-0.77264404296875,1.01776123046875,87F2516402635EA010AF00E987172560BB178F024937E2F57A57C9DB331DF0D6
20260715,js_consistency_transfer,JS Consistency,cnrs_parent_0121,pattern_342,monoclinic,1,0.01886324630347902,0.07882675592159817,1,1,0,1,0,0.8037109375,0.43896484375,0.36474609375,0.63134765625,-0.107421875,0.73876953125,87F2516402635EA010AF00E987172560BB178F024937E2F57A57C9DB331DF0D6
20260715,js_consistency_transfer,JS Consistency,cnrs_parent_0122,pattern_344,monoclinic,1,0.36793888013085796,0.04597691139585462,0,1,1,1,1,0.77197265625,0.9462890625,-0.17431640625,0.6439208984375,0.896728515625,-0.2528076171875,87F2516402635EA010AF00E987172560BB178F024937E2F57A57C9DB331DF0D6
20260715,js_consistency_transfer,JS Consistency,cnrs_parent_0128,pattern_362,monoclinic,1,0.030783918065720783,0.0019471159091745413,0,0,0,0,0,0.033203125,0.0592041015625,-0.0260009765625,-0.93359375,-0.8817138671875,-0.0518798828125,87F2516402635EA010AF00E987172560BB178F024937E2F57A57C9DB331DF0D6
20260715,js_consistency_transfer,JS Consistency,cnrs_parent_0130,pattern_365,monoclinic,1,0.810603517392412,0.21567940329071297,0,0,0,0,0,0.0004086494445800781,0.38671875,-0.3863101005554199,-0.7725405693054199,-0.2265625,-0.5459780693054199,87F2516402635EA010AF00E987172560BB178F024937E2F57A57C9DB331DF0D6
20260715,js_consistency_transfer,JS Consistency,cnrs_parent_0137,pattern_388,monoclinic,1,0.10075239853055029,0.008541217534724872,0,0,0,0,0,0.0257415771484375,0.0002970695495605469,0.025444507598876953,-0.9478912353515625,-0.9992146492004395,0.05132341384887695,87F2516402635EA010AF00E987172560BB178F024937E2F57A57C9DB331DF0D6
20260715,js_consistency_transfer,JS Consistency,cnrs_parent_0140,pattern_397,monoclinic,1,0.051711071383356066,0.061900835999558604,0,1,1,1,1,0.990234375,0.79248046875,0.19775390625,0.98321533203125,0.599853515625,0.38336181640625,87F2516402635EA010AF00E987172560BB178F024937E2F57A57C9DB331DF0D6
20260715,js_consistency_transfer,JS Consistency,cnrs_parent_0151,pattern_431,monoclinic,1,0.0536468807540913,0.0008486404909444651,0,1,1,1,1,0.873046875,0.85498046875,0.01806640625,0.747314453125,0.7098388671875,0.0374755859375,87F2516402635EA010AF00E987172560BB178F024937E2F57A57C9DB331DF0D6
20260715,js_consistency_transfer,JS Consistency,cnrs_parent_0162,pattern_469,monoclinic,1,0.04402598258185897,0.10566309930048043,1,0,1,0,1,0.420654296875,0.85205078125,-0.431396484375,-0.158935546875,0.7039794921875,-0.8629150390625,87F2516402635EA010AF00E987172560BB178F024937E2F57A57C9DB331DF0D6
20260715,js_consistency_transfer,JS Consistency,cnrs_parent_0165,pattern_474,monoclinic,1,0.5626188918937924,0.5534299855939152,1,1,4,1,0,0.9990234375,0.07720947265625,0.92181396484375,0.9981474876403809,-0.80267333984375,1.8008208274841309,87F2516402635EA010AF00E987172560BB178F024937E2F57A57C9DB331DF0D6
20260715,js_consistency_transfer,JS Consistency,cnrs_parent_0169,pattern_480,monoclinic,1,0.019502907190786622,0.024346320336884227,0,0,0,0,0,0.1953125,0.388671875,-0.193359375,-0.60791015625,-0.2158203125,-0.39208984375,87F2516402635EA010AF00E987172560BB178F024937E2F57A57C9DB331DF0D6
20260715,js_consistency_transfer,JS Consistency,cnrs_parent_0170,pattern_482,monoclinic,1,0.06272339203929056,0.02245152264259207,0,0,0,0,0,0.07073974609375,0.00154876708984375,0.06919097900390625,-0.85699462890625,-0.9969863891601562,0.13999176025390625,87F2516402635EA010AF00E987172560BB178F024937E2F57A57C9DB331DF0D6
20260715,js_consistency_transfer,JS Consistency,cnrs_parent_0174,pattern_491,monoclinic,1,0.1531470821024289,0.38174093518756824,1,4,0,0,0,0.466552734375,0.26416015625,0.202392578125,-0.012939453125,-0.42626953125,0.413330078125,87F2516402635EA010AF00E987172560BB178F024937E2F57A57C9DB331DF0D6
20260715,js_consistency_transfer,JS Consistency,cnrs_parent_0176,pattern_497,monoclinic,1,0.0077947924747729935,0.005324015714158997,0,0,0,0,0,0.1329345703125,0.071044921875,0.0618896484375,-0.7337646484375,-0.857666015625,0.1239013671875,87F2516402635EA010AF00E987172560BB178F024937E2F57A57C9DB331DF0D6
20260715,js_consistency_transfer,JS Consistency,cnrs_parent_0180,pattern_513,monoclinic,1,0.3162555486666998,0.19849965601379044,1,1,0,1,0,0.66748046875,0.09600830078125,0.57147216796875,0.378173828125,-0.77996826171875,1.15814208984375,87F2516402635EA010AF00E987172560BB178F024937E2F57A57C9DB331DF0D6
20260715,js_consistency_transfer,JS Consistency,cnrs_parent_0181,pattern_514,monoclinic,1,0.1838003572386716,0.09270007422085404,0,0,0,0,0,0.0088043212890625,0.0008072853088378906,0.00799703598022461,-0.7451019287109375,-0.9982161521911621,0.2531142234802246,87F2516402635EA010AF00E987172560BB178F024937E2F57A57C9DB331DF0D6
20260715,js_consistency_transfer,JS Consistency,cnrs_parent_0182,pattern_516,monoclinic,1,0.029395483041310455,0.0035357813951133244,0,1,1,1,1,0.978515625,0.9482421875,0.0302734375,0.9573974609375,0.898590087890625,0.058807373046875,87F2516402635EA010AF00E987172560BB178F024937E2F57A57C9DB331DF0D6
20260715,js_consistency_transfer,JS Consistency,cnrs_parent_0186,pattern_538,monoclinic,1,0.24987658271298874,0.08926937836474994,0,0,0,0,0,0.2427978515625,0.0012540817260742188,0.24154376983642578,-0.5135498046875,-0.9972810745239258,0.4837312698364258,87F2516402635EA010AF00E987172560BB178F024937E2F57A57C9DB331DF0D6
20260715,js_consistency_transfer,JS Consistency,cnrs_parent_0190,pattern_551,monoclinic,1,0.3425448379947311,0.0005011771587696542,0,0,0,0,0,0.007015228271484375,0.004608154296875,0.002407073974609375,-0.9846839904785156,-0.990509033203125,0.005825042724609375,87F2516402635EA010AF00E987172560BB178F024937E2F57A57C9DB331DF0D6
20260715,js_consistency_transfer,JS Consistency,cnrs_parent_0191,pattern_552,monoclinic,1,0.2375943879202661,0.15408971397321863,0,0,0,0,0,0.379150390625,2.384185791015625e-07,0.3791501522064209,-0.240966796875,-0.9999997615814209,0.7590329647064209,87F2516402635EA010AF00E987172560BB178F024937E2F57A57C9DB331DF0D6
20260715,js_consistency_transfer,JS Consistency,cnrs_parent_0193,pattern_554,monoclinic,1,0.025513504112407714,8.19745517402755e-06,0,0,0,0,0,0.0003407001495361328,0.00020825862884521484,0.00013244152069091797,-0.9991710186004639,-0.9997917413711548,0.000620722770690918,87F2516402635EA010AF00E987172560BB178F024937E2F57A57C9DB331DF0D6
20260715,js_consistency_transfer,JS Consistency,cnrs_parent_0195,pattern_560,monoclinic,1,0.046308780680275774,0.12486273126735575,0,0,0,0,0,0.403564453125,0.02423095703125,0.37933349609375,-0.192626953125,-0.95135498046875,0.75872802734375,87F2516402635EA010AF00E987172560BB178F024937E2F57A57C9DB331DF0D6
20260715,js_consistency_transfer,JS Consistency,cnrs_parent_0198,pattern_568,monoclinic,1,0.018199312114450694,0.00685845557880742,0,0,0,0,0,0.195556640625,0.290283203125,-0.0947265625,-0.608642578125,-0.416748046875,-0.19189453125,87F2516402635EA010AF00E987172560BB178F024937E2F57A57C9DB331DF0D6
20260715,js_consistency_transfer,JS Consistency,cnrs_parent_0209,pattern_588,monoclinic,1,0.09040592464450625,0.3814708577772793,1,1,0,1,0,0.79931640625,0.017578125,0.78173828125,0.5987548828125,-0.96484375,1.5635986328125,87F2516402635EA010AF00E987172560BB178F024937E2F57A57C9DB331DF0D6
20260715,js_consistency_transfer,JS Consistency,cnrs_parent_0210,pattern_590,monoclinic,1,0.0223422937951947,0.014499960349658258,0,0,0,0,0,0.12939453125,0.03759765625,0.091796875,-0.7412109375,-0.9248046875,0.18359375,87F2516402635EA010AF00E987172560BB178F024937E2F57A57C9DB331DF0D6
20260715,js_consistency_transfer,JS Consistency,cnrs_parent_0212,pattern_595,monoclinic,1,0.02388053376519883,0.009003813668181246,0,1,1,1,1,0.875,0.94970703125,-0.07470703125,0.7498779296875,0.899383544921875,-0.149505615234375,87F2516402635EA010AF00E987172560BB178F024937E2F57A57C9DB331DF0D6
20260715,js_consistency_transfer,JS Consistency,cnrs_parent_0213,pattern_599,monoclinic,1,0.03699384087475244,0.0003464287148370062,0,0,0,0,0,0.438232421875,0.455078125,-0.016845703125,-0.115966796875,-0.08544921875,-0.030517578125,87F2516402635EA010AF00E987172560BB178F024937E2F57A57C9DB331DF0D6
20260715,js_consistency_transfer,JS Consistency,cnrs_parent_0219,pattern_616,monoclinic,1,0.0942485600929297,0.3177637468834627,1,1,0,1,0,0.8544921875,0.1044921875,0.75,0.7093505859375,-0.791015625,1.5003662109375,87F2516402635EA010AF00E987172560BB178F024937E2F57A57C9DB331DF0D6
20260715,js_consistency_transfer,JS Consistency,cnrs_parent_0221,pattern_618,monoclinic,1,0.33890532440907684,0.515192625861055,1,1,0,1,0,0.91845703125,0.029083251953125,0.889373779296875,0.8594970703125,-0.941619873046875,1.801116943359375,87F2516402635EA010AF00E987172560BB178F024937E2F57A57C9DB331DF0D6
20260715,js_consistency_transfer,JS Consistency,cnrs_parent_0240,pattern_684,monoclinic,1,0.11796314090892102,0.005761766847775063,0,1,1,1,1,0.7373046875,0.82568359375,-0.08837890625,0.474365234375,0.6512451171875,-0.1768798828125,87F2516402635EA010AF00E987172560BB178F024937E2F57A57C9DB331DF0D6
20260715,js_consistency_transfer,JS Consistency,cnrs_parent_0243,pattern_710,monoclinic,1,0.006992879740719049,0.014417660803159243,0,0,0,0,0,0.26904296875,0.1339111328125,0.1351318359375,-0.4619140625,-0.7322998046875,0.2703857421875,87F2516402635EA010AF00E987172560BB178F024937E2F57A57C9DB331DF0D6
20260715,js_consistency_transfer,JS Consistency,cnrs_parent_0251,pattern_745,monoclinic,1,0.10622836424596227,0.08293345347831858,0,0,0,0,0,0.1021728515625,0.0284423828125,0.07373046875,-0.5614013671875,-0.9285888671875,0.3671875,87F2516402635EA010AF00E987172560BB178F024937E2F57A57C9DB331DF0D6
20260715,js_consistency_transfer,JS Consistency,cnrs_parent_0254,pattern_756,monoclinic,1,0.02886309062069725,0.016713930159586995,0,1,1,1,1,0.97314453125,0.8818359375,0.09130859375,0.946807861328125,0.7652587890625,0.181549072265625,87F2516402635EA010AF00E987172560BB178F024937E2F57A57C9DB331DF0D6
20260715,js_consistency_transfer,JS Consistency,cnrs_parent_0259,pattern_779,monoclinic,1,0.06120359095129568,0.06814896578361529,0,0,0,0,0,0.407958984375,0.10736083984375,0.30059814453125,-0.169677734375,-0.78472900390625,0.61505126953125,87F2516402635EA010AF00E987172560BB178F024937E2F57A57C9DB331DF0D6
20260715,js_consistency_transfer,JS Consistency,cnrs_parent_0269,pattern_815,monoclinic,1,0.6120846603474832,0.6139774512825934,1,2,3,0,0,0.004901885986328125,0.0017595291137695312,0.0031423568725585938,-0.9272270202636719,-0.49579906463623047,-0.4314279556274414,87F2516402635EA010AF00E987172560BB178F024937E2F57A57C9DB331DF0D6
20260715,js_consistency_transfer,JS Consistency,cnrs_parent_0271,pattern_825,monoclinic,1,0.06399874672054473,0.0008207549194470464,0,0,0,0,0,0.004680633544921875,0.00070953369140625,0.003971099853515625,-0.9904365539550781,-0.9988021850585938,0.008365631103515625,87F2516402635EA010AF00E987172560BB178F024937E2F57A57C9DB331DF0D6
20260715,js_consistency_transfer,JS Consistency,cnrs_parent_0273,pattern_831,monoclinic,1,0.0476239425266437,0.036667901245885606,0,0,0,0,0,0.0211944580078125,0.006656646728515625,0.014537811279296875,-0.8538055419921875,-0.9850425720214844,0.13123703002929688,87F2516402635EA010AF00E987172560BB178F024937E2F57A57C9DB331DF0D6
20260715,js_consistency_transfer,JS Consistency,cnrs_parent_0274,pattern_833,monoclinic,1,0.0398065301502214,0.008450620267745061,0,1,1,1,1,0.9228515625,0.83984375,0.0830078125,0.84588623046875,0.6795654296875,0.16632080078125,87F2516402635EA010AF00E987172560BB178F024937E2F57A57C9DB331DF0D6
20260715,js_consistency_transfer,JS Consistency,cnrs_parent_0284,pattern_857,monoclinic,1,0.05173338135020733,0.0003456168560369945,0,0,0,0,0,0.00284576416015625,0.0007181167602539062,0.0021276473999023438,-0.9942245483398438,-0.9983053207397461,0.004080772399902344,87F2516402635EA010AF00E987172560BB178F024937E2F57A57C9DB331DF0D6
20260715,js_consistency_transfer,JS Consistency,cnrs_parent_0285,pattern_859,monoclinic,1,0.31862456647397785,0.5491676536470427,1,1,0,1,0,0.99072265625,0.062255859375,0.928466796875,0.981597900390625,-0.874267578125,1.855865478515625,87F2516402635EA010AF00E987172560BB178F024937E2F57A57C9DB331DF0D6
20260715,js_consistency_transfer,JS Consistency,cnrs_parent_0292,pattern_885,monoclinic,1,0.009954903260515513,7.327649411653613e-05,0,1,1,1,1,1.0,0.99951171875,0.00048828125,0.9998799562454224,0.9989676475524902,0.0009123086929321289,87F2516402635EA010AF00E987172560BB178F024937E2F57A57C9DB331DF0D6
20260715,js_consistency_transfer,JS Consistency,cnrs_parent_0294,pattern_890,monoclinic,1,0.3253281600926706,0.011193145553920434,0,0,0,0,0,0.0738525390625,0.0185394287109375,0.0553131103515625,-0.8470458984375,-0.9629058837890625,0.1158599853515625,87F2516402635EA010AF00E987172560BB178F024937E2F57A57C9DB331DF0D6
20260715,js_consistency_transfer,JS Consistency,cnrs_parent_0295,pattern_895,monoclinic,1,0.052331473187341104,0.03474874061057663,0,0,0,0,0,0.151611328125,0.0164031982421875,0.1352081298828125,-0.694091796875,-0.9669952392578125,0.2729034423828125,87F2516402635EA010AF00E987172560BB178F024937E2F57A57C9DB331DF0D6
20260715,js_consistency_transfer,JS Consistency,cnrs_parent_0296,pattern_896,monoclinic,1,0.033731890607203496,0.03661993697729309,0,0,0,0,0,0.39599609375,0.1571044921875,0.2388916015625,-0.2080078125,-0.6856689453125,0.4776611328125,87F2516402635EA010AF00E987172560BB178F024937E2F57A57C9DB331DF0D6
20260715,js_consistency_transfer,JS Consistency,cnrs_parent_0297,pattern_906,monoclinic,1,0.025350525943601432,0.03782194252700774,0,0,0,0,0,0.3701171875,0.134765625,0.2353515625,-0.259765625,-0.73046875,0.470703125,87F2516402635EA010AF00E987172560BB178F024937E2F57A57C9DB331DF0D6
20260715,js_consistency_transfer,JS Consistency,cnrs_parent_0298,pattern_907,monoclinic,1,0.034112660800044825,0.0010124379948225478,0,0,0,0,0,0.02508544921875,0.01291656494140625,0.01216888427734375,-0.95001220703125,-0.9743881225585938,0.02437591552734375,87F2516402635EA010AF00E987172560BB178F024937E2F57A57C9DB331DF0D6
20260715,js_consistency_transfer,JS Consistency,cnrs_parent_0301,pattern_912,monoclinic,1,0.03409976157061456,4.040866769223337e-05,0,1,1,1,1,1.0,0.99951171875,0.00048828125,0.9999430775642395,0.9993149042129517,0.0006281733512878418,87F2516402635EA010AF00E987172560BB178F024937E2F57A57C9DB331DF0D6
20260715,js_consistency_transfer,JS Consistency,cnrs_parent_0305,pattern_930,monoclinic,1,0.6326413992401247,0.6895577552542571,1,2,0,0,0,0.1893310546875,0.0002415180206298828,0.18908953666687012,-0.6202392578125,-0.9997584819793701,0.3795192241668701,87F2516402635EA010AF00E987172560BB178F024937E2F57A57C9DB331DF0D6
20260715,js_consistency_transfer,JS Consistency,cnrs_parent_0306,pattern_938,monoclinic,1,0.022875453390276967,0.0004448872607002492,0,0,0,0,0,0.060516357421875,0.047088623046875,0.013427734375,-0.878936767578125,-0.906036376953125,0.027099609375,87F2516402635EA010AF00E987172560BB178F024937E2F57A57C9DB331DF0D6
20260715,js_consistency_transfer,JS Consistency,cnrs_parent_0314,pattern_961,monoclinic,1,0.10363350052302156,0.008429772544053067,0,0,0,0,0,0.418701171875,0.344970703125,0.07373046875,-0.147216796875,-0.309814453125,0.16259765625,87F2516402635EA010AF00E987172560BB178F024937E2F57A57C9DB331DF0D6
20260715,js_consistency_transfer,JS Consistency,cnrs_parent_0320,pattern_977,monoclinic,1,0.041645311493976545,0.04319727077657855,0,1,1,1,1,0.8818359375,0.73828125,0.1435546875,0.805419921875,0.509521484375,0.2958984375,87F2516402635EA010AF00E987172560BB178F024937E2F57A57C9DB331DF0D6
20260715,js_consistency_transfer,JS Consistency,cnrs_parent_0323,pattern_998,monoclinic,1,0.12780169930569563,0.0737129243438546,0,1,1,1,1,0.80712890625,0.98583984375,-0.1787109375,0.6358642578125,0.9719924926757812,-0.33612823486328125,87F2516402635EA010AF00E987172560BB178F024937E2F57A57C9DB331DF0D6
20260715,js_consistency_transfer,JS Consistency,cnrs_parent_0007,pattern_1021,monoclinic,1,0.5721805723482334,0.22969868393315496,0,1,1,1,1,0.9990234375,0.470458984375,0.528564453125,0.9985013008117676,0.2398681640625,0.7586331367492676,87F2516402635EA010AF00E987172560BB178F024937E2F57A57C9DB331DF0D6
20260715,js_consistency_transfer,JS Consistency,cnrs_parent_0008,pattern_1023,monoclinic,1,0.0601460863272516,1.937939842671134e-05,0,0,0,0,0,0.0005464553833007812,0.000293731689453125,0.00025272369384765625,-0.9989652633666992,-0.9992179870605469,0.00025272369384765625,87F2516402635EA010AF00E987172560BB178F024937E2F57A57C9DB331DF0D6
20260715,js_consistency_transfer,JS Consistency,cnrs_parent_0014,pattern_1034,monoclinic,1,0.4120146775522453,0.0030061524980727634,0,4,4,0,0,0.0287017822265625,0.0257415771484375,0.002960205078125,-0.9332122802734375,-0.9478912353515625,0.014678955078125,87F2516402635EA010AF00E987172560BB178F024937E2F57A57C9DB331DF0D6
20260715,js_consistency_transfer,JS Consistency,cnrs_parent_0020,pattern_1044,monoclinic,1,0.01045584531382926,0.00017885128828312743,0,0,0,0,0,0.00905609130859375,0.00582122802734375,0.00323486328125,-0.9816665649414062,-0.9883193969726562,0.00665283203125,87F2516402635EA010AF00E987172560BB178F024937E2F57A57C9DB331DF0D6
20260715,js_consistency_transfer,JS Consistency,cnrs_parent_0021,pattern_1045,monoclinic,1,0.012915035098797545,0.0028791810648508293,0,1,1,1,1,0.57763671875,0.6513671875,-0.07373046875,0.1552734375,0.302734375,-0.1474609375,87F2516402635EA010AF00E987172560BB178F024937E2F57A57C9DB331DF0D6
20260715,js_consistency_transfer,JS Consistency,cnrs_parent_0070,pattern_20,orthorhombic,2,0.11019087751515277,0.5037539775587158,1,1,0,0,0,4.13060188293457e-05,1.0728836059570312e-06,4.023313522338867e-05,-0.9086501002311707,-0.987791895866394,0.07914179563522339,87F2516402635EA010AF00E987172560BB178F024937E2F57A57C9DB331DF0D6
20260715,js_consistency_transfer,JS Consistency,cnrs_parent_0163,pattern_47,orthorhombic,2,0.12681959193501513,0.32176376744339935,1,5,0,0,0,0.005008697509765625,1.1026859283447266e-05,0.004997670650482178,-0.5223350524902344,-0.9941295981407166,0.4717945456504822,87F2516402635EA010AF00E987172560BB178F024937E2F57A57C9DB331DF0D6
20260715,js_consistency_transfer,JS Consistency,cnrs_parent_0173,pattern_49,orthorhombic,2,0.04580547157250503,0.031114662212848688,0,1,1,0,0,0.00023126602172851562,0.001697540283203125,-0.0014662742614746094,-0.9987921714782715,-0.9055290222167969,-0.09326314926147461,87F2516402635EA010AF00E987172560BB178F024937E2F57A57C9DB331DF0D6
20260715,js_consistency_transfer,JS Consistency,cnrs_parent_0224,pattern_63,orthorhombic,2,0.3784032478029121,0.3194718067175824,1,1,2,0,1,0.0767822265625,0.73291015625,-0.6561279296875,-0.3834228515625,0.470703125,-0.8541259765625,87F2516402635EA010AF00E987172560BB178F024937E2F57A57C9DB331DF0D6
20260715,js_consistency_transfer,JS Consistency,cnrs_parent_0234,pattern_66,orthorhombic,2,0.02618948112575381,0.0009339405202402258,0,1,1,0,0,3.266334533691406e-05,6.014108657836914e-05,-2.7477741241455078e-05,-0.9906899929046631,-0.9808968901634216,-0.009793102741241455,87F2516402635EA010AF00E987172560BB178F024937E2F57A57C9DB331DF0D6
20260715,js_consistency_transfer,JS Consistency,cnrs_parent_0245,pattern_72,orthorhombic,2,0.21571796338267202,0.09916644133503674,0,1,1,0,0,0.0107269287109375,0.0005192756652832031,0.010207653045654297,-0.9780426025390625,-0.7421565055847168,-0.2358860969543457,87F2516402635EA010AF00E987172560BB178F024937E2F57A57C9DB331DF0D6
20260715,js_consistency_transfer,JS Consistency,cnrs_parent_0293,pattern_89,orthorhombic,2,0.45814496980703157,0.6781158774429132,1,1,0,0,0,0.00016748905181884766,7.051229476928711e-05,9.697675704956055e-05,-0.9851840734481812,-0.9950466752052307,0.00986260175704956,87F2516402635EA010AF00E987172560BB178F024937E2F57A57C9DB331DF0D6
20260715,js_consistency_transfer,JS Consistency,cnrs_parent_0025,pattern_106,orthorhombic,2,0.5342201043130546,0.6030428553191789,1,1,0,0,0,0.002414703369140625,0.01023101806640625,-0.007816314697265625,-0.9907493591308594,-0.9384994506835938,-0.052249908447265625,87F2516402635EA010AF00E987172560BB178F024937E2F57A57C9DB331DF0D6
20260715,js_consistency_transfer,JS Consistency,cnrs_parent_0032,pattern_114,orthorhombic,2,0.510187543491204,0.39723062983860935,1,2,1,1,0,0.9755859375,0.173828125,0.8017578125,0.951171875,-0.423828125,1.375,87F2516402635EA010AF00E987172560BB178F024937E2F57A57C9DB331DF0D6
20260715,js_consistency_transfer,JS Consistency,cnrs_parent_0033,pattern_116,orthorhombic,2,0.03360858217019569,0.0029349524512069934,0,1,1,0,0,0.006381988525390625,0.0003757476806640625,0.0060062408447265625,-0.9862937927246094,-0.9918117523193359,0.0055179595947265625,87F2516402635EA010AF00E987172560BB178F024937E2F57A57C9DB331DF0D6
20260715,js_consistency_transfer,JS Consistency,cnrs_parent_0034,pattern_117,orthorhombic,2,0.177871949889989,0.05905880972814459,0,1,1,0,0,0.0013513565063476562,3.141164779663086e-05,0.0013199448585510254,-0.9742345809936523,-0.7758474946022034,-0.19838708639144897,87F2516402635EA010AF00E987172560BB178F024937E2F57A57C9DB331DF0D6
20260715,js_consistency_transfer,JS Consistency,cnrs_parent_0037,pattern_123,orthorhombic,2,0.4852035218123949,0.6222701784501891,1,0,2,0,1,0.0007739067077636719,0.78369140625,-0.7829174995422363,-0.9499096870422363,0.584716796875,-1.5346264839172363,87F2516402635EA010AF00E987172560BB178F024937E2F57A57C9DB331DF0D6
20260715,js_consistency_transfer,JS Consistency,cnrs_parent_0043,pattern_131,orthorhombic,2,0.7655477699188952,0.6809919505617852,1,1,0,0,0,0.00015807151794433594,1.0132789611816406e-06,0.0001570582389831543,-0.9954473972320557,-0.9999989867210388,0.004551589488983154,87F2516402635EA010AF00E987172560BB178F024937E2F57A57C9DB331DF0D6
20260715,js_consistency_transfer,JS Consistency,cnrs_parent_0044,pattern_132,orthorhombic,2,0.011600301923797351,0.008858943524604486,0,1,1,0,0,2.205371856689453e-05,1.5795230865478516e-05,6.258487701416016e-06,-0.9765404462814331,-0.9189295172691345,-0.057610929012298584,87F2516402635EA010AF00E987172560BB178F024937E2F57A57C9DB331DF0D6
20260715,js_consistency_transfer,JS Consistency,cnrs_parent_0045,pattern_135,orthorhombic,2,0.4188693307677597,0.06845799000439212,0,0,0,0,0,0.000732421875,2.384185791015625e-07,0.0007321834564208984,-0.815185546875,-0.9999997615814209,0.1848142147064209,87F2516402635EA010AF00E987172560BB178F024937E2F57A57C9DB331DF0D6
20260715,js_consistency_transfer,JS Consistency,cnrs_parent_0046,pattern_136,orthorhombic,2,0.5073395451864938,0.32364271350362483,1,4,1,0,0,0.00815582275390625,0.0022411346435546875,0.0059146881103515625,-0.5753402709960938,-0.9806690216064453,0.40532875061035156,87F2516402635EA010AF00E987172560BB178F024937E2F57A57C9DB331DF0D6
20260715,js_consistency_transfer,JS Consistency,cnrs_parent_0048,pattern_148,orthorhombic,2,0.4393797263875885,0.4838890228752992,1,1,0,0,0,0.1129150390625,0.1915283203125,-0.07861328125,-0.7410888671875,-0.4266357421875,-0.314453125,87F2516402635EA010AF00E987172560BB178F024937E2F57A57C9DB331DF0D6
20260715,js_consistency_transfer,JS Consistency,cnrs_parent_0054,pattern_166,orthorhombic,2,0.035617077403848674,0.31277527165114066,1,1,0,0,0,8.815526962280273e-05,7.385015487670898e-05,1.430511474609375e-05,-0.7889743447303772,-0.9413323998451233,0.1523580551147461,87F2516402635EA010AF00E987172560BB178F024937E2F57A57C9DB331DF0D6
20260715,js_consistency_transfer,JS Consistency,cnrs_parent_0055,pattern_167,orthorhombic,2,0.03386991688053764,0.009021711677233531,0,1,1,0,0,0.0010919570922851562,9.578466415405273e-05,0.0009961724281311035,-0.8866033554077148,-0.795314371585846,-0.0912889838218689,87F2516402635EA010AF00E987172560BB178F024937E2F57A57C9DB331DF0D6
20260715,js_consistency_transfer,JS Consistency,cnrs_parent_0059,pattern_174,orthorhombic,2,0.7947500645306295,0.6463665054942299,1,1,2,0,1,0.0173187255859375,0.9970703125,-0.9797515869140625,-0.9235992431640625,0.9944953918457031,-1.9180946350097656,87F2516402635EA010AF00E987172560BB178F024937E2F57A57C9DB331DF0D6
20260715,js_consistency_transfer,JS Consistency,cnrs_parent_0064,pattern_188,orthorhombic,2,0.6496312973798248,0.5112429838308163,1,1,0,0,0,3.337860107421875e-06,0.001262664794921875,-0.0012593269348144531,-0.9243130683898926,-0.9709053039550781,0.04659223556518555,87F2516402635EA010AF00E987172560BB178F024937E2F57A57C9DB331DF0D6
20260715,js_consistency_transfer,JS Consistency,cnrs_parent_0076,pattern_212,orthorhombic,2,0.05070421073817122,0.03564347168282429,0,0,0,0,0,0.00229644775390625,0.000156402587890625,0.002140045166015625,-0.8087387084960938,-0.9695701599121094,0.16083145141601562,87F2516402635EA010AF00E987172560BB178F024937E2F57A57C9DB331DF0D6
20260715,js_consistency_transfer,JS Consistency,cnrs_parent_0078,pattern_220,orthorhombic,2,0.033295066812141894,0.07714687657945143,1,0,1,0,0,0.00010383129119873047,1.9550323486328125e-05,8.428096771240234e-05,-0.5848571062088013,-0.7929491996765137,0.2080920934677124,87F2516402635EA010AF00E987172560BB178F024937E2F57A57C9DB331DF0D6
20260715,js_consistency_transfer,JS Consistency,cnrs_parent_0079,pattern_223,orthorhombic,2,0.23452423888985274,0.05153456423563982,0,1,1,0,0,2.682209014892578e-06,0.000171661376953125,-0.00016897916793823242,-0.9995090365409851,-0.8552970886230469,-0.14421194791793823,87F2516402635EA010AF00E987172560BB178F024937E2F57A57C9DB331DF0D6
20260715,js_consistency_transfer,JS Consistency,cnrs_parent_0082,pattern_227,orthorhombic,2,0.12431725680608319,0.06926718230275192,0,0,0,0,0,0.00042700767517089844,0.0,0.00042700767517089844,-0.8110964298248291,-0.99951171875,0.1884152889251709,87F2516402635EA010AF00E987172560BB178F024937E2F57A57C9DB331DF0D6
20260715,js_consistency_transfer,JS Consistency,cnrs_parent_0086,pattern_238,orthorhombic,2,0.0178175028569717,0.01626185132628749,0,0,0,0,0,0.0009350776672363281,7.94529914855957e-05,0.0008556246757507324,-0.9126391410827637,-0.9877135157585144,0.07507437467575073,87F2516402635EA010AF00E987172560BB178F024937E2F57A57C9DB331DF0D6
20260715,js_consistency_transfer,JS Consistency,cnrs_parent_0090,pattern_242,orthorhombic,2,0.01232295151785745,0.009364864465753027,0,0,0,0,0,0.0022563934326171875,0.004241943359375,-0.0019855499267578125,-0.7765522003173828,-0.687652587890625,-0.08889961242675781,87F2516402635EA010AF00E987172560BB178F024937E2F57A57C9DB331DF0D6
20260715,js_consistency_transfer,JS Consistency,cnrs_parent_0100,pattern_268,orthorhombic,2,0.3721940424898149,0.36528303500648746,1,2,0,1,0,0.59033203125,1.2695789337158203e-05,0.5903193354606628,0.204833984375,-0.5737177729606628,0.7785517573356628,87F2516402635EA010AF00E987172560BB178F024937E2F57A57C9DB331DF0D6
20260715,js_consistency_transfer,JS Consistency,cnrs_parent_0114,pattern_319,orthorhombic,2,0.652630594495077,0.6279090727257923,1,1,2,0,1,0.0219268798828125,0.77978515625,-0.7578582763671875,-0.6392059326171875,0.56494140625,-1.2041473388671875,87F2516402635EA010AF00E987172560BB178F024937E2F57A57C9DB331DF0D6
20260715,js_consistency_transfer,JS Consistency,cnrs_parent_0119,pattern_334,orthorhombic,2,0.04000453888244582,0.008461544083814915,0,0,0,0,0,5.960464477539063e-08,0.0,5.960464477539063e-08,-0.9658202528953552,-0.99755859375,0.031738340854644775,87F2516402635EA010AF00E987172560BB178F024937E2F57A57C9DB331DF0D6
20260715,js_consistency_transfer,JS Consistency,cnrs_parent_0120,pattern_341,orthorhombic,2,0.23701207997935814,0.4129775509184336,1,1,0,0,0,0.2042236328125,1.1920928955078125e-07,0.20422351360321045,-0.4031982421875,-0.9921873807907104,0.5889891386032104,87F2516402635EA010AF00E987172560BB178F024937E2F57A57C9DB331DF0D6
20260715,js_consistency_transfer,JS Consistency,cnrs_parent_0136,pattern_382,orthorhombic,2,0.1143866454865341,0.01609031525078618,0,1,1,0,0,1.7404556274414062e-05,1.8537044525146484e-05,-1.1324882507324219e-06,-0.8920724391937256,-0.9760556817054749,0.08398324251174927,87F2516402635EA010AF00E987172560BB178F024937E2F57A57C9DB331DF0D6
20260715,js_consistency_transfer,JS Consistency,cnrs_parent_0139,pattern_395,orthorhombic,2,0.05255444696293443,0.002933240160663645,0,0,0,0,0,0.00498199462890625,9.167194366455078e-05,0.004890322685241699,-0.6839828491210938,-0.7401427030563354,0.0561598539352417,87F2516402635EA010AF00E987172560BB178F024937E2F57A57C9DB331DF0D6
20260715,js_consistency_transfer,JS Consistency,cnrs_parent_0150,pattern_427,orthorhombic,2,0.07555990584824457,0.012114415628532865,0,0,0,0,0,6.562471389770508e-05,3.5762786865234375e-07,6.526708602905273e-05,-0.7689773440361023,-0.8857418298721313,0.11676448583602905,87F2516402635EA010AF00E987172560BB178F024937E2F57A57C9DB331DF0D6
20260715,js_consistency_transfer,JS Consistency,cnrs_parent_0152,pattern_439,orthorhombic,2,0.7267956852872597,0.528303172711168,1,4,1,0,0,0.0006322860717773438,0.0005016326904296875,0.00013065338134765625,-0.8401880264282227,-0.9951038360595703,0.15491580963134766,87F2516402635EA010AF00E987172560BB178F024937E2F57A57C9DB331DF0D6
20260715,js_consistency_transfer,JS Consistency,cnrs_parent_0156,pattern_451,orthorhombic,2,0.22955729363165944,0.5848839161108657,1,1,0,0,0,0.00879669189453125,4.172325134277344e-07,0.008796274662017822,-0.9614181518554688,-0.9746089577674866,0.013190805912017822,87F2516402635EA010AF00E987172560BB178F024937E2F57A57C9DB331DF0D6
20260715,js_consistency_transfer,JS Consistency,cnrs_parent_0164,pattern_470,orthorhombic,2,0.2558172414359252,0.4306789337088589,1,1,0,0,0,0.00244140625,0.0635986328125,-0.0611572265625,-0.92431640625,-0.7977294921875,-0.1265869140625,87F2516402635EA010AF00E987172560BB178F024937E2F57A57C9DB331DF0D6
20260715,js_consistency_transfer,JS Consistency,cnrs_parent_0167,pattern_476,orthorhombic,2,0.21139016716748338,0.3365548860972184,1,4,1,0,0,0.0008940696716308594,0.0012607574462890625,-0.0003666877746582031,-0.7671723365783691,-0.9655361175537109,0.1983637809753418,87F2516402635EA010AF00E987172560BB178F024937E2F57A57C9DB331DF0D6
20260715,js_consistency_transfer,JS Consistency,cnrs_parent_0168,pattern_479,orthorhombic,2,0.2409216067893175,0.27604052364049375,1,1,0,0,0,0.002338409423828125,0.0004413127899169922,0.0018970966339111328,-0.9742240905761719,-0.666550874710083,-0.30767321586608887,87F2516402635EA010AF00E987172560BB178F024937E2F57A57C9DB331DF0D6
20260715,js_consistency_transfer,JS Consistency,cnrs_parent_0171,pattern_485,orthorhombic,2,0.3384448563376008,0.26125105100893214,0,2,2,1,1,1.0,0.421142578125,0.578857421875,0.9999871850013733,0.046630859375,0.9533563256263733,87F2516402635EA010AF00E987172560BB178F024937E2F57A57C9DB331DF0D6
20260715,js_consistency_transfer,JS Consistency,cnrs_parent_0172,pattern_487,orthorhombic,2,0.12334948310460281,0.3859700437143983,1,1,0,0,0,0.00011426210403442383,6.735324859619141e-06,0.00010752677917480469,-0.9344560503959656,-0.8784112334251404,-0.056044816970825195,87F2516402635EA010AF00E987172560BB178F024937E2F57A57C9DB331DF0D6
20260715,js_consistency_transfer,JS Consistency,cnrs_parent_0177,pattern_498,orthorhombic,2,0.23270343200679622,0.19330349413277614,1,4,2,0,1,0.18896484375,0.7578125,-0.56884765625,-0.5732421875,0.566162109375,-1.139404296875,87F2516402635EA010AF00E987172560BB178F024937E2F57A57C9DB331DF0D6
20260715,js_consistency_transfer,JS Consistency,cnrs_parent_0184,pattern_532,orthorhombic,2,0.08240645516440148,0.006095333908430667,0,1,1,0,0,0.0006861686706542969,0.000453948974609375,0.00023221969604492188,-0.9265599250793457,-0.8598976135253906,-0.06666231155395508,87F2516402635EA010AF00E987172560BB178F024937E2F57A57C9DB331DF0D6
20260715,js_consistency_transfer,JS Consistency,cnrs_parent_0187,pattern_541,orthorhombic,2,0.04203827014229755,0.003418879769831386,0,1,1,0,0,1.9431114196777344e-05,3.5762786865234375e-07,1.9073486328125e-05,-0.9159961938858032,-0.9560543298721313,0.040058135986328125,87F2516402635EA010AF00E987172560BB178F024937E2F57A57C9DB331DF0D6
20260715,js_consistency_transfer,JS Consistency,cnrs_parent_0192,pattern_553,orthorhombic,2,0.18899185509499195,0.027399315813321296,0,1,1,0,0,0.014495849609375,0.0013017654418945312,0.013194084167480469,-0.852203369140625,-0.9313154220581055,0.07911205291748047,87F2516402635EA010AF00E987172560BB178F024937E2F57A57C9DB331DF0D6
20260715,js_consistency_transfer,JS Consistency,cnrs_parent_0194,pattern_559,orthorhombic,2,0.7615674658715929,0.6561569876996163,1,1,0,0,0,0.00878143310546875,6.377696990966797e-06,0.008775055408477783,-0.9672927856445312,-0.999993622303009,0.03270083665847778,87F2516402635EA010AF00E987172560BB178F024937E2F57A57C9DB331DF0D6
20260715,js_consistency_transfer,JS Consistency,cnrs_parent_0197,pattern_566,orthorhombic,2,0.13158961592545093,0.16837252987519463,0,1,1,0,0,0.046295166015625,0.170166015625,-0.123870849609375,-0.484466552734375,-0.644775390625,0.160308837890625,87F2516402635EA010AF00E987172560BB178F024937E2F57A57C9DB331DF0D6
20260715,js_consistency_transfer,JS Consistency,cnrs_parent_0202,pattern_577,orthorhombic,2,0.0015415391583359916,0.003806232698139949,0,0,0,0,0,7.271766662597656e-05,5.155801773071289e-05,2.1159648895263672e-05,-0.845142126083374,-0.9022921919822693,0.057150065898895264,87F2516402635EA010AF00E987172560BB178F024937E2F57A57C9DB331DF0D6
20260715,js_consistency_transfer,JS Consistency,cnrs_parent_0204,pattern_581,orthorhombic,2,0.10006727148456473,0.019683695753520986,0,1,1,0,0,0.0002536773681640625,1.3709068298339844e-06,0.0002523064613342285,-0.9894924163818359,-0.9091783165931702,-0.08031409978866577,87F2516402635EA010AF00E987172560BB178F024937E2F57A57C9DB331DF0D6
20260715,js_consistency_transfer,JS Consistency,cnrs_parent_0206,pattern_583,orthorhombic,2,0.006507395361296964,0.00264948395648604,0,3,3,0,0,0.130126953125,0.103271484375,0.02685546875,-0.695068359375,-0.762939453125,0.06787109375,87F2516402635EA010AF00E987172560BB178F024937E2F57A57C9DB331DF0D6
20260715,js_consistency_transfer,JS Consistency,cnrs_parent_0227,pattern_634,orthorhombic,2,0.29359048447973435,0.5702947670279703,1,1,0,0,0,1.7881393432617188e-07,5.960464477539063e-08,1.1920928955078125e-07,-0.9389646649360657,-0.9985350966453552,0.05957043170928955,87F2516402635EA010AF00E987172560BB178F024937E2F57A57C9DB331DF0D6
20260715,js_consistency_transfer,JS Consistency,cnrs_parent_0230,pattern_646,orthorhombic,2,0.53997151908188,0.6428754826232266,1,4,0,0,0,0.0092010498046875,0.09906005859375,-0.0898590087890625,-0.9615020751953125,-0.48443603515625,-0.4770660400390625,87F2516402635EA010AF00E987172560BB178F024937E2F57A57C9DB331DF0D6
20260715,js_consistency_transfer,JS Consistency,cnrs_parent_0235,pattern_660,orthorhombic,2,0.35048880349948175,0.5949126438566794,1,2,1,1,0,0.70263671875,0.021697998046875,0.680938720703125,0.424072265625,-0.952911376953125,1.376983642578125,87F2516402635EA010AF00E987172560BB178F024937E2F57A57C9DB331DF0D6
20260715,js_consistency_transfer,JS Consistency,cnrs_parent_0242,pattern_697,orthorhombic,2,0.012151026814913868,0.14239261939011683,1,1,0,0,0,1.1920928955078125e-07,5.960464477539063e-08,5.960464477539063e-08,-0.8896483182907104,-0.6040038466453552,-0.2856444716453552,87F2516402635EA010AF00E987172560BB178F024937E2F57A57C9DB331DF0D6
20260715,js_consistency_transfer,JS Consistency,cnrs_parent_0256,pattern_760,orthorhombic,2,0.6032995992210783,0.019417030438693722,0,0,0,0,0,0.0017223358154296875,0.047760009765625,-0.04603767395019531,-0.9098987579345703,-0.858978271484375,-0.05092048645019531,87F2516402635EA010AF00E987172560BB178F024937E2F57A57C9DB331DF0D6
20260715,js_consistency_transfer,JS Consistency,cnrs_parent_0261,pattern_781,orthorhombic,2,0.23329150753742522,0.5662856611925924,1,1,0,0,0,0.0005517005920410156,1.919269561767578e-05,0.0005325078964233398,-0.989194393157959,-0.9457815885543823,-0.04341280460357666,87F2516402635EA010AF00E987172560BB178F024937E2F57A57C9DB331DF0D6
20260715,js_consistency_transfer,JS Consistency,cnrs_parent_0262,pattern_784,orthorhombic,2,0.22136611414989538,0.0028636517847378555,0,1,1,0,0,0.0007572174072265625,2.86102294921875e-06,0.0007543563842773438,-0.8678951263427734,-0.8862276077270508,0.018332481384277344,87F2516402635EA010AF00E987172560BB178F024937E2F57A57C9DB331DF0D6
20260715,js_consistency_transfer,JS Consistency,cnrs_parent_0267,pattern_800,orthorhombic,2,0.039678553276912276,0.004352596533952169,0,1,1,0,0,0.0001531839370727539,2.3066997528076172e-05,0.00013011693954467773,-0.5638116598129272,-0.6547620892524719,0.09095042943954468,87F2516402635EA010AF00E987172560BB178F024937E2F57A57C9DB331DF0D6
20260715,js_consistency_transfer,JS Consistency,cnrs_parent_0281,pattern_845,orthorhombic,2,0.1714845446014377,0.05535679302063403,0,0,0,0,0,1.4543533325195312e-05,0.0,1.4543533325195312e-05,-0.8486182689666748,-1.0,0.1513817310333252,87F2516402635EA010AF00E987172560BB178F024937E2F57A57C9DB331DF0D6
20260715,js_consistency_transfer,JS Consistency,cnrs_parent_0283,pattern_855,orthorhombic,2,0.5621144483592924,0.5219694967049193,1,2,1,1,0,0.59326171875,0.0025081634521484375,0.5907535552978516,0.292724609375,-0.7997379302978516,1.0924625396728516,87F2516402635EA010AF00E987172560BB178F024937E2F57A57C9DB331DF0D6
20260715,js_consistency_transfer,JS Consistency,cnrs_parent_0286,pattern_861,orthorhombic,2,0.02950027359156171,0.04639650932652262,0,1,1,0,0,0.0008168220520019531,0.0181732177734375,-0.017356395721435547,-0.912757396697998,-0.6585845947265625,-0.25417280197143555,87F2516402635EA010AF00E987172560BB178F024937E2F57A57C9DB331DF0D6
20260715,js_consistency_transfer,JS Consistency,cnrs_parent_0287,pattern_868,orthorhombic,2,0.12625164435490854,0.17381754305618047,0,0,0,0,0,0.00011354684829711914,2.980232238769531e-07,0.00011324882507324219,-0.5677575469017029,-0.9975582957267761,0.42980074882507324,87F2516402635EA010AF00E987172560BB178F024937E2F57A57C9DB331DF0D6
20260715,js_consistency_transfer,JS Consistency,cnrs_parent_0299,pattern_908,orthorhombic,2,0.7604449762405024,0.629486026157557,1,1,3,0,0,0.0240478515625,0.362060546875,-0.3380126953125,-0.9403076171875,-0.220947265625,-0.7193603515625,87F2516402635EA010AF00E987172560BB178F024937E2F57A57C9DB331DF0D6
20260715,js_consistency_transfer,JS Consistency,cnrs_parent_0307,pattern_939,orthorhombic,2,0.5623149732892582,0.5081854230098677,1,2,0,1,0,0.8310546875,1.9073486328125e-06,0.8310527801513672,0.6796875,-0.6757793426513672,1.3554668426513672,87F2516402635EA010AF00E987172560BB178F024937E2F57A57C9DB331DF0D6
20260715,js_consistency_transfer,JS Consistency,cnrs_parent_0310,pattern_950,orthorhombic,2,0.4294307472818788,0.3278740305595236,1,2,1,1,0,0.4541015625,0.001190185546875,0.452911376953125,0.163818359375,-0.744903564453125,0.908721923828125,87F2516402635EA010AF00E987172560BB178F024937E2F57A57C9DB331DF0D6
20260715,js_consistency_transfer,JS Consistency,cnrs_parent_0312,pattern_958,orthorhombic,2,0.020857334070963907,0.024516139970643565,1,1,0,0,0,2.5331974029541016e-05,8.046627044677734e-06,1.728534698486328e-05,-0.5390371680259705,-0.6791911721229553,0.14015400409698486,87F2516402635EA010AF00E987172560BB178F024937E2F57A57C9DB331DF0D6
20260715,js_consistency_transfer,JS Consistency,cnrs_parent_0318,pattern_972,orthorhombic,2,0.7469295634850897,0.6084871741947753,1,4,0,0,0,0.038848876953125,2.4437904357910156e-06,0.03884643316268921,-0.651580810546875,-0.5136694312095642,-0.1379113793373108,87F2516402635EA010AF00E987172560BB178F024937E2F57A57C9DB331DF0D6
20260715,js_consistency_transfer,JS Consistency,cnrs_parent_0002,pattern_1010,orthorhombic,2,0.9564895711976369,0.6856736596161382,1,4,0,0,0,0.0012788772583007812,0.0009684562683105469,0.0003104209899902344,-0.9640531539916992,-0.9892659187316895,0.025212764739990234,87F2516402635EA010AF00E987172560BB178F024937E2F57A57C9DB331DF0D6
20260715,js_consistency_transfer,JS Consistency,cnrs_parent_0003,pattern_1013,orthorhombic,2,0.06257360872724482,0.00044655183740701114,0,1,1,0,0,0.00010722875595092773,1.3530254364013672e-05,9.369850158691406e-05,-0.9071193337440491,-0.923326313495636,0.016206979751586914,87F2516402635EA010AF00E987172560BB178F024937E2F57A57C9DB331DF0D6
20260715,js_consistency_transfer,JS Consistency,cnrs_parent_0004,pattern_1018,orthorhombic,2,0.43835254365869436,0.4389169735142907,1,1,0,0,0,0.016998291015625,0.004367828369140625,0.012630462646484375,-0.426849365234375,-0.9555931091308594,0.5287437438964844,87F2516402635EA010AF00E987172560BB178F024937E2F57A57C9DB331DF0D6
20260715,js_consistency_transfer,JS Consistency,cnrs_parent_0009,pattern_1024,orthorhombic,2,0.64774224756839,0.03696633499908458,0,1,1,0,0,0.001331329345703125,0.0001932382583618164,0.0011380910873413086,-0.9049186706542969,-0.9871114492416382,0.08219277858734131,87F2516402635EA010AF00E987172560BB178F024937E2F57A57C9DB331DF0D6
20260715,js_consistency_transfer,JS Consistency,cnrs_parent_0010,pattern_1028,orthorhombic,2,0.07482995442777118,0.020777314398032237,0,0,0,0,0,4.976987838745117e-05,1.3113021850585938e-06,4.845857620239258e-05,-0.8373525738716125,-0.9575182199478149,0.12016564607620239,87F2516402635EA010AF00E987172560BB178F024937E2F57A57C9DB331DF0D6
20260715,js_consistency_transfer,JS Consistency,cnrs_parent_0013,pattern_1032,orthorhombic,2,0.0465238293453909,0.01152762297438334,0,1,1,0,0,0.0008859634399414062,0.002960205078125,-0.0020742416381835938,-0.8804616928100586,-0.955047607421875,0.0745859146118164,87F2516402635EA010AF00E987172560BB178F024937E2F57A57C9DB331DF0D6
20260715,js_consistency_transfer,JS Consistency,cnrs_parent_0016,pattern_1038,orthorhombic,2,0.24229964198589315,0.37509487885097414,1,4,1,0,0,0.0007963180541992188,0.0010309219360351562,-0.0002346038818359375,-0.7809419631958008,-0.9828557968139648,0.20191383361816406,87F2516402635EA010AF00E987172560BB178F024937E2F57A57C9DB331DF0D6
20260715,js_consistency_transfer,JS Consistency,cnrs_parent_0017,pattern_1039,orthorhombic,2,0.1685502810849927,0.12915473964381982,0,1,1,0,0,0.00019037723541259766,0.0003314018249511719,-0.00014102458953857422,-0.9636768102645874,-0.5694928169250488,-0.3941839933395386,87F2516402635EA010AF00E987172560BB178F024937E2F57A57C9DB331DF0D6
20260715,js_consistency_transfer,JS Consistency,cnrs_parent_0018,pattern_1040,orthorhombic,2,0.4404703023658908,0.5470314398828641,1,0,2,0,1,0.0308685302734375,0.7763671875,-0.7454986572265625,-0.8748931884765625,0.569091796875,-1.4439849853515625,87F2516402635EA010AF00E987172560BB178F024937E2F57A57C9DB331DF0D6
20260715,js_consistency_transfer,JS Consistency,cnrs_parent_0019,pattern_1043,orthorhombic,2,0.0022457294374753634,0.00759891739436051,0,1,1,0,0,0.017791748046875,0.01666259765625,0.001129150390625,-0.813262939453125,-0.71722412109375,-0.096038818359375,87F2516402635EA010AF00E987172560BB178F024937E2F57A57C9DB331DF0D6
20260715,js_consistency_transfer,JS Consistency,cnrs_parent_0133,pattern_37,tetragonal,3,0.6949277445083827,0.5852623077224066,1,3,1,1,0,0.96728515625,0.04901123046875,0.91827392578125,0.94244384765625,-0.63702392578125,1.5794677734375,87F2516402635EA010AF00E987172560BB178F024937E2F57A57C9DB331DF0D6
20260715,js_consistency_transfer,JS Consistency,cnrs_parent_0203,pattern_58,tetragonal,3,0.3797326701183511,0.5720716904344224,1,3,4,1,0,0.9462890625,0.0386962890625,0.9075927734375,0.91162109375,-0.9022216796875,1.8138427734375,87F2516402635EA010AF00E987172560BB178F024937E2F57A57C9DB331DF0D6
20260715,js_consistency_transfer,JS Consistency,cnrs_parent_0222,pattern_62,tetragonal,3,0.16582873756560312,0.0011557987655223898,0,1,1,0,0,7.68899917602539e-06,3.5762786865234375e-07,7.331371307373047e-06,-0.967277467250824,-0.9541012048721313,-0.013176262378692627,87F2516402635EA010AF00E987172560BB178F024937E2F57A57C9DB331DF0D6
20260715,js_consistency_transfer,JS Consistency,cnrs_parent_0264,pattern_79,tetragonal,3,0.11607014321044662,0.0001995787792577704,0,3,3,1,1,1.0,0.99951171875,0.00048828125,0.9997957944869995,0.9990861415863037,0.0007096529006958008,87F2516402635EA010AF00E987172560BB178F024937E2F57A57C9DB331DF0D6
20260715,js_consistency_transfer,JS Consistency,cnrs_parent_0023,pattern_105,tetragonal,3,0.6588086990565081,0.028031681393308555,0,3,3,1,1,0.99853515625,0.92138671875,0.0771484375,0.9974708557128906,0.85357666015625,0.14389419555664062,87F2516402635EA010AF00E987172560BB178F024937E2F57A57C9DB331DF0D6
20260715,js_consistency_transfer,JS Consistency,cnrs_parent_0038,pattern_124,tetragonal,3,0.14931788739959773,0.24533339095130938,1,1,0,0,0,9.179115295410156e-06,5.364418029785156e-07,8.64267349243164e-06,-0.8525298833847046,-0.661132276058197,-0.19139760732650757,87F2516402635EA010AF00E987172560BB178F024937E2F57A57C9DB331DF0D6
20260715,js_consistency_transfer,JS Consistency,cnrs_parent_0052,pattern_156,tetragonal,3,0.36665195816527263,0.096458014359614,0,1,1,0,0,0.123291015625,3.2186508178710938e-06,0.12328779697418213,-0.574951171875,-0.9428678750991821,0.36791670322418213,87F2516402635EA010AF00E987172560BB178F024937E2F57A57C9DB331DF0D6
20260715,js_consistency_transfer,JS Consistency,cnrs_parent_0071,pattern_203,tetragonal,3,0.6765780986349492,0.5718744778509808,1,3,4,1,0,0.998046875,0.061126708984375,0.936920166015625,0.996577262878418,-0.833404541015625,1.829981803894043,87F2516402635EA010AF00E987172560BB178F024937E2F57A57C9DB331DF0D6
20260715,js_consistency_transfer,JS Consistency,cnrs_parent_0103,pattern_274,tetragonal,3,0.32250516633351545,0.5220596486546238,1,3,4,1,0,0.8330078125,0.020416259765625,0.812591552734375,0.74639892578125,-0.957611083984375,1.704010009765625,87F2516402635EA010AF00E987172560BB178F024937E2F57A57C9DB331DF0D6
20260715,js_consistency_transfer,JS Consistency,cnrs_parent_0104,pattern_278,tetragonal,3,0.03493101863877446,0.03052751217505155,0,4,4,0,0,7.021427154541016e-05,4.0531158447265625e-05,2.968311309814453e-05,-0.6522735357284546,-0.6064047813415527,-0.045868754386901855,87F2516402635EA010AF00E987172560BB178F024937E2F57A57C9DB331DF0D6
20260715,js_consistency_transfer,JS Consistency,cnrs_parent_0106,pattern_283,tetragonal,3,0.08342949062471272,0.08791764740503771,0,0,0,0,0,1.6093254089355469e-06,5.7220458984375e-06,-4.112720489501953e-06,-0.8759749531745911,-0.6015567779541016,-0.2744181752204895,87F2516402635EA010AF00E987172560BB178F024937E2F57A57C9DB331DF0D6
20260715,js_consistency_transfer,JS Consistency,cnrs_parent_0107,pattern_288,tetragonal,3,0.2777813756276657,0.36063434667517097,1,3,4,1,0,0.4765625,0.034210205078125,0.442352294921875,0.19140625,-0.886688232421875,1.078094482421875,87F2516402635EA010AF00E987172560BB178F024937E2F57A57C9DB331DF0D6
20260715,js_consistency_transfer,JS Consistency,cnrs_parent_0108,pattern_294,tetragonal,3,1.5729294941931855,0.6928525552373119,1,4,0,0,0,0.004787445068359375,0.0,0.004787445068359375,-0.6207008361816406,-0.93701171875,0.3163108825683594,87F2516402635EA010AF00E987172560BB178F024937E2F57A57C9DB331DF0D6
20260715,js_consistency_transfer,JS Consistency,cnrs_parent_0117,pattern_324,tetragonal,3,0.4313334267660113,0.06047285869251304,0,3,3,1,1,0.7978515625,0.9697265625,-0.171875,0.614990234375,0.9526519775390625,-0.3376617431640625,87F2516402635EA010AF00E987172560BB178F024937E2F57A57C9DB331DF0D6
20260715,js_consistency_transfer,JS Consistency,cnrs_parent_0118,pattern_327,tetragonal,3,0.21558302538457463,0.3889968120169536,1,3,4,1,0,0.8330078125,0.06414794921875,0.76885986328125,0.6715087890625,-0.40435791015625,1.07586669921875,87F2516402635EA010AF00E987172560BB178F024937E2F57A57C9DB331DF0D6
20260715,js_consistency_transfer,JS Consistency,cnrs_parent_0144,pattern_409,tetragonal,3,1.1435102101315737,0.6744422163890713,1,5,1,0,0,0.2340087890625,3.4570693969726562e-06,0.23400533199310303,-0.2125244140625,-0.891598105430603,0.679073691368103,87F2516402635EA010AF00E987172560BB178F024937E2F57A57C9DB331DF0D6
20260715,js_consistency_transfer,JS Consistency,cnrs_parent_0155,pattern_448,tetragonal,3,0.12986924529026567,0.08890383194513504,0,3,3,1,1,0.7099609375,0.9794921875,-0.26953125,0.439453125,0.9705581665039062,-0.5311050415039062,87F2516402635EA010AF00E987172560BB178F024937E2F57A57C9DB331DF0D6
20260715,js_consistency_transfer,JS Consistency,cnrs_parent_0166,pattern_475,tetragonal,3,0.2747945754309965,0.24529095936887524,1,3,4,1,0,0.40771484375,0.039398193359375,0.368316650390625,0.071044921875,-0.916656494140625,0.987701416015625,87F2516402635EA010AF00E987172560BB178F024937E2F57A57C9DB331DF0D6
20260715,js_consistency_transfer,JS Consistency,cnrs_parent_0185,pattern_533,tetragonal,3,1.484261080018464,0.6802392591792872,1,5,0,0,0,0.02874755859375,8.344650268554688e-07,0.028746724128723145,-0.84283447265625,-0.5312491655349731,-0.31158530712127686,87F2516402635EA010AF00E987172560BB178F024937E2F57A57C9DB331DF0D6
20260715,js_consistency_transfer,JS Consistency,cnrs_parent_0201,pattern_576,tetragonal,3,0.28678123103068176,0.46422499219027985,1,3,4,1,0,0.7255859375,0.007511138916015625,0.7180747985839844,0.5989990234375,-0.9797935485839844,1.5787925720214844,87F2516402635EA010AF00E987172560BB178F024937E2F57A57C9DB331DF0D6
20260715,js_consistency_transfer,JS Consistency,cnrs_parent_0215,pattern_606,tetragonal,3,0.055198763506092985,0.13328953590131962,0,0,0,0,0,0.00010752677917480469,8.940696716308594e-07,0.00010663270950317383,-0.5223534107208252,-0.9516592621803284,0.4293058514595032,87F2516402635EA010AF00E987172560BB178F024937E2F57A57C9DB331DF0D6
20260715,js_consistency_transfer,JS Consistency,cnrs_parent_0218,pattern_615,tetragonal,3,0.27347123727849776,0.19482794143522486,0,4,4,0,0,0.2568359375,0.03424072265625,0.22259521484375,-0.185302734375,-0.92816162109375,0.74285888671875,87F2516402635EA010AF00E987172560BB178F024937E2F57A57C9DB331DF0D6
20260715,js_consistency_transfer,JS Consistency,cnrs_parent_0225,pattern_631,tetragonal,3,0.393566286968969,0.33804947271907954,1,3,4,1,0,0.583984375,0.08355712890625,0.50042724609375,0.3792724609375,-0.81146240234375,1.19073486328125,87F2516402635EA010AF00E987172560BB178F024937E2F57A57C9DB331DF0D6
20260715,js_consistency_transfer,JS Consistency,cnrs_parent_0226,pattern_633,tetragonal,3,1.1406479107665146,0.42708628415822597,1,3,6,1,0,0.3896484375,0.08575439453125,0.30389404296875,0.114013671875,-0.40838623046875,0.52239990234375,87F2516402635EA010AF00E987172560BB178F024937E2F57A57C9DB331DF0D6
20260715,js_consistency_transfer,JS Consistency,cnrs_parent_0228,pattern_638,tetragonal,3,0.10814249471471249,0.027566147867139547,0,1,1,0,0,0.06402587890625,0.00347900390625,0.060546875,-0.83392333984375,-0.97845458984375,0.14453125,87F2516402635EA010AF00E987172560BB178F024937E2F57A57C9DB331DF0D6
20260715,js_consistency_transfer,JS Consistency,cnrs_parent_0231,pattern_648,tetragonal,3,0.8613753611169646,0.4884094573315907,1,3,1,1,0,0.603515625,0.0,0.603515625,0.362060546875,-0.97265625,1.334716796875,87F2516402635EA010AF00E987172560BB178F024937E2F57A57C9DB331DF0D6
20260715,js_consistency_transfer,JS Consistency,cnrs_parent_0239,pattern_682,tetragonal,3,0.392783297428533,0.2717395962793343,1,6,0,0,0,0.0251617431640625,0.00804901123046875,0.01711273193359375,-0.2792816162109375,-0.47998809814453125,0.20070648193359375,87F2516402635EA010AF00E987172560BB178F024937E2F57A57C9DB331DF0D6
20260715,js_consistency_transfer,JS Consistency,cnrs_parent_0247,pattern_724,tetragonal,3,0.2783775089637667,0.5719450866241278,1,3,0,1,0,0.97119140625,0.0439453125,0.92724609375,0.949310302734375,-0.7998046875,1.749114990234375,87F2516402635EA010AF00E987172560BB178F024937E2F57A57C9DB331DF0D6
20260715,js_consistency_transfer,JS Consistency,cnrs_parent_0250,pattern_744,tetragonal,3,0.3150520771938843,0.5454483166479306,1,3,4,1,0,0.79248046875,0.0137176513671875,0.7787628173828125,0.69403076171875,-0.9608917236328125,1.6549224853515625,87F2516402635EA010AF00E987172560BB178F024937E2F57A57C9DB331DF0D6
20260715,js_consistency_transfer,JS Consistency,cnrs_parent_0252,pattern_751,tetragonal,3,1.4359249575225956,0.69180884506368,1,6,2,0,0,0.0,0.005336761474609375,-0.005336761474609375,-0.99951171875,-0.9580421447753906,-0.041469573974609375,87F2516402635EA010AF00E987172560BB178F024937E2F57A57C9DB331DF0D6
20260715,js_consistency_transfer,JS Consistency,cnrs_parent_0258,pattern_772,tetragonal,3,0.2328591308384529,0.16874736457444023,0,4,4,0,0,0.1275634765625,0.150146484375,-0.0225830078125,-0.2647705078125,-0.676025390625,0.4112548828125,87F2516402635EA010AF00E987172560BB178F024937E2F57A57C9DB331DF0D6
20260715,js_consistency_transfer,JS Consistency,cnrs_parent_0263,pattern_785,tetragonal,3,0.3229587616589892,0.3017281213610196,1,5,4,0,0,0.28662109375,0.09503173828125,0.19158935546875,-0.150634765625,-0.77850341796875,0.62786865234375,87F2516402635EA010AF00E987172560BB178F024937E2F57A57C9DB331DF0D6
20260715,js_consistency_transfer,JS Consistency,cnrs_parent_0275,pattern_837,tetragonal,3,0.9446612285898023,0.6912597126811801,1,5,1,0,0,0.0019989013671875,0.00017976760864257812,0.0018191337585449219,-0.9940948486328125,-0.9871249198913574,-0.006969928741455078,87F2516402635EA010AF00E987172560BB178F024937E2F57A57C9DB331DF0D6
20260715,js_consistency_transfer,JS Consistency,cnrs_parent_0279,pattern_841,tetragonal,3,0.28890062940056527,0.4902340203972596,1,3,4,1,0,0.7060546875,0.016876220703125,0.689178466796875,0.59967041015625,-0.944061279296875,1.543731689453125,87F2516402635EA010AF00E987172560BB178F024937E2F57A57C9DB331DF0D6
20260715,js_consistency_transfer,JS Consistency,cnrs_parent_0280,pattern_844,tetragonal,3,0.2640318689359218,0.2497795039187828,1,1,4,0,0,0.013427734375,0.1395263671875,-0.1260986328125,-0.547119140625,-0.5689697265625,0.0218505859375,87F2516402635EA010AF00E987172560BB178F024937E2F57A57C9DB331DF0D6
20260715,js_consistency_transfer,JS Consistency,cnrs_parent_0304,pattern_928,tetragonal,3,0.296178517784348,0.3038729406553615,1,1,4,0,0,0.013519287109375,0.343994140625,-0.330474853515625,-0.551422119140625,-0.156494140625,-0.394927978515625,87F2516402635EA010AF00E987172560BB178F024937E2F57A57C9DB331DF0D6
20260715,js_consistency_transfer,JS Consistency,cnrs_parent_0315,pattern_963,tetragonal,3,0.19355666448283904,0.29202489493740824,1,3,4,1,0,0.6298828125,0.10699462890625,0.52288818359375,0.483154296875,-0.72796630859375,1.21112060546875,87F2516402635EA010AF00E987172560BB178F024937E2F57A57C9DB331DF0D6
20260715,js_consistency_transfer,JS Consistency,cnrs_parent_0317,pattern_966,tetragonal,3,0.2120672844935686,0.08113603524193014,0,4,4,0,0,0.1683349609375,0.07049560546875,0.09783935546875,-0.4332275390625,-0.83135986328125,0.39813232421875,87F2516402635EA010AF00E987172560BB178F024937E2F57A57C9DB331DF0D6
20260715,js_consistency_transfer,JS Consistency,cnrs_parent_0319,pattern_975,tetragonal,3,0.17657336400377432,0.008940633437001638,0,0,0,0,0,0.0,5.900859832763672e-06,-5.900859832763672e-06,-0.923828125,-0.9760683178901672,0.052240192890167236,87F2516402635EA010AF00E987172560BB178F024937E2F57A57C9DB331DF0D6
20260715,js_consistency_transfer,JS Consistency,cnrs_parent_0006,pattern_1020,tetragonal,3,0.25405429264872725,0.24203187761768358,1,1,4,0,0,0.07470703125,0.267578125,-0.19287109375,-0.412841796875,-0.4453125,0.032470703125,87F2516402635EA010AF00E987172560BB178F024937E2F57A57C9DB331DF0D6
20260715,js_consistency_transfer,JS Consistency,cnrs_parent_0022,pattern_1049,tetragonal,3,0.17937546765970425,0.22791549889083637,0,3,3,1,1,0.97998046875,0.4169921875,0.56298828125,0.9656982421875,0.1942138671875,0.771484375,87F2516402635EA010AF00E987172560BB178F024937E2F57A57C9DB331DF0D6
20260715,js_consistency_transfer,JS Consistency,cnrs_parent_0075,pattern_21,trigonal,4,0.29297481911704426,0.13828112846935894,0,1,1,0,0,0.04071044921875,0.2371826171875,-0.19647216796875,-0.84698486328125,-0.1864013671875,-0.66058349609375,87F2516402635EA010AF00E987172560BB178F024937E2F57A57C9DB331DF0D6
20260715,js_consistency_transfer,JS Consistency,cnrs_parent_0309,pattern_95,trigonal,4,0.3291601430648725,0.16753827743317132,0,1,1,0,0,0.1287841796875,1.049041748046875e-05,0.12877368927001953,-0.6627197265625,-0.5756731033325195,-0.08704662322998047,87F2516402635EA010AF00E987172560BB178F024937E2F57A57C9DB331DF0D6
20260715,js_consistency_transfer,JS Consistency,cnrs_parent_0026,pattern_107,trigonal,4,0.9481001012900613,0.3256063141114799,1,4,5,1,0,0.52001953125,0.00296783447265625,0.5170516967773438,0.15185546875,-0.5150985717773438,0.6669540405273438,87F2516402635EA010AF00E987172560BB178F024937E2F57A57C9DB331DF0D6
20260715,js_consistency_transfer,JS Consistency,cnrs_parent_0041,pattern_127,trigonal,4,0.701127892614666,0.33536364315423456,1,6,1,0,0,0.293701171875,4.172325134277344e-07,0.2937007546424866,-0.05517578125,-0.9995113015174866,0.9443355202674866,87F2516402635EA010AF00E987172560BB178F024937E2F57A57C9DB331DF0D6
20260715,js_consistency_transfer,JS Consistency,cnrs_parent_0047,pattern_142,trigonal,4,0.07831668821185367,0.04670413724933805,0,1,1,0,0,0.1595458984375,0.01511383056640625,0.14443206787109375,-0.6534423828125,-0.9687728881835938,0.31533050537109375,87F2516402635EA010AF00E987172560BB178F024937E2F57A57C9DB331DF0D6
20260715,js_consistency_transfer,JS Consistency,cnrs_parent_0050,pattern_150,trigonal,4,1.6400479212989687,0.6930978814543223,1,6,0,0,0,0.2327880859375,0.0,0.2327880859375,-0.4459228515625,-0.99951171875,0.5535888671875,87F2516402635EA010AF00E987172560BB178F024937E2F57A57C9DB331DF0D6
20260715,js_consistency_transfer,JS Consistency,cnrs_parent_0058,pattern_171,trigonal,4,0.102508456919013,0.07472613005177278,0,0,0,0,0,1.1920928955078125e-07,0.0,1.1920928955078125e-07,-0.7807615995407104,-0.99658203125,0.21582043170928955,87F2516402635EA010AF00E987172560BB178F024937E2F57A57C9DB331DF0D6
20260715,js_consistency_transfer,JS Consistency,cnrs_parent_0068,pattern_194,trigonal,4,0.3378589207801118,0.016834483968153225,0,1,1,0,0,4.667043685913086e-05,0.002300262451171875,-0.002253592014312744,-0.9994650483131409,-0.9474067687988281,-0.052058279514312744,87F2516402635EA010AF00E987172560BB178F024937E2F57A57C9DB331DF0D6
20260715,js_consistency_transfer,JS Consistency,cnrs_parent_0112,pattern_308,trigonal,4,0.3652481672269765,0.08500486241261808,0,1,1,0,0,0.1707763671875,0.0002853870391845703,0.17049098014831543,-0.6348876953125,-0.8654372692108154,0.23054957389831543,87F2516402635EA010AF00E987172560BB178F024937E2F57A57C9DB331DF0D6
20260715,js_consistency_transfer,JS Consistency,cnrs_parent_0116,pattern_323,trigonal,4,0.941972097680243,0.06312151662629445,0,4,4,1,1,0.9970703125,0.826171875,0.1708984375,0.995025634765625,0.7720947265625,0.222930908203125,87F2516402635EA010AF00E987172560BB178F024937E2F57A57C9DB331DF0D6
20260715,js_consistency_transfer,JS Consistency,cnrs_parent_0125,pattern_354,trigonal,4,0.4178213301652993,0.041731725781600865,0,0,0,0,0,0.003887176513671875,0.0005273818969726562,0.0033597946166992188,-0.8716011047363281,-0.9970312118530273,0.12543010711669922,87F2516402635EA010AF00E987172560BB178F024937E2F57A57C9DB331DF0D6
20260715,js_consistency_transfer,JS Consistency,cnrs_parent_0126,pattern_357,trigonal,4,0.4300088566078786,0.12109639287445399,0,1,1,0,0,0.201416015625,0.0174560546875,0.1839599609375,-0.582763671875,-0.7174072265625,0.1346435546875,87F2516402635EA010AF00E987172560BB178F024937E2F57A57C9DB331DF0D6
20260715,js_consistency_transfer,JS Consistency,cnrs_parent_0141,pattern_398,trigonal,4,0.3470924069274427,0.5459617114319284,1,4,0,1,0,0.9755859375,0.045806884765625,0.929779052734375,0.9624099731445312,-0.591400146484375,1.5538101196289062,87F2516402635EA010AF00E987172560BB178F024937E2F57A57C9DB331DF0D6
20260715,js_consistency_transfer,JS Consistency,cnrs_parent_0145,pattern_413,trigonal,4,0.2634677131220883,0.34550568162658146,1,4,1,1,0,0.60498046875,9.40561294555664e-05,0.6048864126205444,0.33349609375,-0.9212926626205444,1.2547887563705444,87F2516402635EA010AF00E987172560BB178F024937E2F57A57C9DB331DF0D6
20260715,js_consistency_transfer,JS Consistency,cnrs_parent_0146,pattern_415,trigonal,4,0.27317525586084634,0.028284711803992404,0,1,1,0,0,0.0159759521484375,0.0008592605590820312,0.015116691589355469,-0.9161529541015625,-0.868769645690918,-0.04738330841064453,87F2516402635EA010AF00E987172560BB178F024937E2F57A57C9DB331DF0D6
20260715,js_consistency_transfer,JS Consistency,cnrs_parent_0157,pattern_452,trigonal,4,0.36591043391191735,0.03819263109716213,0,1,1,0,0,0.06365966796875,0.00022041797637939453,0.0634392499923706,-0.85333251953125,-0.9065178632736206,0.053185343742370605,87F2516402635EA010AF00E987172560BB178F024937E2F57A57C9DB331DF0D6
20260715,js_consistency_transfer,JS Consistency,cnrs_parent_0179,pattern_506,trigonal,4,0.8817257448805411,0.6895019427897502,1,4,2,1,0,0.99951171875,0.0007805824279785156,0.9987311363220215,0.9993643760681152,-0.5124030113220215,1.5117673873901367,87F2516402635EA010AF00E987172560BB178F024937E2F57A57C9DB331DF0D6
20260715,js_consistency_transfer,JS Consistency,cnrs_parent_0208,pattern_587,trigonal,4,0.04695668325010616,0.0013282746419924153,0,0,0,0,0,1.138448715209961e-05,5.960464477539063e-08,1.1324882507324219e-05,-0.9960823655128479,-0.9999999403953552,0.003917574882507324,87F2516402635EA010AF00E987172560BB178F024937E2F57A57C9DB331DF0D6
20260715,js_consistency_transfer,JS Consistency,cnrs_parent_0211,pattern_591,trigonal,4,0.17071964705225928,0.0184899424888195,0,0,0,0,0,0.002674102783203125,3.5762786865234375e-07,0.0026737451553344727,-0.7209587097167969,-0.5468746423721313,-0.17408406734466553,87F2516402635EA010AF00E987172560BB178F024937E2F57A57C9DB331DF0D6
20260715,js_consistency_transfer,JS Consistency,cnrs_parent_0220,pattern_617,trigonal,4,0.3128253004641598,0.1870805196041635,0,1,1,0,0,0.08905029296875,1.3709068298339844e-06,0.08904892206192017,-0.63067626953125,-0.5869126915931702,-0.043763577938079834,87F2516402635EA010AF00E987172560BB178F024937E2F57A57C9DB331DF0D6
20260715,js_consistency_transfer,JS Consistency,cnrs_parent_0237,pattern_673,trigonal,4,1.5372506928365228,0.693145999441596,1,6,0,0,0,1.0728836059570312e-06,4.76837158203125e-07,5.960464477539062e-07,-0.999998927116394,-0.9956049919128418,-0.004393935203552246,87F2516402635EA010AF00E987172560BB178F024937E2F57A57C9DB331DF0D6
20260715,js_consistency_transfer,JS Consistency,cnrs_parent_0246,pattern_722,trigonal,4,0.04690111073230363,0.16650260619144852,1,2,1,0,0,0.003780364990234375,0.00588226318359375,-0.002101898193359375,-0.9088172912597656,-0.5986099243164062,-0.3102073669433594,87F2516402635EA010AF00E987172560BB178F024937E2F57A57C9DB331DF0D6
20260715,js_consistency_transfer,JS Consistency,cnrs_parent_0248,pattern_736,trigonal,4,0.1499851463864722,0.1521565741375473,0,1,1,0,0,0.0005812644958496094,2.682209014892578e-06,0.0005785822868347168,-0.4779343605041504,-0.7929660677909851,0.3150317072868347,87F2516402635EA010AF00E987172560BB178F024937E2F57A57C9DB331DF0D6
20260715,js_consistency_transfer,JS Consistency,cnrs_parent_0270,pattern_820,trigonal,4,0.2486457489479833,0.2052045980316781,1,2,4,0,1,0.396240234375,0.83740234375,-0.441162109375,-0.179931640625,0.73382568359375,-0.91375732421875,87F2516402635EA010AF00E987172560BB178F024937E2F57A57C9DB331DF0D6
20260715,js_consistency_transfer,JS Consistency,cnrs_parent_0272,pattern_826,trigonal,4,0.13620247867717383,0.39078567001993636,1,4,3,1,0,0.83544921875,0.057037353515625,0.778411865234375,0.7205810546875,-0.394134521484375,1.114715576171875,87F2516402635EA010AF00E987172560BB178F024937E2F57A57C9DB331DF0D6
20260715,js_consistency_transfer,JS Consistency,cnrs_parent_0276,pattern_838,trigonal,4,0.12904396841106236,0.04320923810235041,0,4,4,1,1,0.499755859375,0.55224609375,-0.052490234375,0.183349609375,0.12890625,0.054443359375,87F2516402635EA010AF00E987172560BB178F024937E2F57A57C9DB331DF0D6
20260715,js_consistency_transfer,JS Consistency,cnrs_parent_0277,pattern_839,trigonal,4,1.5287687325820998,0.6929119353753965,1,4,0,1,0,0.6845703125,5.960464477539063e-08,0.6845702528953552,0.486083984375,-0.9599608778953552,1.4460448622703552,87F2516402635EA010AF00E987172560BB178F024937E2F57A57C9DB331DF0D6
20260715,js_consistency_transfer,JS Consistency,cnrs_parent_0278,pattern_840,trigonal,4,0.16979017779795147,0.0003718092826681246,0,0,0,0,0,9.173154830932617e-05,5.960464477539063e-08,9.167194366455078e-05,-0.8622129559516907,-0.8457030653953552,-0.01650989055633545,87F2516402635EA010AF00E987172560BB178F024937E2F57A57C9DB331DF0D6
20260715,js_consistency_transfer,JS Consistency,cnrs_parent_0289,pattern_878,trigonal,4,0.3389773829307523,0.006790380064887375,0,1,1,0,0,0.00620269775390625,5.960464477539063e-08,0.006202638149261475,-0.9815902709960938,-0.9853515028953552,0.0037612318992614746,87F2516402635EA010AF00E987172560BB178F024937E2F57A57C9DB331DF0D6
20260715,js_consistency_transfer,JS Consistency,cnrs_parent_0302,pattern_915,trigonal,4,0.675915817620278,0.6884853024814579,1,4,0,1,0,0.90234375,0.0001704692840576172,0.9021732807159424,0.8126220703125,-0.9964115619659424,1.8090336322784424,87F2516402635EA010AF00E987172560BB178F024937E2F57A57C9DB331DF0D6
20260715,js_consistency_transfer,JS Consistency,cnrs_parent_0308,pattern_943,trigonal,4,0.1516225926168394,0.3053851133475907,1,1,0,0,0,2.86102294921875e-06,1.1920928955078125e-07,2.7418136596679688e-06,-0.9204072952270508,-0.8017576932907104,-0.11864960193634033,87F2516402635EA010AF00E987172560BB178F024937E2F57A57C9DB331DF0D6
20260715,js_consistency_transfer,JS Consistency,cnrs_parent_0313,pattern_960,trigonal,4,0.16957100761840627,1.9821813042591903e-05,0,4,4,1,1,1.0,1.0,0.0,0.9999510049819946,0.9999955892562866,-4.458427429199219e-05,87F2516402635EA010AF00E987172560BB178F024937E2F57A57C9DB331DF0D6
20260715,js_consistency_transfer,JS Consistency,cnrs_parent_0012,pattern_1030,trigonal,4,0.10925147706086324,0.5000423931288029,1,6,4,0,1,0.04180908203125,0.9345703125,-0.89276123046875,-0.91326904296875,0.881011962890625,-1.794281005859375,87F2516402635EA010AF00E987172560BB178F024937E2F57A57C9DB331DF0D6
20260715,js_consistency_transfer,JS Consistency,cnrs_parent_0057,pattern_17,hexagonal,5,0.16684699967143413,0.003471175556500873,0,4,4,0,0,0.268798828125,0.19921875,0.069580078125,-0.462158203125,-0.60107421875,0.138916015625,87F2516402635EA010AF00E987172560BB178F024937E2F57A57C9DB331DF0D6
20260715,js_consistency_transfer,JS Consistency,cnrs_parent_0065,pattern_19,hexagonal,5,0.17074168765966824,0.1746941329818414,1,2,4,0,0,0.035247802734375,0.016510009765625,0.01873779296875,-0.373931884765625,-0.899993896484375,0.52606201171875,87F2516402635EA010AF00E987172560BB178F024937E2F57A57C9DB331DF0D6
20260715,js_consistency_transfer,JS Consistency,cnrs_parent_0061,pattern_176,hexagonal,5,0.21719282542756813,0.38750111344074323,1,2,4,0,0,0.0843505859375,0.0126495361328125,0.0717010498046875,-0.6807861328125,-0.9214324951171875,0.2406463623046875,87F2516402635EA010AF00E987172560BB178F024937E2F57A57C9DB331DF0D6
20260715,js_consistency_transfer,JS Consistency,cnrs_parent_0073,pattern_207,hexagonal,5,0.37297049087213574,0.2338340903600146,1,4,1,0,0,0.0008606910705566406,8.356571197509766e-05,0.000777125358581543,-0.7198424339294434,-0.4552386999130249,-0.26460373401641846,87F2516402635EA010AF00E987172560BB178F024937E2F57A57C9DB331DF0D6
20260715,js_consistency_transfer,JS Consistency,cnrs_parent_0093,pattern_249,hexagonal,5,0.07575454364204937,0.07269603075476821,0,5,5,1,1,0.73583984375,0.89697265625,-0.1611328125,0.479736328125,0.82861328125,-0.348876953125,87F2516402635EA010AF00E987172560BB178F024937E2F57A57C9DB331DF0D6
20260715,js_consistency_transfer,JS Consistency,cnrs_parent_0096,pattern_257,hexagonal,5,0.14511140348039364,0.25021862021071045,1,4,5,0,1,0.287109375,0.9033203125,-0.6162109375,-0.42333984375,0.837890625,-1.26123046875,87F2516402635EA010AF00E987172560BB178F024937E2F57A57C9DB331DF0D6
20260715,js_consistency_transfer,JS Consistency,cnrs_parent_0132,pattern_367,hexagonal,5,0.14720298436063772,0.05566936291625217,0,1,1,0,0,8.64267349243164e-06,0.0,8.64267349243164e-06,-0.8256749510765076,-0.7373046875,-0.08837026357650757,87F2516402635EA010AF00E987172560BB178F024937E2F57A57C9DB331DF0D6
20260715,js_consistency_transfer,JS Consistency,cnrs_parent_0159,pattern_457,hexagonal,5,0.4427069526622067,0.13185338386941678,0,2,2,0,0,0.0016908645629882812,0.07513427734375,-0.07344341278076172,-0.4128599166870117,-0.67926025390625,0.2664003372192383,87F2516402635EA010AF00E987172560BB178F024937E2F57A57C9DB331DF0D6
20260715,js_consistency_transfer,JS Consistency,cnrs_parent_0216,pattern_608,hexagonal,5,0.6697262109501831,0.6919354616160378,1,4,0,0,0,0.00017917156219482422,1.7881393432617188e-07,0.00017899274826049805,-0.9998208284378052,-0.6889646649360657,-0.3108561635017395,87F2516402635EA010AF00E987172560BB178F024937E2F57A57C9DB331DF0D6
20260715,js_consistency_transfer,JS Consistency,cnrs_parent_0223,pattern_627,hexagonal,5,0.20902514198985667,0.0005071411227655135,0,5,5,1,1,0.99853515625,1.0,-0.00146484375,0.9969806671142578,0.9999772310256958,-0.0029965639114379883,87F2516402635EA010AF00E987172560BB178F024937E2F57A57C9DB331DF0D6
20260715,js_consistency_transfer,JS Consistency,cnrs_parent_0288,pattern_873,hexagonal,5,0.5514272420295594,0.15005220518067028,0,2,2,0,0,0.0012292861938476562,0.0142059326171875,-0.012976646423339844,-0.7287511825561523,-0.5561065673828125,-0.17264461517333984,87F2516402635EA010AF00E987172560BB178F024937E2F57A57C9DB331DF0D6
20260715,js_consistency_transfer,JS Consistency,cnrs_parent_0300,pattern_909,hexagonal,5,0.12908692324014193,0.08975109573948356,0,1,1,0,0,0.03826904296875,0.032989501953125,0.005279541015625,-0.59161376953125,-0.904998779296875,0.313385009765625,87F2516402635EA010AF00E987172560BB178F024937E2F57A57C9DB331DF0D6
20260715,js_consistency_transfer,JS Consistency,cnrs_parent_0069,pattern_2,cubic,6,0.9807529896787728,0.689729636814362,1,6,0,1,0,0.984375,0.0,0.984375,0.9700546264648438,-0.99755859375,1.9676132202148438,87F2516402635EA010AF00E987172560BB178F024937E2F57A57C9DB331DF0D6
20260715,js_consistency_transfer,JS Consistency,cnrs_parent_0083,pattern_23,cubic,6,0.13976367655983535,0.4265285775915373,1,0,1,0,0,0.0,0.0,0.0,-0.92919921875,-0.91943359375,-0.009765625,87F2516402635EA010AF00E987172560BB178F024937E2F57A57C9DB331DF0D6
20260715,js_consistency_transfer,JS Consistency,cnrs_parent_0097,pattern_26,cubic,6,0.2865542372869222,0.0006629419496216246,0,6,6,1,1,0.998046875,1.0,-0.001953125,0.9962224960327148,0.9998983144760132,-0.00367581844329834,87F2516402635EA010AF00E987172560BB178F024937E2F57A57C9DB331DF0D6
20260715,js_consistency_transfer,JS Consistency,cnrs_parent_0101,pattern_27,cubic,6,1.0803209803886404,0.6894242464933712,1,6,1,1,0,0.99560546875,0.0,0.99560546875,0.9923667907714844,-0.994140625,1.9865074157714844,87F2516402635EA010AF00E987172560BB178F024937E2F57A57C9DB331DF0D6
20260715,js_consistency_transfer,JS Consistency,cnrs_parent_0142,pattern_40,cubic,6,0.20780223376979456,0.05825477272703976,0,6,6,1,1,0.99951171875,0.8388671875,0.16064453125,0.999197244644165,0.70166015625,0.29753708839416504,87F2516402635EA010AF00E987172560BB178F024937E2F57A57C9DB331DF0D6
20260715,js_consistency_transfer,JS Consistency,cnrs_parent_0199,pattern_57,cubic,6,1.4349021186325046,0.6930894823366502,1,6,0,1,0,0.986328125,0.0,0.986328125,0.9796180725097656,-1.0,1.9796180725097656,87F2516402635EA010AF00E987172560BB178F024937E2F57A57C9DB331DF0D6
20260715,js_consistency_transfer,JS Consistency,cnrs_parent_0241,pattern_69,cubic,6,0.18611185084767523,0.0002875486598044087,0,6,6,1,1,1.0,0.9990234375,0.0009765625,0.9999560713768005,0.998206615447998,0.0017494559288024902,87F2516402635EA010AF00E987172560BB178F024937E2F57A57C9DB331DF0D6
20260715,js_consistency_transfer,JS Consistency,cnrs_parent_0290,pattern_88,cubic,6,0.14610719779504622,0.09318406440116947,1,1,0,0,0,0.0,9.5367431640625e-07,-9.5367431640625e-07,-0.8759765625,-0.4987783432006836,-0.3771982192993164,87F2516402635EA010AF00E987172560BB178F024937E2F57A57C9DB331DF0D6
20260715,js_consistency_transfer,JS Consistency,cnrs_parent_0029,pattern_110,cubic,6,1.4776575678676185,0.692419458227376,1,6,0,1,0,0.99853515625,8.821487426757812e-06,0.9985263347625732,0.9969501495361328,-0.9643466472625732,1.961296796798706,87F2516402635EA010AF00E987172560BB178F024937E2F57A57C9DB331DF0D6
20260715,js_consistency_transfer,JS Consistency,cnrs_parent_0035,pattern_119,cubic,6,1.3128910696504035,0.6882217152985474,1,6,4,1,0,0.99853515625,3.784894943237305e-05,0.9984973073005676,0.9975743293762207,-0.4909289479255676,1.4885032773017883,87F2516402635EA010AF00E987172560BB178F024937E2F57A57C9DB331DF0D6
20260715,js_consistency_transfer,JS Consistency,cnrs_parent_0040,pattern_126,cubic,6,1.351124369808667,0.6726685950678866,1,4,1,0,0,0.05303955078125,0.0008192062377929688,0.05222034454345703,-0.87811279296875,-0.888829231262207,0.010716438293457031,87F2516402635EA010AF00E987172560BB178F024937E2F57A57C9DB331DF0D6
20260715,js_consistency_transfer,JS Consistency,cnrs_parent_0062,pattern_178,cubic,6,0.24124549644209825,0.35350076671099256,1,1,0,0,0,5.960464477539063e-08,0.0,5.960464477539063e-08,-0.7382811903953552,-0.9931640625,0.2548828721046448,87F2516402635EA010AF00E987172560BB178F024937E2F57A57C9DB331DF0D6
20260715,js_consistency_transfer,JS Consistency,cnrs_parent_0067,pattern_193,cubic,6,0.13533993856639015,0.062488886511092516,0,4,4,0,0,0.1746826171875,0.0009360313415527344,0.17374658584594727,-0.6427001953125,-0.9922280311584473,0.34952783584594727,87F2516402635EA010AF00E987172560BB178F024937E2F57A57C9DB331DF0D6
20260715,js_consistency_transfer,JS Consistency,cnrs_parent_0077,pattern_215,cubic,6,1.5820625357484122,0.6931259808304375,1,6,0,1,0,1.0,0.0,1.0,0.9999961256980896,-0.99267578125,1.9926719069480896,87F2516402635EA010AF00E987172560BB178F024937E2F57A57C9DB331DF0D6
20260715,js_consistency_transfer,JS Consistency,cnrs_parent_0085,pattern_236,cubic,6,0.038444039320817636,0.007136315257556382,0,6,6,1,1,0.99951171875,0.97607421875,0.0234375,0.9989738464355469,0.9629974365234375,0.035976409912109375,87F2516402635EA010AF00E987172560BB178F024937E2F57A57C9DB331DF0D6
20260715,js_consistency_transfer,JS Consistency,cnrs_parent_0105,pattern_279,cubic,6,1.3562271330502065,0.6904611958056184,1,6,1,1,0,0.99853515625,0.0,0.99853515625,0.9974126815795898,-0.90283203125,1.9002447128295898,87F2516402635EA010AF00E987172560BB178F024937E2F57A57C9DB331DF0D6
20260715,js_consistency_transfer,JS Consistency,cnrs_parent_0127,pattern_360,cubic,6,1.4671187243886048,0.6883894760764562,1,6,0,1,0,0.998046875,0.0,0.998046875,0.9969453811645508,-0.5771484375,1.5740938186645508,87F2516402635EA010AF00E987172560BB178F024937E2F57A57C9DB331DF0D6
20260715,js_consistency_transfer,JS Consistency,cnrs_parent_0129,pattern_363,cubic,6,1.3102240199267414,0.6931379688244398,1,6,0,1,0,0.99951171875,0.0,0.99951171875,0.9992265701293945,-0.98046875,1.9796953201293945,87F2516402635EA010AF00E987172560BB178F024937E2F57A57C9DB331DF0D6
20260715,js_consistency_transfer,JS Consistency,cnrs_parent_0131,pattern_366,cubic,6,0.5457697097207299,0.5015253116373323,1,6,2,1,0,0.779296875,1.0728836059570312e-06,0.779295802116394,0.5845947265625,-0.619139552116394,1.203734278678894,87F2516402635EA010AF00E987172560BB178F024937E2F57A57C9DB331DF0D6
20260715,js_consistency_transfer,JS Consistency,cnrs_parent_0134,pattern_375,cubic,6,1.3137881507943867,0.6885556545293412,1,6,0,1,0,0.9970703125,0.000308990478515625,0.9967613220214844,0.9943561553955078,-0.8395347595214844,1.8338909149169922,87F2516402635EA010AF00E987172560BB178F024937E2F57A57C9DB331DF0D6
20260715,js_consistency_transfer,JS Consistency,cnrs_parent_0135,pattern_376,cubic,6,0.13817645284053637,0.047605095385170854,0,1,1,0,0,4.76837158203125e-07,3.635883331298828e-06,-3.159046173095703e-06,-0.9868159294128418,-0.8198205828666687,-0.1669953465461731,87F2516402635EA010AF00E987172560BB178F024937E2F57A57C9DB331DF0D6
20260715,js_consistency_transfer,JS Consistency,cnrs_parent_0138,pattern_394,cubic,6,1.2179439208636273,0.6879734928169341,1,6,1,1,0,0.79345703125,0.0,0.79345703125,0.604248046875,-0.96484375,1.569091796875,87F2516402635EA010AF00E987172560BB178F024937E2F57A57C9DB331DF0D6
20260715,js_consistency_transfer,JS Consistency,cnrs_parent_0143,pattern_408,cubic,6,0.05692164381574283,0.12084605212765517,0,1,1,0,0,0.0,0.0,0.0,-0.9609375,-0.57177734375,-0.38916015625,87F2516402635EA010AF00E987172560BB178F024937E2F57A57C9DB331DF0D6
20260715,js_consistency_transfer,JS Consistency,cnrs_parent_0149,pattern_426,cubic,6,1.332281623106394,0.6931115260065417,1,6,2,1,0,1.0,5.960464477539063e-08,0.9999999403953552,0.9999927878379822,-0.5795897841453552,1.5795825719833374,87F2516402635EA010AF00E987172560BB178F024937E2F57A57C9DB331DF0D6
20260715,js_consistency_transfer,JS Consistency,cnrs_parent_0160,pattern_458,cubic,6,0.21552638979045913,0.38953158041000024,1,2,5,0,0,0.01242828369140625,4.935264587402344e-05,0.012378931045532227,-0.6633529663085938,-0.772411584854126,0.10905861854553223,87F2516402635EA010AF00E987172560BB178F024937E2F57A57C9DB331DF0D6
20260715,js_consistency_transfer,JS Consistency,cnrs_parent_0175,pattern_493,cubic,6,0.10723295518120446,0.0023951824951633192,0,1,1,0,0,2.384185791015625e-07,0.0,2.384185791015625e-07,-0.9951169490814209,-0.98046875,-0.014648199081420898,87F2516402635EA010AF00E987172560BB178F024937E2F57A57C9DB331DF0D6
20260715,js_consistency_transfer,JS Consistency,cnrs_parent_0178,pattern_503,cubic,6,0.10440003859959712,0.017223064774990346,0,1,1,0,0,3.5762786865234375e-07,5.364418029785156e-07,-1.7881393432617188e-07,-0.9741207361221313,-0.900390088558197,-0.07373064756393433,87F2516402635EA010AF00E987172560BB178F024937E2F57A57C9DB331DF0D6
20260715,js_consistency_transfer,JS Consistency,cnrs_parent_0183,pattern_527,cubic,6,0.4005535277067651,0.5353761937573602,1,4,5,0,0,0.00281524658203125,0.0189361572265625,-0.01612091064453125,-0.9532394409179688,-0.8604583740234375,-0.09278106689453125,87F2516402635EA010AF00E987172560BB178F024937E2F57A57C9DB331DF0D6
20260715,js_consistency_transfer,JS Consistency,cnrs_parent_0188,pattern_545,cubic,6,0.052398757593237644,0.0647013792327814,0,1,1,0,0,2.384185791015625e-07,0.0,2.384185791015625e-07,-0.9550778865814209,-0.69580078125,-0.2592771053314209,87F2516402635EA010AF00E987172560BB178F024937E2F57A57C9DB331DF0D6
20260715,js_consistency_transfer,JS Consistency,cnrs_parent_0196,pattern_565,cubic,6,0.15406933232957087,0.06504671323176864,0,1,1,0,0,0.0,9.5367431640625e-07,-9.5367431640625e-07,-0.69091796875,-0.9536123275756836,0.2626943588256836,87F2516402635EA010AF00E987172560BB178F024937E2F57A57C9DB331DF0D6
20260715,js_consistency_transfer,JS Consistency,cnrs_parent_0200,pattern_570,cubic,6,0.16009449476216087,0.004970334453371148,0,1,1,0,0,0.0,0.0,0.0,-0.951171875,-0.9736328125,0.0224609375,87F2516402635EA010AF00E987172560BB178F024937E2F57A57C9DB331DF0D6
20260715,js_consistency_transfer,JS Consistency,cnrs_parent_0205,pattern_582,cubic,6,0.16880543181466912,0.002157581195947139,0,6,6,1,1,1.0,0.99365234375,0.00634765625,0.9999954700469971,0.9885597229003906,0.011435747146606445,87F2516402635EA010AF00E987172560BB178F024937E2F57A57C9DB331DF0D6
20260715,js_consistency_transfer,JS Consistency,cnrs_parent_0217,pattern_609,cubic,6,0.11193793354015857,0.05357923831226501,1,0,1,0,0,0.0,1.7881393432617188e-07,-1.7881393432617188e-07,-0.505859375,-0.7744138836860657,0.2685545086860657,87F2516402635EA010AF00E987172560BB178F024937E2F57A57C9DB331DF0D6
20260715,js_consistency_transfer,JS Consistency,cnrs_parent_0229,pattern_644,cubic,6,0.45433906671530755,0.05399380320837871,0,1,1,0,0,0.0006232261657714844,5.960464477539063e-08,0.000623166561126709,-0.7708611488342285,-0.8959960341453552,0.1251348853111267,87F2516402635EA010AF00E987172560BB178F024937E2F57A57C9DB331DF0D6
20260715,js_consistency_transfer,JS Consistency,cnrs_parent_0238,pattern_678,cubic,6,0.050959792032611584,0.0012681094604489723,0,0,0,0,0,0.0,0.0,0.0,-0.98681640625,-0.99560546875,0.0087890625,87F2516402635EA010AF00E987172560BB178F024937E2F57A57C9DB331DF0D6
20260715,js_consistency_transfer,JS Consistency,cnrs_parent_0249,pattern_737,cubic,6,0.1673595604017193,0.01765827564722475,0,1,1,0,0,1.7285346984863281e-06,1.1920928955078125e-07,1.6093254089355469e-06,-0.9838849902153015,-0.9013670682907104,-0.08251792192459106,87F2516402635EA010AF00E987172560BB178F024937E2F57A57C9DB331DF0D6
20260715,js_consistency_transfer,JS Consistency,cnrs_parent_0255,pattern_759,cubic,6,0.012800606276440418,0.16837266433812048,1,6,4,1,0,0.70068359375,0.1461181640625,0.5545654296875,0.401611328125,-0.7078857421875,1.1094970703125,87F2516402635EA010AF00E987172560BB178F024937E2F57A57C9DB331DF0D6
20260715,js_consistency_transfer,JS Consistency,cnrs_parent_0257,pattern_770,cubic,6,0.17882367180285064,0.25822602123003885,1,4,5,0,0,0.020294189453125,0.00012385845184326172,0.02017033100128174,-0.593475341796875,-0.7625714540481567,0.16909611225128174,87F2516402635EA010AF00E987172560BB178F024937E2F57A57C9DB331DF0D6
20260715,js_consistency_transfer,JS Consistency,cnrs_parent_0265,pattern_790,cubic,6,1.245848342297571,0.6930532357034146,1,6,1,1,0,1.0,1.4126300811767578e-05,0.9999858736991882,0.999998927116394,-0.7353374361991882,1.7353363633155823,87F2516402635EA010AF00E987172560BB178F024937E2F57A57C9DB331DF0D6
20260715,js_consistency_transfer,JS Consistency,cnrs_parent_0266,pattern_794,cubic,6,0.12824968740216225,0.006883362526886263,0,6,6,1,1,0.99755859375,0.9755859375,0.02197265625,0.9964008331298828,0.9637298583984375,0.03267097473144531,87F2516402635EA010AF00E987172560BB178F024937E2F57A57C9DB331DF0D6
20260715,js_consistency_transfer,JS Consistency,cnrs_parent_0268,pattern_810,cubic,6,0.016468160858536862,0.02587263590276545,1,1,4,0,0,0.20556640625,0.2392578125,-0.03369140625,-0.124267578125,-0.246826171875,0.12255859375,87F2516402635EA010AF00E987172560BB178F024937E2F57A57C9DB331DF0D6
20260715,js_consistency_transfer,JS Consistency,cnrs_parent_0282,pattern_851,cubic,6,0.48802407603087017,0.33677089451102804,1,3,1,0,0,0.168701171875,0.00037550926208496094,0.16832566261291504,-0.355224609375,-0.606069803237915,0.25084519386291504,87F2516402635EA010AF00E987172560BB178F024937E2F57A57C9DB331DF0D6
20260715,js_consistency_transfer,JS Consistency,cnrs_parent_0303,pattern_919,cubic,6,1.5781217360034714,0.6930147662747145,1,6,0,1,0,1.0,0.0,1.0,0.9999600052833557,-0.98193359375,1.9818935990333557,87F2516402635EA010AF00E987172560BB178F024937E2F57A57C9DB331DF0D6
20260715,js_consistency_transfer,JS Consistency,cnrs_parent_0311,pattern_956,cubic,6,0.07851619395895204,0.15587917188258074,1,0,1,0,0,0.0,0.0,0.0,-0.86572265625,-0.66015625,-0.20556640625,87F2516402635EA010AF00E987172560BB178F024937E2F57A57C9DB331DF0D6
20260715,js_consistency_transfer,JS Consistency,cnrs_parent_0316,pattern_964,cubic,6,0.88131264323006,0.6784817033014314,1,6,5,1,0,0.9951171875,5.424022674560547e-06,0.9951117634773254,0.9909515380859375,-0.6850531697273254,1.676004707813263,87F2516402635EA010AF00E987172560BB178F024937E2F57A57C9DB331DF0D6
20260715,js_consistency_transfer,JS Consistency,cnrs_parent_0001,pattern_1009,cubic,6,1.1356813428098065,0.6822888921155656,1,6,1,1,0,0.984375,0.0,0.984375,0.9691314697265625,-0.947265625,1.9163970947265625,87F2516402635EA010AF00E987172560BB178F024937E2F57A57C9DB331DF0D6
20260715,js_consistency_transfer,JS Consistency,cnrs_parent_0024,pattern_1051,cubic,6,0.19156106802151396,0.5151193525151138,1,1,0,0,0,0.0,0.0,0.0,-0.9990234375,-0.892578125,-0.1064453125,87F2516402635EA010AF00E987172560BB178F024937E2F57A57C9DB331DF0D6
