sample_id,spectrum_path,crystal_system,source,license_or_permission,phase_purity_status,label_evidence,structure_identifier,spectrum_sha256,rruff_id,mineral_name,ideal_formula_display,ideal_formula_raw,measured_chemistry_raw,space_group,rruff_cell_crystal_system,sample_description,identification_status,official_record_url,raw_archive_member,raw_member_sha256,dif_archive_member,dif_member_sha256,evidence_path,dif_evidence_path,original_two_theta_min,original_two_theta_max,original_step_median,detected_peak_count_qc,contrast_q99_minus_q10,median_intensity_norm_10_80,negative_fraction_10_80,strict_matched_mp_id,strict_matched_mp_split,overlap_status,overlap_audit_confidence,overlap_note,selection_status,selection_rule_version,original_tier,benchmark_scope,freeze_date,dif_consistency_sqrt_pearson,dif_weighted_peak_coverage_5pct,dif_peak_recall_5pct,dif_best_global_shift_deg,dif_best_audit_fwhm_deg,strong_measured_peak_precision,unmatched_strong_measured_peak_count,role_assignment_hash,real_domain_role,adaptation_train_rank_within_class,role_assignment_seed,role_assignment_algorithm,role_assignment_status
RRUFF-R050345,spectra_10_80_step_002/R050345_Pollucite.csv,cubic,RRUFF official XY_RAW and DIF archives,Local research use with mandatory RRUFF citation; redistribution rights are not asserted; public release bundle omits spectra and DIF files,nominal_single_mineral_supported_by_RRUFF_metadata_and_measured_DIF_consistency; quantitative_phase_fraction_not_claimed,Official measured powder profile; confirmed XRD identification; paired DIF space group; measured-vs-DIF consistency audit passed,RRUFF:R050345; SG:Ia-3d; DIF_MEMBER_SHA256:C55F0A579D7835BFE4DFDBDA5BD769E0CDA39BBEAD805F641062F9B713772422,29D7C7A60D8C740CC578A26CAE6B03D243DCE3664DAA0E7042242E7F40D3FF57,R050345,Pollucite,Cs(Si2Al)O6·nH2O,Cs(Si_2_Al)O_6_·nH_2_O,(Cs_0.79_Na_0.19_Rb_0.02_)(Si_2.10_Al_0.90_)O_6_·H_2_O,Ia-3d,cubic,Powder,The identification of this mineral has been confirmed by X-ray diffraction and chemical analysis,https://www.rruff.net/odr/rruff_sample/R050345,Pollucite__R050345-1__Powder__Xray_Data_XY_RAW__dcff7cf2510e2efd493735134624.txt,0F1B0E07F6E77692D9B01D020B3B34675A728735E7DE5979F11A39D09A453C40,Pollucite__R050345-1__Powder__DIF_File__eb92fac47c7234e05bf4ed993436.txt,C55F0A579D7835BFE4DFDBDA5BD769E0CDA39BBEAD805F641062F9B713772422,evidence/R050345_Pollucite_metadata.txt,structure_refs/R050345_Pollucite_DIF.txt,5.0,90.0,0.0099999999999997,256,0.1512915129127602,0.0147601476021014,0.0,,,NO_KNOWN_STRICT_RRUFF_MP_MATCH__STRUCTURE_OVERLAP_NOT_EXCLUSION_GATE_FOR_MEASUREMENT_DOMAIN_TEST,final_scope_resolved,This benchmark measures simulation-to-experiment measurement-domain transfer. It is not claimed as an unseen-structure benchmark. No known strict RRUFF–MP mapping match was detected.,FROZEN_FINAL_REAL_TEST,rruff-real-pxrd-70-final-v1,PRIMARY35,measurement_domain_external_test_not_unseen_structure_test,2026-07-24,0.656531407309,1.0,1.0,0.04,0.35,0.8,2,4DA768A9763FDD4B9742DABEE8EA4AE306F1993567A273C7B526F6444C35CD46,adaptation_train,3,20260724,"sha256-v1: SHA256(seed|crystal_system|sample_id), ascending within class",FROZEN_BEFORE_MODEL_ACCESS
RRUFF-R050479,spectra_10_80_step_002/R050479_Sulphohalite.csv,cubic,RRUFF official XY_RAW and DIF archives,Local research use with mandatory RRUFF citation; redistribution rights are not asserted; public release bundle omits spectra and DIF files,nominal_single_mineral_supported_by_RRUFF_metadata_and_measured_DIF_consistency; quantitative_phase_fraction_not_claimed,Official measured powder profile; confirmed XRD identification; paired DIF space group; measured-vs-DIF consistency audit passed,RRUFF:R050479; SG:Fm-3m; DIF_MEMBER_SHA256:8D718B013BF460B99DE23B61C4CAB05A38DA3BAAA4A71BA955C17A2506442FB7,FFD3E026607219E2D785C2434F7E62280C9FBF8488C3635A91C40CC8B08398FA,R050479,Sulphohalite,Na6(SO4)2ClF,Na_6_(SO_4_)_2_ClF,Na_6.00_(S_1.00_O_4_)_2_F_1.00_Cl_1.00_,Fm-3m,cubic,Powder,The identification of this mineral has been confirmed by X-ray diffraction and chemical analysis,https://www.rruff.net/odr/rruff_sample/R050479,Sulphohalite__R050479-1__Powder__Xray_Data_XY_RAW__0d3c161e7041664d16e6fd81856f.txt,951FDC775088F1A83D1AFF0556BF7F9DAD332707A7D312B1878A1C9A0786576E,Sulphohalite__R050479-1__Powder__DIF_File__40a2d7d62950eef9d87ac4743cfd.txt,8D718B013BF460B99DE23B61C4CAB05A38DA3BAAA4A71BA955C17A2506442FB7,evidence/R050479_Sulphohalite_metadata.txt,structure_refs/R050479_Sulphohalite_DIF.txt,5.0,90.0,0.0099999999999997,190,0.2471910112355348,0.0124843945073247,0.0,,,NO_KNOWN_STRICT_RRUFF_MP_MATCH__STRUCTURE_OVERLAP_NOT_EXCLUSION_GATE_FOR_MEASUREMENT_DOMAIN_TEST,final_scope_resolved,This benchmark measures simulation-to-experiment measurement-domain transfer. It is not claimed as an unseen-structure benchmark. No known strict RRUFF–MP mapping match was detected.,FROZEN_FINAL_REAL_TEST,rruff-real-pxrd-70-final-v1,PRIMARY35,measurement_domain_external_test_not_unseen_structure_test,2026-07-24,0.731626200932,1.0,1.0,0.02,0.35,0.846153846154,2,1262A1059D5B4887E57E6026AA038CCF52E4FC439BDE1074DDE13A8FC52A1DC4,adaptation_train,1,20260724,"sha256-v1: SHA256(seed|crystal_system|sample_id), ascending within class",FROZEN_BEFORE_MODEL_ACCESS
RRUFF-R050553,spectra_10_80_step_002/R050553_Zunyite.csv,cubic,RRUFF official XY_RAW and DIF archives,Local research use with mandatory RRUFF citation; redistribution rights are not asserted; public release bundle omits spectra and DIF files,nominal_single_mineral_supported_by_RRUFF_metadata_and_measured_DIF_consistency; quantitative_phase_fraction_not_claimed,Official measured powder profile; confirmed XRD identification; paired DIF space group; measured-vs-DIF consistency audit passed,RRUFF:R050553; SG:F-43m; DIF_MEMBER_SHA256:3EBEA60E442C6D4A1AE8A1FB1AF1878B2D889C4A91F8368E94BA8A934628EC7E,D1384CF777D7DA52A0A310120300FE80F75DB92E8E347F8041EAF7FCBE1F9355,R050553,Zunyite,"Al13Si5O20(OH,F)18Cl","Al_13_Si_5_O_20_(OH,F)_18_Cl",(Al_12.99_Fe^3+^_0.01_)Si_5.00_O_20_((OH)_14.89_F_3.11_)Cl_1.00_,F-43m,cubic,Powder,The identification of this mineral has been confirmed by X-ray diffraction and chemical analysis,https://www.rruff.net/odr/rruff_sample/R050553,Zunyite__R050553-1__Powder__Xray_Data_XY_RAW__0695db31cde0d4ed0e94ea24a95a.txt,13486E8A315A5D5506FA07B9A89CE9277680C62081A4E336B56B16698DCB6656,Zunyite__R050553-1__Powder__DIF_File__3bf58b72175f70d5066273376eb6.txt,3EBEA60E442C6D4A1AE8A1FB1AF1878B2D889C4A91F8368E94BA8A934628EC7E,evidence/R050553_Zunyite_metadata.txt,structure_refs/R050553_Zunyite_DIF.txt,5.0,90.0,0.0099999999999997,150,0.1977507029132334,0.0103092783505171,0.0,,,NO_KNOWN_STRICT_RRUFF_MP_MATCH__STRUCTURE_OVERLAP_NOT_EXCLUSION_GATE_FOR_MEASUREMENT_DOMAIN_TEST,final_scope_resolved,This benchmark measures simulation-to-experiment measurement-domain transfer. It is not claimed as an unseen-structure benchmark. No known strict RRUFF–MP mapping match was detected.,FROZEN_FINAL_REAL_TEST,rruff-real-pxrd-70-final-v1,PRIMARY35,measurement_domain_external_test_not_unseen_structure_test,2026-07-24,0.557262489055,0.988524511451,0.961538461538,0.04,0.35,0.95,1,1366B097494B921BD9B6D7CFEB9481363B37FC18C52F04E607120E563B510FE3,adaptation_train,2,20260724,"sha256-v1: SHA256(seed|crystal_system|sample_id), ascending within class",FROZEN_BEFORE_MODEL_ACCESS
RRUFF-R050411,spectra_10_80_step_002/R050411_Spinel.csv,cubic,RRUFF official XY_RAW and DIF archives,Local research use with mandatory RRUFF citation; redistribution rights are not asserted; public release bundle omits spectra and DIF files,nominal_single_mineral_supported_by_RRUFF_metadata_and_measured_DIF_consistency; quantitative_phase_fraction_not_claimed,Official measured powder profile; confirmed XRD identification; paired DIF space group; measured-vs-DIF consistency audit passed,RRUFF:R050411; SG:Fd3m; DIF_MEMBER_SHA256:B681A0CCF9CA17AF74A0F93A33575412E0069349BED66C85FD8B65EEE9127CC5,A294098231F3C88277BCC42A93A29B5412E1F5AE3395838520E755ABAE452A5C,R050411,Spinel,MgAl2O4,MgAl_2_O_4_,Mg_0.93_Al_2.04_O_4_,Fd3m,cubic,Powder,The identification of this mineral has been confirmed by X-ray diffraction and chemical analysis,https://www.rruff.net/odr/rruff_sample/R050411,Spinel__R050411-1__Powder__Xray_Data_XY_RAW__ad3ee0014b5a5fb432438892480f.txt,E2D01184D7317E53F5B8FC535421354B9993A896EB6A948F9A70A0FF4F719934,Spinel__R050411-1__Powder__DIF_File__4d587bd3df4f0224448e9282f3fb.txt,B681A0CCF9CA17AF74A0F93A33575412E0069349BED66C85FD8B65EEE9127CC5,evidence/R050411_Spinel_metadata.txt,structure_refs/R050411_Spinel_DIF.txt,5.0,90.0,0.0099999999999997,241,0.2923408845735755,0.0151024811221241,0.0,,,NO_KNOWN_STRICT_RRUFF_MP_MATCH__STRUCTURE_OVERLAP_NOT_EXCLUSION_GATE_FOR_MEASUREMENT_DOMAIN_TEST,final_scope_resolved,This benchmark measures simulation-to-experiment measurement-domain transfer. It is not claimed as an unseen-structure benchmark. No known strict RRUFF–MP mapping match was detected.,FROZEN_FINAL_REAL_TEST,rruff-real-pxrd-70-final-v1,BACKUP35_PROMOTED,measurement_domain_external_test_not_unseen_structure_test,2026-07-24,0.777159382341,1.0,1.0,0.04,0.35,1.0,0,51060210A347C73A22AD92B630ABC5AEB46790BBEACAFA7C2CD54D4D159A93E9,adaptation_validation,,20260724,"sha256-v1: SHA256(seed|crystal_system|sample_id), ascending within class",FROZEN_BEFORE_MODEL_ACCESS
RRUFF-R070506,spectra_10_80_step_002/R070506_Hauerite.csv,cubic,RRUFF official XY_RAW and DIF archives,Local research use with mandatory RRUFF citation; redistribution rights are not asserted; public release bundle omits spectra and DIF files,nominal_single_mineral_supported_by_RRUFF_metadata_and_measured_DIF_consistency; quantitative_phase_fraction_not_claimed,Official measured powder profile; confirmed XRD identification; paired DIF space group; measured-vs-DIF consistency audit passed,RRUFF:R070506; SG:Pa3; DIF_MEMBER_SHA256:82BE85AA35A263FCD9CED982F9CD4BD5ECA3560CB96AF42AA607AE0BBB547A50,B7C137712506C34F57E4866D83C5790789226F132DB045100769D97C5DF24D2B,R070506,Hauerite,MnS2,MnS_2_,Mn_1.00_S_2.00_,Pa3,cubic,Powder,The identification of this mineral is confirmed by single-crystal X-ray diffraction and chemical analysis,https://www.rruff.net/odr/rruff_sample/R070506,Hauerite__R070506-1__Powder__Xray_Data_XY_RAW__4757054e9035935c146eaac309fd.txt,2E43E540F883367D39F84790D737475A04DFDAF8F639FFCB8E2860DDED76AAF0,Hauerite__R070506-1__Powder__DIF_File__4b0e7a9721c8db4647e6bd363963.txt,82BE85AA35A263FCD9CED982F9CD4BD5ECA3560CB96AF42AA607AE0BBB547A50,evidence/R070506_Hauerite_metadata.txt,structure_refs/R070506_Hauerite_DIF.txt,5.0,90.0,0.0099999999999997,476,0.1284686536490396,0.0678314491263192,0.0,,,NO_KNOWN_STRICT_RRUFF_MP_MATCH__STRUCTURE_OVERLAP_NOT_EXCLUSION_GATE_FOR_MEASUREMENT_DOMAIN_TEST,final_scope_resolved,This benchmark measures simulation-to-experiment measurement-domain transfer. It is not claimed as an unseen-structure benchmark. No known strict RRUFF–MP mapping match was detected.,FROZEN_FINAL_REAL_TEST,rruff-real-pxrd-70-final-v1,BACKUP35_PROMOTED,measurement_domain_external_test_not_unseen_structure_test,2026-07-24,0.662426480718,1.0,1.0,0.04,0.35,1.0,0,50E0B573CEFED7F4A13E9ED58EBB661916CC7AF48CF1F81FEB1CAD4449D9B890,adaptation_validation,,20260724,"sha256-v1: SHA256(seed|crystal_system|sample_id), ascending within class",FROZEN_BEFORE_MODEL_ACCESS
RRUFF-R050302,spectra_10_80_step_002/R050302_Tetrahedrite-_Zn.csv,cubic,RRUFF official XY_RAW and DIF archives,Local research use with mandatory RRUFF citation; redistribution rights are not asserted; public release bundle omits spectra and DIF files,nominal_single_mineral_supported_by_RRUFF_metadata_and_measured_DIF_consistency; quantitative_phase_fraction_not_claimed,Official measured powder profile; confirmed XRD identification; paired DIF space group; measured-vs-DIF consistency audit passed,RRUFF:R050302; SG:I-43m; DIF_MEMBER_SHA256:EEF4FBCA002EE47480C751B6929E05053D4D081F8BC26F6D23AB2D47362D3CBF,B969A595729EA0D15CAB51BEC45B6D7DA0C87D0224D455FDE0DA819CCB32B3D7,R050302,Tetrahedrite-(Zn),Cu6(Cu4Zn2)Sb4S13,Cu_6_(Cu_4_Zn_2_)Sb_4_S_13_,(Cu_10.02_Zn_1.76_Fe_0.22_)(Sb_2.42_As_1.58_)S_13.00_,I-43m,cubic,Powder,The identification of this mineral has been confirmed by X-ray diffraction and chemical analysis,https://www.rruff.net/odr/rruff_sample/R050302,Tetrahedrite-(Zn)__R050302-1__Powder__Xray_Data_XY_RAW__b5f0a50f88b130498a12366a2ac0.txt,6F76DEB34D98EBBD1D50E96D9F9523B1AA20FFECDE527778FD79B90A2AD065FE,Tetrahedrite-(Zn)__R050302-1__Powder__DIF_File__d788390eb820b0f235022bfeec2f.txt,EEF4FBCA002EE47480C751B6929E05053D4D081F8BC26F6D23AB2D47362D3CBF,evidence/R050302_Tetrahedrite-_Zn_metadata.txt,structure_refs/R050302_Tetrahedrite-_Zn_DIF.txt,5.0,90.0,0.0099999999999997,405,0.1413502109705164,0.0369198312239088,0.0,,,NO_KNOWN_STRICT_RRUFF_MP_MATCH__STRUCTURE_OVERLAP_NOT_EXCLUSION_GATE_FOR_MEASUREMENT_DOMAIN_TEST,final_scope_resolved,This benchmark measures simulation-to-experiment measurement-domain transfer. It is not claimed as an unseen-structure benchmark. No known strict RRUFF–MP mapping match was detected.,FROZEN_FINAL_REAL_TEST,rruff-real-pxrd-70-final-v1,PRIMARY35,measurement_domain_external_test_not_unseen_structure_test,2026-07-24,0.680508755971,1.0,1.0,0.06,0.35,1.0,0,6B28C958CCF009458BA4F5DD271DC800DF3DAC296486C76FAD63A9C02E4D8905,final_real_test,,20260724,"sha256-v1: SHA256(seed|crystal_system|sample_id), ascending within class",FROZEN_BEFORE_MODEL_ACCESS
RRUFF-R060075,spectra_10_80_step_002/R060075_Senarmontite.csv,cubic,RRUFF official XY_RAW and DIF archives,Local research use with mandatory RRUFF citation; redistribution rights are not asserted; public release bundle omits spectra and DIF files,nominal_single_mineral_supported_by_RRUFF_metadata_and_measured_DIF_consistency; quantitative_phase_fraction_not_claimed,Official measured powder profile; confirmed XRD identification; paired DIF space group; measured-vs-DIF consistency audit passed,RRUFF:R060075; SG:Fd-3m; DIF_MEMBER_SHA256:8211F16388CFC285A8FC6F8B9CE7B88D91F81592AB0F181FAAED405A28B9BEA1,C5F4AC6315E17B285616F73FF83500E5AC286A33F0949DC03E8CBF1BB299EB7A,R060075,Senarmontite,Sb2O3,Sb_2_O_3_,Sb_2.00_O_3_,Fd-3m,cubic,Powder,The identification of this mineral has been confirmed by X-ray diffraction and chemical analysis,https://www.rruff.net/odr/rruff_sample/R060075,Senarmontite__R060075-1__Powder__Xray_Data_XY_RAW__6f6ca06dc9a61e831dea5a306b78.txt,0C8A4B776948186775D98FC21592E320A50E83FD070E6C9975E32A0D9708F643,Senarmontite__R060075-1__Powder__DIF_File__d172ba7660822e17a7abc29ee4fd.txt,8211F16388CFC285A8FC6F8B9CE7B88D91F81592AB0F181FAAED405A28B9BEA1,evidence/R060075_Senarmontite_metadata.txt,structure_refs/R060075_Senarmontite_DIF.txt,5.0,90.0,0.0099999999999997,495,0.2346938775524313,0.0136054421773462,0.0,,,NO_KNOWN_STRICT_RRUFF_MP_MATCH__STRUCTURE_OVERLAP_NOT_EXCLUSION_GATE_FOR_MEASUREMENT_DOMAIN_TEST,final_scope_resolved,This benchmark measures simulation-to-experiment measurement-domain transfer. It is not claimed as an unseen-structure benchmark. No known strict RRUFF–MP mapping match was detected.,FROZEN_FINAL_REAL_TEST,rruff-real-pxrd-70-final-v1,BACKUP35_PROMOTED,measurement_domain_external_test_not_unseen_structure_test,2026-07-24,0.833422885646,1.0,1.0,0.04,0.35,0.909090909091,1,B8032730BEFF694BF63DF27D66F27E6F8DF5B0D66E18C64854EC3E5A7C89072E,final_real_test,,20260724,"sha256-v1: SHA256(seed|crystal_system|sample_id), ascending within class",FROZEN_BEFORE_MODEL_ACCESS
RRUFF-R060156,spectra_10_80_step_002/R060156_Northupite.csv,cubic,RRUFF official XY_RAW and DIF archives,Local research use with mandatory RRUFF citation; redistribution rights are not asserted; public release bundle omits spectra and DIF files,nominal_single_mineral_supported_by_RRUFF_metadata_and_measured_DIF_consistency; quantitative_phase_fraction_not_claimed,Official measured powder profile; confirmed XRD identification; paired DIF space group; measured-vs-DIF consistency audit passed,RRUFF:R060156; SG:Fd3; DIF_MEMBER_SHA256:7F15066B85B036598721B071ED778A72ECDA7753FBA59942C452ECC6709C8921,3CABBEF0BCEAE8FE73D0C4C27051C80BC678C7B009784C97198BEB00E0409D32,R060156,Northupite,Na3Mg(CO3)2Cl,Na_3_Mg(CO_3_)_2_Cl,(Na_2.98_Ca_0.02_)Mg_1.00_(CO_3_)_2_Cl_1.00_,Fd3,cubic,Powder,The identification of this mineral has been confirmed by X-ray diffraction and chemical analysis,https://www.rruff.net/odr/rruff_sample/R060156,Northupite__R060156-1__Powder__Xray_Data_XY_RAW__e65d3f2d0938782518ef1df3cf3f.txt,91E2369BE32BEC9F2433F6EF54B08050F2BCCBE5643DC19DFC4B4A4CF965EBE8,Northupite__R060156-1__Powder__DIF_File__d947c1f116eee9d843b85341f309.txt,7F15066B85B036598721B071ED778A72ECDA7753FBA59942C452ECC6709C8921,evidence/R060156_Northupite_metadata.txt,structure_refs/R060156_Northupite_DIF.txt,5.0,90.0,0.0099999999999997,381,0.1999999999994476,0.0257668711659728,0.0,,,NO_KNOWN_STRICT_RRUFF_MP_MATCH__STRUCTURE_OVERLAP_NOT_EXCLUSION_GATE_FOR_MEASUREMENT_DOMAIN_TEST,final_scope_resolved,This benchmark measures simulation-to-experiment measurement-domain transfer. It is not claimed as an unseen-structure benchmark. No known strict RRUFF–MP mapping match was detected.,FROZEN_FINAL_REAL_TEST,rruff-real-pxrd-70-final-v1,PRIMARY35,measurement_domain_external_test_not_unseen_structure_test,2026-07-24,0.632117356429,1.0,1.0,0.02,0.35,0.894736842105,2,81E8DF3B8DC902012EACF86D87B1A355B0EC96B55C13E20EFC3786A0FF7F4A00,final_real_test,,20260724,"sha256-v1: SHA256(seed|crystal_system|sample_id), ascending within class",FROZEN_BEFORE_MODEL_ACCESS
RRUFF-R060446,spectra_10_80_step_002/R060446_Grossular.csv,cubic,RRUFF official XY_RAW and DIF archives,Local research use with mandatory RRUFF citation; redistribution rights are not asserted; public release bundle omits spectra and DIF files,nominal_single_mineral_supported_by_RRUFF_metadata_and_measured_DIF_consistency; quantitative_phase_fraction_not_claimed,Official measured powder profile; confirmed XRD identification; paired DIF space group; measured-vs-DIF consistency audit passed,RRUFF:R060446; SG:Ia-3d; DIF_MEMBER_SHA256:21583452C6209008C0FFBD4BFBCBD0FBEBCF9AA0B33DB167EC4C97CA1500032D,F2945DE0346BF58A45CB344E78443361D7593243462A75F1609FF8D2D9EDA259,R060446,Grossular,Ca3Al2(SiO4)3,Ca_3_Al_2_(SiO_4_)_3_,(Ca_2.97_Mn_0.03_)(Al_1.96_Fe^3+^_0.04_)(Si_1.00_O_4_)_2.71_(OH)_1.16_ (x=0.29) ; OH estimated by charge balance,Ia-3d,cubic,Powder,The identification of this mineral has been confirmed by X-ray diffraction and chemical analysis,https://www.rruff.net/odr/rruff_sample/R060446,Grossular__R060446-1__Powder__Xray_Data_XY_RAW__45a7ba8dba815534fa429c577bad.txt,C5D4665E49E421B0907AA40D92CE71E182ADE2D2C0B72AB05E53122AE5072F0B,Grossular__R060446-1__Powder__DIF_File__daf12f1e3aded1e710a63a844520.txt,21583452C6209008C0FFBD4BFBCBD0FBEBCF9AA0B33DB167EC4C97CA1500032D,evidence/R060446_Grossular_metadata.txt,structure_refs/R060446_Grossular_DIF.txt,5.0,90.0,0.0099999999999997,592,0.3481012658198373,0.0569620253162472,0.0,,,NO_KNOWN_STRICT_RRUFF_MP_MATCH__STRUCTURE_OVERLAP_NOT_EXCLUSION_GATE_FOR_MEASUREMENT_DOMAIN_TEST,final_scope_resolved,This benchmark measures simulation-to-experiment measurement-domain transfer. It is not claimed as an unseen-structure benchmark. No known strict RRUFF–MP mapping match was detected.,FROZEN_FINAL_REAL_TEST,rruff-real-pxrd-70-final-v1,BACKUP35_PROMOTED,measurement_domain_external_test_not_unseen_structure_test,2026-07-24,0.817104415146,0.909446148001,0.8,0.02,0.35,0.9,1,B8AB3DD7BEF5491743BBE09CCB69918D8EFAA12F8C83137093B012E734F89464,final_real_test,,20260724,"sha256-v1: SHA256(seed|crystal_system|sample_id), ascending within class",FROZEN_BEFORE_MODEL_ACCESS
RRUFF-R070304,spectra_10_80_step_002/R070304_Gersdorffite.csv,cubic,RRUFF official XY_RAW and DIF archives,Local research use with mandatory RRUFF citation; redistribution rights are not asserted; public release bundle omits spectra and DIF files,nominal_single_mineral_supported_by_RRUFF_metadata_and_measured_DIF_consistency; quantitative_phase_fraction_not_claimed,Official measured powder profile; confirmed XRD identification; paired DIF space group; measured-vs-DIF consistency audit passed,RRUFF:R070304; SG:P2_13; DIF_MEMBER_SHA256:EB50AED54917D47478A22BCB756315BEFA8359B59E34950152D7EFD0DCB1A608,13D7E190E082FE4BA8461D3C40A4528EA4767080F026D3B4478271E7425BC433,R070304,Gersdorffite,NiAsS,NiAsS,(Ni_0.99_Co_0.01_)As_1.00_S_1.00_ ; trace amounts of Fe,P2_13,cubic,Powder,The identification of this mineral is confirmed by single-crystal X-ray diffraction and chemical analysis,https://www.rruff.net/odr/rruff_sample/R070304,Gersdorffite__R070304-1__Powder__Xray_Data_XY_RAW__372ce12f885e941dd0e1042a1bd0.txt,2CDF0375E07292EE825CA04FD7A6777862E80C950241D8D02522B6E4A19F1B8E,Gersdorffite__R070304-1__Powder__DIF_File__1bedf536a7c04ea8d2d636b7a56c.txt,EB50AED54917D47478A22BCB756315BEFA8359B59E34950152D7EFD0DCB1A608,evidence/R070304_Gersdorffite_metadata.txt,structure_refs/R070304_Gersdorffite_DIF.txt,5.0,90.0,0.0099999999999997,444,0.2881758764107144,0.0730837789658209,0.0,,,NO_KNOWN_STRICT_RRUFF_MP_MATCH__STRUCTURE_OVERLAP_NOT_EXCLUSION_GATE_FOR_MEASUREMENT_DOMAIN_TEST,final_scope_resolved,This benchmark measures simulation-to-experiment measurement-domain transfer. It is not claimed as an unseen-structure benchmark. No known strict RRUFF–MP mapping match was detected.,FROZEN_FINAL_REAL_TEST,rruff-real-pxrd-70-final-v1,BACKUP35_PROMOTED,measurement_domain_external_test_not_unseen_structure_test,2026-07-24,0.75827357128,0.990410930286,0.933333333333,0.04,0.35,0.733333333333,4,7FB587393C7F1E1C1EBD5E0996D7215F463096B8A6B24DAD5094389091D4C0FA,final_real_test,,20260724,"sha256-v1: SHA256(seed|crystal_system|sample_id), ascending within class",FROZEN_BEFORE_MODEL_ACCESS
RRUFF-R050352,spectra_10_80_step_002/R050352_Cancrinite.csv,hexagonal,RRUFF official XY_RAW and DIF archives,Local research use with mandatory RRUFF citation; redistribution rights are not asserted; public release bundle omits spectra and DIF files,nominal_single_mineral_supported_by_RRUFF_metadata_and_measured_DIF_consistency; quantitative_phase_fraction_not_claimed,Official measured powder profile; confirmed XRD identification; paired DIF space group; measured-vs-DIF consistency audit passed,RRUFF:R050352; SG:P6_3; DIF_MEMBER_SHA256:C7122E403BA77101DFDF2885376418689E0C93376B0E2E276F7A0CE5FE58B7D3,C3BAE2DA839EAA4E81446BBB842295780F5DD9D2404907FB2A6FF38DFF9ECCFF,R050352,Cancrinite,"(Na,Ca,□)8(Al6Si6)O24(CO3,SO4)2·2H2O","(Na,Ca,[box])_8_(Al_6_Si_6_)O_24_(CO_3_,SO_4_)_2_·2H_2_O",(Na_6.07_Ca_1.62_[box]_0.31_)(Al_0.99_Si_1.01_O_4_)_6_((CO_3_)_0.84_[box]_0.16_)·2H_2_O,P6_3,hexagonal,Powder,The identification of this mineral has been confirmed by X-ray diffraction and chemical analysis,https://www.rruff.net/odr/rruff_sample/R050352,Cancrinite__R050352-1__Powder__Xray_Data_XY_RAW__8a55f543e7bc8e4a20cdd6aa4fcd.txt,01532CF41352E89083B26097C6436D42E6D5DF694078DC3F2284D016C2DFDF62,Cancrinite__R050352-1__Powder__DIF_File__3ffd60f59d05445b256cbad25a94.txt,C7122E403BA77101DFDF2885376418689E0C93376B0E2E276F7A0CE5FE58B7D3,evidence/R050352_Cancrinite_metadata.txt,structure_refs/R050352_Cancrinite_DIF.txt,5.0,90.0,0.0099999999999997,192,0.1906354515070498,0.0125418060206892,0.0,,,NO_KNOWN_STRICT_RRUFF_MP_MATCH__STRUCTURE_OVERLAP_NOT_EXCLUSION_GATE_FOR_MEASUREMENT_DOMAIN_TEST,final_scope_resolved,This benchmark measures simulation-to-experiment measurement-domain transfer. It is not claimed as an unseen-structure benchmark. No known strict RRUFF–MP mapping match was detected.,FROZEN_FINAL_REAL_TEST,rruff-real-pxrd-70-final-v1,PRIMARY35,measurement_domain_external_test_not_unseen_structure_test,2026-07-24,0.55868484343,0.968649783289,0.918918918919,0.02,0.35,0.958333333333,1,48DB430C66E8604E9B940F2F810515C82D200D1B66E4AB8FAFDF3DC5ABCE8D94,adaptation_train,2,20260724,"sha256-v1: SHA256(seed|crystal_system|sample_id), ascending within class",FROZEN_BEFORE_MODEL_ACCESS
RRUFF-R050492,spectra_10_80_step_002/R050492_Zincite.csv,hexagonal,RRUFF official XY_RAW and DIF archives,Local research use with mandatory RRUFF citation; redistribution rights are not asserted; public release bundle omits spectra and DIF files,nominal_single_mineral_supported_by_RRUFF_metadata_and_measured_DIF_consistency; quantitative_phase_fraction_not_claimed,Official measured powder profile; confirmed XRD identification; paired DIF space group; measured-vs-DIF consistency audit passed,RRUFF:R050492; SG:P6_3mc; DIF_MEMBER_SHA256:CA2F5D9ADF0E273211CEED896DA0B9B3A695FCB24948A90918841E3CB6471934,C15E2FD076CD1A5C28300CA911E0DFDBC30F8D4375F0522E05298BFFBB7AC53B,R050492,Zincite,ZnO,ZnO,(Zn_0.96_Mn_0.04_)O,P6_3mc,hexagonal,Powder,The identification of this mineral has been confirmed by X-ray diffraction and chemical analysis,https://www.rruff.net/odr/rruff_sample/R050492,Zincite__R050492-1__Powder__Xray_Data_XY_RAW__276c7bc7d587be728c9fd004e663.txt,CFC81B471C24621CAADC10798D5E10B65E99C268213833AEAE3E8882786E2017,Zincite__R050492-1__Powder__DIF_File__2afa9a2815c34c4c72d9f168ec1d.txt,CA2F5D9ADF0E273211CEED896DA0B9B3A695FCB24948A90918841E3CB6471934,evidence/R050492_Zincite_metadata.txt,structure_refs/R050492_Zincite_DIF.txt,5.0,90.0,0.0099999999999997,273,0.3041074249638493,0.0229067930486911,0.0,,,NO_KNOWN_STRICT_RRUFF_MP_MATCH__STRUCTURE_OVERLAP_NOT_EXCLUSION_GATE_FOR_MEASUREMENT_DOMAIN_TEST,final_scope_resolved,This benchmark measures simulation-to-experiment measurement-domain transfer. It is not claimed as an unseen-structure benchmark. No known strict RRUFF–MP mapping match was detected.,FROZEN_FINAL_REAL_TEST,rruff-real-pxrd-70-final-v1,BACKUP35_PROMOTED,measurement_domain_external_test_not_unseen_structure_test,2026-07-24,0.896918278972,1.0,1.0,0.04,0.35,1.0,0,0B0B88039160FAD1FC1C054E4C0046F6BE7C9EECDBC2EC766C10B625E479421F,adaptation_train,1,20260724,"sha256-v1: SHA256(seed|crystal_system|sample_id), ascending within class",FROZEN_BEFORE_MODEL_ACCESS
RRUFF-R050646,spectra_10_80_step_002/R050646_Burbankite.csv,hexagonal,RRUFF official XY_RAW and DIF archives,Local research use with mandatory RRUFF citation; redistribution rights are not asserted; public release bundle omits spectra and DIF files,nominal_single_mineral_supported_by_RRUFF_metadata_and_measured_DIF_consistency; quantitative_phase_fraction_not_claimed,Official measured powder profile; confirmed XRD identification; paired DIF space group; measured-vs-DIF consistency audit passed,RRUFF:R050646; SG:P6_3mc; DIF_MEMBER_SHA256:E3549111EAA4495E71F5DF734E8B664F1CC3F7965C4A5070379ED5EBE9670205,93746FFAA57D835247CE0149E1C2C4B0157D98F82ED1246EDC8A067DAC468DA1,R050646,Burbankite,"(Na,Ca)3(Sr,Ba,Ce)3(CO3)5","(Na,Ca)_3_(Sr,Ba,Ce)_3_(CO_3_)_5_",gray: (Na_2.03_Ca_0.97_)_Σ=3_(Sr_3.14_Ba_0.18_Ce_0.17_[box]_0.15_Th_0.10_Nd_0.08_La_0.08_)_Σ=3_(CO_3_)_5_ ; light-gray: (Na_1.97_Ca_1.03_)_Σ=3_(Sr_1.87_[box]_0.40_Ba_0.37_Ce_0.14_Th_0.11_Nd_0.06_La_0.05_)_Σ=3_(CO_3_)_5_ ; C estimated by stoichiometry,P6_3mc,hexagonal,Powder,The identification of this mineral has been confirmed by X-ray diffraction and chemical analysis,https://www.rruff.net/odr/rruff_sample/R050646,Burbankite__R050646-1__Powder__Xray_Data_XY_RAW__68d7a27622397a984f8e0f9889f7.txt,387063A90EBC6C78427A716CF4417923E9EC9616B4361F3FF216395AA6D20CED,Burbankite__R050646-1__Powder__DIF_File__7503250c3f0616ace048ff410246.txt,E3549111EAA4495E71F5DF734E8B664F1CC3F7965C4A5070379ED5EBE9670205,evidence/R050646_Burbankite_metadata.txt,structure_refs/R050646_Burbankite_DIF.txt,5.0,90.0,0.0099999999999997,531,0.4248120300676334,0.063909774433772,0.0,,,NO_KNOWN_STRICT_RRUFF_MP_MATCH__STRUCTURE_OVERLAP_NOT_EXCLUSION_GATE_FOR_MEASUREMENT_DOMAIN_TEST,final_scope_resolved,This benchmark measures simulation-to-experiment measurement-domain transfer. It is not claimed as an unseen-structure benchmark. No known strict RRUFF–MP mapping match was detected.,FROZEN_FINAL_REAL_TEST,rruff-real-pxrd-70-final-v1,PRIMARY35,measurement_domain_external_test_not_unseen_structure_test,2026-07-24,0.752975253079,0.944775075884,0.822222222222,0.02,0.35,0.952380952381,1,57FB8F6D583E6DF62162A64DEFF6F65DB5A33AAEADCA0B06390A67780182AF30,adaptation_train,3,20260724,"sha256-v1: SHA256(seed|crystal_system|sample_id), ascending within class",FROZEN_BEFORE_MODEL_ACCESS
RRUFF-R090045,spectra_10_80_step_002/R090045_Greenockite.csv,hexagonal,RRUFF official XY_RAW and DIF archives,Local research use with mandatory RRUFF citation; redistribution rights are not asserted; public release bundle omits spectra and DIF files,nominal_single_mineral_supported_by_RRUFF_metadata_and_measured_DIF_consistency; quantitative_phase_fraction_not_claimed,Official measured powder profile; confirmed XRD identification; paired DIF space group; measured-vs-DIF consistency audit passed,RRUFF:R090045; SG:P6_3mc; DIF_MEMBER_SHA256:C3EAA94A7D02F4C4F75D1C3D6DDD8B8DB1701369BDFCED32FB6A9741347E9BA8,BF32BC8A190E1C8AD288261208FCA47E969EB6B743FAB40A558C703F9AB3A473,R090045,Greenockite,CdS,CdS,,P6_3mc,hexagonal,Powder,The identification of this mineral has been confirmed by X-ray diffraction,https://www.rruff.net/odr/rruff_sample/R090045,Greenockite__R090045-1__Powder__Xray_Data_XY_RAW__b909358a7e04f262f669060c0ec3.txt,4D0E5B003726470DD0E10763B24657B43D2889D91F92B193C06B497E156BDDFC,Greenockite__R090045-1__Powder__DIF_File__08114aa382b7707c96ef3be8dbff.txt,C3EAA94A7D02F4C4F75D1C3D6DDD8B8DB1701369BDFCED32FB6A9741347E9BA8,evidence/R090045_Greenockite_metadata.txt,structure_refs/R090045_Greenockite_DIF.txt,5.0,90.0,0.0099999999999997,370,0.3802083333369824,0.0260416666679164,0.0,,,NO_KNOWN_STRICT_RRUFF_MP_MATCH__STRUCTURE_OVERLAP_NOT_EXCLUSION_GATE_FOR_MEASUREMENT_DOMAIN_TEST,final_scope_resolved,This benchmark measures simulation-to-experiment measurement-domain transfer. It is not claimed as an unseen-structure benchmark. No known strict RRUFF–MP mapping match was detected.,FROZEN_FINAL_REAL_TEST,rruff-real-pxrd-70-final-v1,ELIGIBLE_NOT_SELECTED_PROMOTED_FINAL,measurement_domain_external_test_not_unseen_structure_test,2026-07-24,0.891042265489,0.983800162237,0.928571428571,0.04,0.35,1.0,0,92B426DE1F77B858B04B81844193ADB86AF258628FEF0472E7649B3F1FADFDB2,adaptation_validation,,20260724,"sha256-v1: SHA256(seed|crystal_system|sample_id), ascending within class",FROZEN_BEFORE_MODEL_ACCESS
RRUFF-R100208,spectra_10_80_step_002/R100208_Despujolsite.csv,hexagonal,RRUFF official XY_RAW and DIF archives,Local research use with mandatory RRUFF citation; redistribution rights are not asserted; public release bundle omits spectra and DIF files,nominal_single_mineral_supported_by_RRUFF_metadata_and_measured_DIF_consistency; quantitative_phase_fraction_not_claimed,Official measured powder profile; confirmed XRD identification; paired DIF space group; measured-vs-DIF consistency audit passed,RRUFF:R100208; SG:P-62c; DIF_MEMBER_SHA256:B40AC5EFDDB8A49A70A169905EDA2F2F43AF2F33A94554FC7614C00FC5EA08AC,AA8874F87FB7C04D5B16B7179DAA680C2B7C46380FA226509BEBCF68E7FFAF73,R100208,Despujolsite,Ca3Mn4+(SO4)2(OH)6·3H2O,Ca_3_Mn^4+^(SO_4_)_2_(OH)_6_·3H_2_O,Ca_3.44_(Mn^+4^_0.86_Fe^+3^_0.06_)(S_0.96_O_4_)_2_(OH)_6_·3H_2_O,P-62c,hexagonal,Powder,The identification of this mineral is confirmed by single-crystal X-ray diffraction and chemical analysis,https://www.rruff.net/odr/rruff_sample/R100208,Despujolsite__R100208-1__Powder__Xray_Data_XY_RAW__5146c86a260ece5615d66f084173.txt,32321DC958D1E69A346D33F8D9A931B5D6103FD0879CEE43562E9C7245E1BBB1,Despujolsite__R100208-1__Powder__DIF_File__8abe05b14e7e33187d27badcb8d4.txt,B40AC5EFDDB8A49A70A169905EDA2F2F43AF2F33A94554FC7614C00FC5EA08AC,evidence/R100208_Despujolsite_metadata.txt,structure_refs/R100208_Despujolsite_DIF.txt,5.0,90.0,0.0099999999999997,199,0.1629940538658865,0.0360265827210977,0.0,,,NO_KNOWN_STRICT_RRUFF_MP_MATCH__STRUCTURE_OVERLAP_NOT_EXCLUSION_GATE_FOR_MEASUREMENT_DOMAIN_TEST,final_scope_resolved,This benchmark measures simulation-to-experiment measurement-domain transfer. It is not claimed as an unseen-structure benchmark. No known strict RRUFF–MP mapping match was detected.,FROZEN_FINAL_REAL_TEST,rruff-real-pxrd-70-final-v1,PRIMARY35,measurement_domain_external_test_not_unseen_structure_test,2026-07-24,0.584288738632,0.969267398265,0.888888888889,0.02,0.35,0.9375,1,6D00F7ECB54337CCF8AB866AA275FF03CEBCC74953409BA2DF51E897253088F4,adaptation_validation,,20260724,"sha256-v1: SHA256(seed|crystal_system|sample_id), ascending within class",FROZEN_BEFORE_MODEL_ACCESS
RRUFF-R050189,spectra_10_80_step_002/R050189_Vanadinite.csv,hexagonal,RRUFF official XY_RAW and DIF archives,Local research use with mandatory RRUFF citation; redistribution rights are not asserted; public release bundle omits spectra and DIF files,nominal_single_mineral_supported_by_RRUFF_metadata_and_measured_DIF_consistency; quantitative_phase_fraction_not_claimed,Official measured powder profile; confirmed XRD identification; paired DIF space group; measured-vs-DIF consistency audit passed,RRUFF:R050189; SG:P6_3/m; DIF_MEMBER_SHA256:86E0F6115582D2682C0A18C1B930928BEBED455A9A1E387F501835A89A5F9368,19B2F1398CE6C717C91DD98327008D8FEBEA2E8771F47102619794E6E1EF2DC7,R050189,Vanadinite,Pb5(VO4)3Cl,Pb_5_(VO_4_)_3_Cl,Pb_5.00_(V_1.00_O_4_)_3_Cl_1.00_,P6_3/m,hexagonal,Powder,The identification of this mineral has been confirmed by X-ray diffraction and chemical analysis,https://www.rruff.net/odr/rruff_sample/R050189,Vanadinite__R050189-1__Powder__Xray_Data_XY_RAW__c838ac9e2e4bfcda84f372af365c.txt,238578210C7AF90EC77DCF789237B2F62B24947287695FAEF1CCF04B02E541A4,Vanadinite__R050189-1__Powder__DIF_File__3dca5228709a4778da6bcfab8edd.txt,86E0F6115582D2682C0A18C1B930928BEBED455A9A1E387F501835A89A5F9368,evidence/R050189_Vanadinite_metadata.txt,structure_refs/R050189_Vanadinite_DIF.txt,5.0,90.0,0.0099999999999997,481,0.2999999999972444,0.0350000000001029,0.0,,,NO_KNOWN_STRICT_RRUFF_MP_MATCH__STRUCTURE_OVERLAP_NOT_EXCLUSION_GATE_FOR_MEASUREMENT_DOMAIN_TEST,final_scope_resolved,This benchmark measures simulation-to-experiment measurement-domain transfer. It is not claimed as an unseen-structure benchmark. No known strict RRUFF–MP mapping match was detected.,FROZEN_FINAL_REAL_TEST,rruff-real-pxrd-70-final-v1,BACKUP35_PROMOTED,measurement_domain_external_test_not_unseen_structure_test,2026-07-24,0.874847881019,0.949859708638,0.852941176471,0.04,0.35,1.0,0,AFE52D35A7BBD72591DB9EB5A72BF4CA312C131DB48F9502A7F12E77F9224E31,final_real_test,,20260724,"sha256-v1: SHA256(seed|crystal_system|sample_id), ascending within class",FROZEN_BEFORE_MODEL_ACCESS
RRUFF-R050512,spectra_10_80_step_002/R050512_Hydroxylapatite.csv,hexagonal,RRUFF official XY_RAW and DIF archives,Local research use with mandatory RRUFF citation; redistribution rights are not asserted; public release bundle omits spectra and DIF files,nominal_single_mineral_supported_by_RRUFF_metadata_and_measured_DIF_consistency; quantitative_phase_fraction_not_claimed,Official measured powder profile; confirmed XRD identification; paired DIF space group; measured-vs-DIF consistency audit passed,RRUFF:R050512; SG:P6_3/m; DIF_MEMBER_SHA256:2FF8E3B7F07E53CC481854F3D729FC83CD8E6BD2D4FB3A7B6E58C2C0C6E1F522,6B667E15392D1E1E069A9AF77A9DA701B4EB3F1DB0DA7D318FBFD79F02B0983E,R050512,Hydroxylapatite,Ca5(PO4)3OH,Ca_5_(PO_4_)_3_OH,Ca_5.00_(PO_4_)_3_((OH)_0.67_F_0.33_),P6_3/m,hexagonal,Powder,The identification of this mineral has been confirmed by X-ray diffraction and chemical analysis,https://www.rruff.net/odr/rruff_sample/R050512,Hydroxylapatite__R050512-1__Powder__Xray_Data_XY_RAW__4ae3de11a49213f4b9e7a9da7e5d.txt,531699957801B6F0C0E91BBF8D2A43B9902D5A0891F2DFF9AF49CFA0A89508A9,Hydroxylapatite__R050512-1__Powder__DIF_File__b00c678de4917da209e1cde24314.txt,2FF8E3B7F07E53CC481854F3D729FC83CD8E6BD2D4FB3A7B6E58C2C0C6E1F522,evidence/R050512_Hydroxylapatite_metadata.txt,structure_refs/R050512_Hydroxylapatite_DIF.txt,5.0,90.0,0.0099999999999997,579,0.4305555555524032,0.111111111107054,0.0,,,NO_KNOWN_STRICT_RRUFF_MP_MATCH__STRUCTURE_OVERLAP_NOT_EXCLUSION_GATE_FOR_MEASUREMENT_DOMAIN_TEST,final_scope_resolved,This benchmark measures simulation-to-experiment measurement-domain transfer. It is not claimed as an unseen-structure benchmark. No known strict RRUFF–MP mapping match was detected.,FROZEN_FINAL_REAL_TEST,rruff-real-pxrd-70-final-v1,BACKUP35_PROMOTED,measurement_domain_external_test_not_unseen_structure_test,2026-07-24,0.833493018102,0.816697649592,0.717948717949,0.02,0.35,1.0,0,C330C9BE7378A68B761FDAA410B2A20F05ECB2FCB1E31930D04AC087FA31E788,final_real_test,,20260724,"sha256-v1: SHA256(seed|crystal_system|sample_id), ascending within class",FROZEN_BEFORE_MODEL_ACCESS
RRUFF-R060168,spectra_10_80_step_002/R060168_Gmelinite-Na.csv,hexagonal,RRUFF official XY_RAW and DIF archives,Local research use with mandatory RRUFF citation; redistribution rights are not asserted; public release bundle omits spectra and DIF files,nominal_single_mineral_supported_by_RRUFF_metadata_and_measured_DIF_consistency; quantitative_phase_fraction_not_claimed,Official measured powder profile; confirmed XRD identification; paired DIF space group; measured-vs-DIF consistency audit passed,RRUFF:R060168; SG:P6_3/mmc; DIF_MEMBER_SHA256:40D4429AF04BB7E1488700EA77A898EC37DA679DE53916DE121E4E6204DE9D18,5CAA278410060E43FCF81C114D4DD71455D91C0D4F6CD7B0324A91EB5B6C52C5,R060168,Gmelinite-Na,Na4(Si8Al4)O24·11H2O,Na_4_(Si_8_Al_4_)O_24_·11H_2_O,(Na_3.90_Ca_0.10_)(Si_7.90_Al_4.10_)O_24_·8.98H_2_O,P6_3/mmc,hexagonal,Powder,The identification of this mineral has been confirmed by X-ray diffraction and chemical analysis,https://www.rruff.net/odr/rruff_sample/R060168,Gmelinite-Na__R060168-1__Powder__Xray_Data_XY_RAW__f3b961ee8432cb94c12d90ba47fa.txt,978118815FC11050F5560C42D99073BBF552959B9CE581D1BA6A3C7FE9439D09,Gmelinite-Na__R060168-1__Powder__DIF_File__fedb83004263ed968b38a0c67c6c.txt,40D4429AF04BB7E1488700EA77A898EC37DA679DE53916DE121E4E6204DE9D18,evidence/R060168_Gmelinite-Na_metadata.txt,structure_refs/R060168_Gmelinite-Na_DIF.txt,5.0,90.0,0.0099999999999997,335,0.2524271844646437,0.0266990291262345,0.0,,,NO_KNOWN_STRICT_RRUFF_MP_MATCH__STRUCTURE_OVERLAP_NOT_EXCLUSION_GATE_FOR_MEASUREMENT_DOMAIN_TEST,final_scope_resolved,This benchmark measures simulation-to-experiment measurement-domain transfer. It is not claimed as an unseen-structure benchmark. No known strict RRUFF–MP mapping match was detected.,FROZEN_FINAL_REAL_TEST,rruff-real-pxrd-70-final-v1,PRIMARY35,measurement_domain_external_test_not_unseen_structure_test,2026-07-24,0.726737404747,0.980204528853,0.928571428571,3.33066907388e-16,0.35,0.944444444444,1,E8F0E6D0DDC179F95DCC371D19A7ABDD4182172DEED5C817E3A3AB40C14341FA,final_real_test,,20260724,"sha256-v1: SHA256(seed|crystal_system|sample_id), ascending within class",FROZEN_BEFORE_MODEL_ACCESS
RRUFF-R060285,spectra_10_80_step_002/R060285_Pyromorphite.csv,hexagonal,RRUFF official XY_RAW and DIF archives,Local research use with mandatory RRUFF citation; redistribution rights are not asserted; public release bundle omits spectra and DIF files,nominal_single_mineral_supported_by_RRUFF_metadata_and_measured_DIF_consistency; quantitative_phase_fraction_not_claimed,Official measured powder profile; confirmed XRD identification; paired DIF space group; measured-vs-DIF consistency audit passed,RRUFF:R060285; SG:P6_3/m; DIF_MEMBER_SHA256:6C86A7E80E37A3279DD9E96D78D1E75527595017071F28060B6193430B513EC9,66ABA5D0A8D91F5CA8619A06CC1805B28F6D2B70DB78EBEBC1FF9E4AC37FD8FB,R060285,Pyromorphite,Pb5(PO4)3Cl,Pb_5_(PO_4_)_3_Cl,Pb_5.00_((P_0.99_As_0.01_)O_4_)_3_Cl_1.00_,P6_3/m,hexagonal,Powder,The identification of this mineral has been confirmed by X-ray diffraction and chemical analysis,https://www.rruff.net/odr/rruff_sample/R060285,Pyromorphite__R060285-1__Powder__Xray_Data_XY_RAW__9622c046d2ecb36df44aae924dba.txt,6AE4285AAA933D0E7D3D10F4E705A90EC488FF7EB45428ECCF0682DA0316C479,Pyromorphite__R060285-1__Powder__DIF_File__9f0892b10fcfd8dd564c9133520e.txt,6C86A7E80E37A3279DD9E96D78D1E75527595017071F28060B6193430B513EC9,evidence/R060285_Pyromorphite_metadata.txt,structure_refs/R060285_Pyromorphite_DIF.txt,5.0,90.0,0.0099999999999997,344,0.2612312812033364,0.0216306156412253,0.0,,,NO_KNOWN_STRICT_RRUFF_MP_MATCH__STRUCTURE_OVERLAP_NOT_EXCLUSION_GATE_FOR_MEASUREMENT_DOMAIN_TEST,final_scope_resolved,This benchmark measures simulation-to-experiment measurement-domain transfer. It is not claimed as an unseen-structure benchmark. No known strict RRUFF–MP mapping match was detected.,FROZEN_FINAL_REAL_TEST,rruff-real-pxrd-70-final-v1,BACKUP35_PROMOTED,measurement_domain_external_test_not_unseen_structure_test,2026-07-24,0.805164715869,0.965201544047,0.894736842105,0.04,0.35,1.0,0,F7E27ACC8E60494C82341BABA3BE8712E4DC6B8B0CB4D4C582EBB83BFC356087,final_real_test,,20260724,"sha256-v1: SHA256(seed|crystal_system|sample_id), ascending within class",FROZEN_BEFORE_MODEL_ACCESS
RRUFF-R070464,spectra_10_80_step_002/R070464_Milarite.csv,hexagonal,RRUFF official XY_RAW and DIF archives,Local research use with mandatory RRUFF citation; redistribution rights are not asserted; public release bundle omits spectra and DIF files,nominal_single_mineral_supported_by_RRUFF_metadata_and_measured_DIF_consistency; quantitative_phase_fraction_not_claimed,Official measured powder profile; confirmed XRD identification; paired DIF space group; measured-vs-DIF consistency audit passed,RRUFF:R070464; SG:P6/mcc; DIF_MEMBER_SHA256:D7F10AFCB144A3D07EA9B137800DE9C1AFFBBD39641DD6AB1F7E6E5A67B045C3,4B7A76F00C1C20EE3FB8E4F52A68DC8C0BE60677CBD0FDF2C25B14EB0D443E6A,R070464,Milarite,KCa2(Be2AlSi12)O30·H2O,KCa_2_(Be_2_AlSi_12_)O_30_·H_2_O,(K_1.11_Na_0.21_)Ca_2.00_(Be_2.36_Al_0.64_)Si_12.00_O_30_·H_2_O ; H_2_O assumed ideal from stoichiometry  BeO estimated by difference,P6/mcc,hexagonal,Powder,The identification of this mineral has been confirmed by X-ray diffraction and chemical analysis,https://www.rruff.net/odr/rruff_sample/R070464,Milarite__R070464-1__Powder__Xray_Data_XY_RAW__a40383f8b97d8321a69c6862b878.txt,4385F610E79E78F0B35D3FB8F397E751823650E5FF87DF401C7072D6436D631C,Milarite__R070464-1__Powder__DIF_File__18d83e6cbdd1eefe4fb529dfa3d7.txt,D7F10AFCB144A3D07EA9B137800DE9C1AFFBBD39641DD6AB1F7E6E5A67B045C3,evidence/R070464_Milarite_metadata.txt,structure_refs/R070464_Milarite_DIF.txt,5.0,90.0,0.0099999999999997,243,0.2217194570152554,0.0180995475113507,0.0,,,NO_KNOWN_STRICT_RRUFF_MP_MATCH__STRUCTURE_OVERLAP_NOT_EXCLUSION_GATE_FOR_MEASUREMENT_DOMAIN_TEST,final_scope_resolved,This benchmark measures simulation-to-experiment measurement-domain transfer. It is not claimed as an unseen-structure benchmark. No known strict RRUFF–MP mapping match was detected.,FROZEN_FINAL_REAL_TEST,rruff-real-pxrd-70-final-v1,PRIMARY35,measurement_domain_external_test_not_unseen_structure_test,2026-07-24,0.708150936915,0.935004358531,0.805555555556,0.04,0.35,1.0,0,D69602F60F9CC658C5839427E6AF6E75C35F71F851A33F4BE9DE97EE63F3102D,final_real_test,,20260724,"sha256-v1: SHA256(seed|crystal_system|sample_id), ascending within class",FROZEN_BEFORE_MODEL_ACCESS
RRUFF-R050453,spectra_10_80_step_002/R050453_Livingstonite.csv,monoclinic,RRUFF official XY_RAW and DIF archives,Local research use with mandatory RRUFF citation; redistribution rights are not asserted; public release bundle omits spectra and DIF files,nominal_single_mineral_supported_by_RRUFF_metadata_and_measured_DIF_consistency; quantitative_phase_fraction_not_claimed,Official measured powder profile; confirmed XRD identification; paired DIF space group; measured-vs-DIF consistency audit passed,RRUFF:R050453; SG:A2/a; DIF_MEMBER_SHA256:764A0F09A845E22C7ADA955235D34D4FA522C6216D4787830EA95418A8870E11,748E031F478A4A0709D8B48B61C4E2AFCC640C96F0AAA1806CADDC93E7628276,R050453,Livingstonite,HgSb4S6(S)2,HgSb_4_S_6_(S)_2_,Hg_1.00_Sb_4.00_S_8.00_,A2/a,monoclinic,Powder,The identification of this mineral has been confirmed by X-ray diffraction and chemical analysis,https://www.rruff.net/odr/rruff_sample/R050453,Livingstonite__R050453-1__Powder__Xray_Data_XY_RAW__a52fe3f656e4ede4cd08e15ad53a.txt,970E0F8A79E6B791CF9AF3CD010DB3A3B5D34CA620BCCC0A23B9492DA86BC6CF,Livingstonite__R050453-1__Powder__DIF_File__4e0f694834fcf4dcd96205e43a97.txt,764A0F09A845E22C7ADA955235D34D4FA522C6216D4787830EA95418A8870E11,evidence/R050453_Livingstonite_metadata.txt,structure_refs/R050453_Livingstonite_DIF.txt,5.0,90.0,0.0099999999999997,487,0.3100000000033254,0.060000000003869,0.0,,,NO_KNOWN_STRICT_RRUFF_MP_MATCH__STRUCTURE_OVERLAP_NOT_EXCLUSION_GATE_FOR_MEASUREMENT_DOMAIN_TEST,final_scope_resolved,This benchmark measures simulation-to-experiment measurement-domain transfer. It is not claimed as an unseen-structure benchmark. No known strict RRUFF–MP mapping match was detected.,FROZEN_FINAL_REAL_TEST,rruff-real-pxrd-70-final-v1,ELIGIBLE_NOT_SELECTED_PROMOTED_FINAL,measurement_domain_external_test_not_unseen_structure_test,2026-07-24,0.892064422233,0.90575310005,0.813953488372,0.06,0.35,1.0,0,07EAE9812682B11920555B432E9A9E09915435B2C72967CEE8FBDECA24802DDC,adaptation_train,1,20260724,"sha256-v1: SHA256(seed|crystal_system|sample_id), ascending within class",FROZEN_BEFORE_MODEL_ACCESS
RRUFF-R060313,spectra_10_80_step_002/R060313_Sanidine.csv,monoclinic,RRUFF official XY_RAW and DIF archives,Local research use with mandatory RRUFF citation; redistribution rights are not asserted; public release bundle omits spectra and DIF files,nominal_single_mineral_supported_by_RRUFF_metadata_and_measured_DIF_consistency; quantitative_phase_fraction_not_claimed,Official measured powder profile; confirmed XRD identification; paired DIF space group; measured-vs-DIF consistency audit passed,RRUFF:R060313; SG:C2/m; DIF_MEMBER_SHA256:213E69CAB2EA2021C88F1AA0C4DCBB5F20A104751A71295BE1554AB8B48C3B2D,84ED2F3299819270502E612510B3CFEDE2F489BF52E5B4236C374551B6A795C1,R060313,Sanidine,K(AlSi3O8),K(AlSi_3_O_8_),(K_0.85_Na_0.14_Ba_0.01_)Al_1.04_Si_2.96_O_8_,C2/m,monoclinic,Powder,The identification of this mineral has been confirmed by X-ray diffraction and chemical analysis,https://www.rruff.net/odr/rruff_sample/R060313,Sanidine__R060313-1__Powder__Xray_Data_XY_RAW__74b24a1c25138c8795a838ab45bd.txt,00F2F9A06B4D7A2A1AA12100E01626B64EE5B5A84FA2C93BB69014341502BE1D,Sanidine__R060313-1__Powder__DIF_File__51b536efeb9b5aa9f302099691d3.txt,213E69CAB2EA2021C88F1AA0C4DCBB5F20A104751A71295BE1554AB8B48C3B2D,evidence/R060313_Sanidine_metadata.txt,structure_refs/R060313_Sanidine_DIF.txt,5.0,90.0,0.0099999999999997,557,0.4435483871001604,0.0645161290317754,0.0,,,NO_KNOWN_STRICT_RRUFF_MP_MATCH__STRUCTURE_OVERLAP_NOT_EXCLUSION_GATE_FOR_MEASUREMENT_DOMAIN_TEST,final_scope_resolved,This benchmark measures simulation-to-experiment measurement-domain transfer. It is not claimed as an unseen-structure benchmark. No known strict RRUFF–MP mapping match was detected.,FROZEN_FINAL_REAL_TEST,rruff-real-pxrd-70-final-v1,BACKUP35_PROMOTED,measurement_domain_external_test_not_unseen_structure_test,2026-07-24,0.857577419881,0.930419455067,0.803921568627,0.04,0.35,0.958333333333,1,29DA4A7E8AB0F19AEB374D109A0157627C445AB4E1856B9FEF653CABED97510B,adaptation_train,3,20260724,"sha256-v1: SHA256(seed|crystal_system|sample_id), ascending within class",FROZEN_BEFORE_MODEL_ACCESS
RRUFF-R070576,spectra_10_80_step_002/R070576_Sorensenite.csv,monoclinic,RRUFF official XY_RAW and DIF archives,Local research use with mandatory RRUFF citation; redistribution rights are not asserted; public release bundle omits spectra and DIF files,nominal_single_mineral_supported_by_RRUFF_metadata_and_measured_DIF_consistency; quantitative_phase_fraction_not_claimed,Official measured powder profile; confirmed XRD identification; paired DIF space group; measured-vs-DIF consistency audit passed,RRUFF:R070576; SG:Cc; DIF_MEMBER_SHA256:AEDA34246183E441BC5FAD46F425E02ABA350A32741AE61B174EDE10600EC4A5,6C227BFCC3E69D9E5F0CF8A9564DD059F5168FCDB3F42A386E5F5EE97AACE39E,R070576,Sorensenite,Na4Be2Sn(Si3O9)2·2H2O,Na_4_Be_2_Sn(Si_3_O_9_)_2_·2H_2_O,(Na_3.98_[box]_0.02_)Be_2.00_(Sn_0.91_Ti_0.07_Nb^5+^_0.02_)(Si_3.00_O_9_)_2_·2H_2_O ; Be and H_2_O not measured but assumed by stoichiometry,Cc,monoclinic,Powder,The identification of this mineral has been confirmed by X-ray diffraction and chemical analysis,https://www.rruff.net/odr/rruff_sample/R070576,Sorensenite__R070576-1__Powder__Xray_Data_XY_RAW__c00ff097704294728e7a865cd17c.txt,1BCC3A45B52AB3AFAFFE3BF15C63B72E4F3B54395E57EB676CEDA5EDE24561EA,Sorensenite__R070576-1__Powder__DIF_File__c72af6f8d557b795948143ef4722.txt,AEDA34246183E441BC5FAD46F425E02ABA350A32741AE61B174EDE10600EC4A5,evidence/R070576_Sorensenite_metadata.txt,structure_refs/R070576_Sorensenite_DIF.txt,5.0,90.0,0.0099999999999997,402,0.362101313318763,0.0281425891175847,0.0,,,NO_KNOWN_STRICT_RRUFF_MP_MATCH__STRUCTURE_OVERLAP_NOT_EXCLUSION_GATE_FOR_MEASUREMENT_DOMAIN_TEST,final_scope_resolved,This benchmark measures simulation-to-experiment measurement-domain transfer. It is not claimed as an unseen-structure benchmark. No known strict RRUFF–MP mapping match was detected.,FROZEN_FINAL_REAL_TEST,rruff-real-pxrd-70-final-v1,PRIMARY35,measurement_domain_external_test_not_unseen_structure_test,2026-07-24,0.740716648108,0.959723352319,0.914285714286,0.02,0.35,1.0,0,231D5B7E96B28F8801A337F60CB3CCEBF611DE969E2AEA59FF2BF8779EC63C33,adaptation_train,2,20260724,"sha256-v1: SHA256(seed|crystal_system|sample_id), ascending within class",FROZEN_BEFORE_MODEL_ACCESS
RRUFF-R050423,spectra_10_80_step_002/R050423_Bakerite.csv,monoclinic,RRUFF official XY_RAW and DIF archives,Local research use with mandatory RRUFF citation; redistribution rights are not asserted; public release bundle omits spectra and DIF files,nominal_single_mineral_supported_by_RRUFF_metadata_and_measured_DIF_consistency; quantitative_phase_fraction_not_claimed,Official measured powder profile; confirmed XRD identification; paired DIF space group; measured-vs-DIF consistency audit passed,RRUFF:R050423; SG:P2_1/c; DIF_MEMBER_SHA256:9A758199C8946DE83BF908C8F8B95FBDC353A3912D7873BCB692015E8917C763,321C78904ADC5508D3C8D1A8B4848CE4D19591DDCECE31AB859C51BA661B188B,R050423,Bakerite,Ca4B5(SiO4)3(O3(OH)5),Ca_4_B_5_(SiO_4_)_3_(O_3_(OH)_5_),Ca_4.00_(B_4.99_S_0.01_)(Si_2.97_Al_0.03_)O_15_(OH)_5_,P2_1/c,monoclinic,Powder,The identification of this mineral has been confirmed by X-ray diffraction and chemical analysis,https://www.rruff.net/odr/rruff_sample/R050423,Bakerite__R050423-1__Powder__Xray_Data_XY_RAW__98530cbb5d2195aba4e61e1cfa37.txt,D5F01AD037F7C0B6506C8A3E605D72BE5FB3F62F25D9546DAAE3F2653FBB178A,Bakerite__R050423-1__Powder__DIF_File__fbfebdc75c667ca304a337ab0ca4.txt,9A758199C8946DE83BF908C8F8B95FBDC353A3912D7873BCB692015E8917C763,evidence/R050423_Bakerite_metadata.txt,structure_refs/R050423_Bakerite_DIF.txt,5.0,90.0,0.0099999999999997,526,0.4385964912302447,0.0584795321666786,0.0,,,NO_KNOWN_STRICT_RRUFF_MP_MATCH__STRUCTURE_OVERLAP_NOT_EXCLUSION_GATE_FOR_MEASUREMENT_DOMAIN_TEST,final_scope_resolved,This benchmark measures simulation-to-experiment measurement-domain transfer. It is not claimed as an unseen-structure benchmark. No known strict RRUFF–MP mapping match was detected.,FROZEN_FINAL_REAL_TEST,rruff-real-pxrd-70-final-v1,PRIMARY35,measurement_domain_external_test_not_unseen_structure_test,2026-07-24,0.848666422918,0.933559995478,0.836363636364,0.02,0.35,0.916666666667,2,AE49EBD2DE1994CDBC1F0F51EE0D78831BDDA311BDCFAE69EEF0031E871B2F9A,adaptation_validation,,20260724,"sha256-v1: SHA256(seed|crystal_system|sample_id), ascending within class",FROZEN_BEFORE_MODEL_ACCESS
RRUFF-R050480,spectra_10_80_step_002/R050480_Miargyrite.csv,monoclinic,RRUFF official XY_RAW and DIF archives,Local research use with mandatory RRUFF citation; redistribution rights are not asserted; public release bundle omits spectra and DIF files,nominal_single_mineral_supported_by_RRUFF_metadata_and_measured_DIF_consistency; quantitative_phase_fraction_not_claimed,Official measured powder profile; confirmed XRD identification; paired DIF space group; measured-vs-DIF consistency audit passed,RRUFF:R050480; SG:C2; DIF_MEMBER_SHA256:08833283521725E1C3CB85423C08FEB02284E127ACEA242AC4A58BBA4D88E541,A3B0306808281F7B2A4A886EAA8C820CB906D94BC78A346BB47E1270AB5D6965,R050480,Miargyrite,AgSbS2,AgSbS_2_,Ag_1.00_Sb_1.00_S_2.00_,C2,monoclinic,Powder,The identification of this mineral has been confirmed by X-ray diffraction and chemical analysis,https://www.rruff.net/odr/rruff_sample/R050480,Miargyrite__R050480-1__Powder__Xray_Data_XY_RAW__aa07a693ac0013db06259eab4dcb.txt,6D532BA40BD8F76A96D200B333515C89729DF7E1BD0041FA00AFE118240A372F,Miargyrite__R050480-1__Powder__DIF_File__587884b5572c7aa8d28cce4b3c8e.txt,08833283521725E1C3CB85423C08FEB02284E127ACEA242AC4A58BBA4D88E541,evidence/R050480_Miargyrite_metadata.txt,structure_refs/R050480_Miargyrite_DIF.txt,5.0,90.0,0.0099999999999997,558,0.4486486486520295,0.0702702702706933,0.0,,,NO_KNOWN_STRICT_RRUFF_MP_MATCH__STRUCTURE_OVERLAP_NOT_EXCLUSION_GATE_FOR_MEASUREMENT_DOMAIN_TEST,final_scope_resolved,This benchmark measures simulation-to-experiment measurement-domain transfer. It is not claimed as an unseen-structure benchmark. No known strict RRUFF–MP mapping match was detected.,FROZEN_FINAL_REAL_TEST,rruff-real-pxrd-70-final-v1,BACKUP35_PROMOTED,measurement_domain_external_test_not_unseen_structure_test,2026-07-24,0.817259727626,0.901111249844,0.75,0.04,0.35,0.842105263158,3,4C60283FABC968B5FF78F27D503B8BA0AC42A1A45D4F89F496235C038DCCBFFD,adaptation_validation,,20260724,"sha256-v1: SHA256(seed|crystal_system|sample_id), ascending within class",FROZEN_BEFORE_MODEL_ACCESS
RRUFF-R050141,spectra_10_80_step_002/R050141_Creedite.csv,monoclinic,RRUFF official XY_RAW and DIF archives,Local research use with mandatory RRUFF citation; redistribution rights are not asserted; public release bundle omits spectra and DIF files,nominal_single_mineral_supported_by_RRUFF_metadata_and_measured_DIF_consistency; quantitative_phase_fraction_not_claimed,Official measured powder profile; confirmed XRD identification; paired DIF space group; measured-vs-DIF consistency audit passed,RRUFF:R050141; SG:C2/c; DIF_MEMBER_SHA256:F32F16FA67E8C4A251D00DB518D0F4CA6E716E11811933D5D728F448B2CB2AFE,DA557EB5A2F1EB6E2A883C42929638F54E2A4F7F7D1870288B8CA1472D9D823E,R050141,Creedite,Ca3Al2(SO4)(OH)2F8·2H2O,Ca_3_Al_2_(SO_4_)(OH)_2_F_8_·2H_2_O,Ca_3.00_Al_2.00_(S_1.00_O_4_)(OH)_2_(F_7.31_(OH)_0.69_)·2H_2_O ; OH estimated by stoichiometry and charge balance OH=10-F,C2/c,monoclinic,Powder,The identification of this mineral has been confirmed by X-ray diffraction and chemical analysis,https://www.rruff.net/odr/rruff_sample/R050141,Creedite__R050141-1__Powder__Xray_Data_XY_RAW__794fed831fe822f6979372f37fec.txt,AB38951612076B415E7AAEB434E10DED66FDC504A830C59DDF35164B8242AD31,Creedite__R050141-1__Powder__DIF_File__021073eca3310ea37a01bd125893.txt,F32F16FA67E8C4A251D00DB518D0F4CA6E716E11811933D5D728F448B2CB2AFE,evidence/R050141_Creedite_metadata.txt,structure_refs/R050141_Creedite_DIF.txt,5.0,90.0,0.0099999999999997,442,0.3451327433573364,0.0265486725657211,0.0,,,NO_KNOWN_STRICT_RRUFF_MP_MATCH__STRUCTURE_OVERLAP_NOT_EXCLUSION_GATE_FOR_MEASUREMENT_DOMAIN_TEST,final_scope_resolved,This benchmark measures simulation-to-experiment measurement-domain transfer. It is not claimed as an unseen-structure benchmark. No known strict RRUFF–MP mapping match was detected.,FROZEN_FINAL_REAL_TEST,rruff-real-pxrd-70-final-v1,PRIMARY35,measurement_domain_external_test_not_unseen_structure_test,2026-07-24,0.697963868425,0.873231601791,0.79012345679,0.02,0.35,1.0,0,BB25CF426C4ED43B690B1069FFD1D39B82B060F732BC7F2D71AEF38CA2BA0492,final_real_test,,20260724,"sha256-v1: SHA256(seed|crystal_system|sample_id), ascending within class",FROZEN_BEFORE_MODEL_ACCESS
RRUFF-R050569,spectra_10_80_step_002/R050569_Yttrotungstite-_Y.csv,monoclinic,RRUFF official XY_RAW and DIF archives,Local research use with mandatory RRUFF citation; redistribution rights are not asserted; public release bundle omits spectra and DIF files,nominal_single_mineral_supported_by_RRUFF_metadata_and_measured_DIF_consistency; quantitative_phase_fraction_not_claimed,Official measured powder profile; confirmed XRD identification; paired DIF space group; measured-vs-DIF consistency audit passed,RRUFF:R050569; SG:P2_1/m; DIF_MEMBER_SHA256:DE87B09DDF016032396CBB390184B006BF0ECFE3A0FF930BA3C388472613109F,12E952A3C20B6879B6C7C698CE6C8A587287CE879F2AF63CD622AB205EDF91D1,R050569,Yttrotungstite-(Y),"Y(W,Fe,Si,Al,Ti)2(O,OH,H2O)9","Y(W,Fe,Si,Al,Ti)_2_(O,OH,H_2_O)_9_","(Y_0.70_Nd_0.10_Ce_0.07_Dy_0.07_La_0.04_Ca_0.02_)W_2.00_(O_6.00_(OH)_2.98_(H_2_O)_0.02_) ; O, OH and H_2_O estimated by difference and charge balance.",P2_1/m,monoclinic,Powder,The identification of this mineral has been confirmed by X-ray diffraction and chemical analysis,https://www.rruff.net/odr/rruff_sample/R050569,Yttrotungstite-(Y)__R050569-1__Powder__Xray_Data_XY_RAW__234f2d899dc2859d2f272f66b28a.txt,344492A8340FFD53577E585E6126325F5D52E752D4197FAB3D8DEC83184A13E5,Yttrotungstite-(Y)__R050569-1__Powder__DIF_File__6df10ec0b68c0ff5329462500b2d.txt,DE87B09DDF016032396CBB390184B006BF0ECFE3A0FF930BA3C388472613109F,evidence/R050569_Yttrotungstite-_Y_metadata.txt,structure_refs/R050569_Yttrotungstite-_Y_DIF.txt,5.0,90.0,0.0099999999999997,540,0.4017094017108286,0.0598290598282853,0.0,,,NO_KNOWN_STRICT_RRUFF_MP_MATCH__STRUCTURE_OVERLAP_NOT_EXCLUSION_GATE_FOR_MEASUREMENT_DOMAIN_TEST,final_scope_resolved,This benchmark measures simulation-to-experiment measurement-domain transfer. It is not claimed as an unseen-structure benchmark. No known strict RRUFF–MP mapping match was detected.,FROZEN_FINAL_REAL_TEST,rruff-real-pxrd-70-final-v1,PRIMARY35,measurement_domain_external_test_not_unseen_structure_test,2026-07-24,0.819576629373,0.937910400037,0.875,0.02,0.35,1.0,0,FF0EDECCFC0AB7FEAAB1E0D0571D2432A702EA3F89007C84B1CEDC0F67D5842E,final_real_test,,20260724,"sha256-v1: SHA256(seed|crystal_system|sample_id), ascending within class",FROZEN_BEFORE_MODEL_ACCESS
RRUFF-R060047,spectra_10_80_step_002/R060047_Leadhillite.csv,monoclinic,RRUFF official XY_RAW and DIF archives,Local research use with mandatory RRUFF citation; redistribution rights are not asserted; public release bundle omits spectra and DIF files,nominal_single_mineral_supported_by_RRUFF_metadata_and_measured_DIF_consistency; quantitative_phase_fraction_not_claimed,Official measured powder profile; confirmed XRD identification; paired DIF space group; measured-vs-DIF consistency audit passed,RRUFF:R060047; SG:P2_1/a; DIF_MEMBER_SHA256:C463BDB2BE30FF25EDE1F17B75AD15D2C850EED57C15E8622F903722E4105715,DBD755A9A95C7AB5737F2B0536BAFB8901107B58B9F68659745DC4DEED8373C6,R060047,Leadhillite,Pb4(SO4)(CO3)2(OH)2,Pb_4_(SO_4_)(CO_3_)_2_(OH)_2_,Pb_4.00_(S_1.00_O_4_)(CO_3_)_2_(OH)_2_,P2_1/a,monoclinic,Powder,The identification of this mineral has been confirmed by X-ray diffraction and chemical analysis,https://www.rruff.net/odr/rruff_sample/R060047,Leadhillite__R060047-1__Powder__Xray_Data_XY_RAW__da27cdf93d9ae59a5e06927703c0.txt,A22756072B27344C4BF7E7131AEE3CDCC93FBB8C865C923A467C02DBFD999917,Leadhillite__R060047-1__Powder__DIF_File__768f860032ce0fecf4a27eadb078.txt,C463BDB2BE30FF25EDE1F17B75AD15D2C850EED57C15E8622F903722E4105715,evidence/R060047_Leadhillite_metadata.txt,structure_refs/R060047_Leadhillite_DIF.txt,5.0,90.0,0.0099999999999997,431,0.3090909090894393,0.0484848484830617,0.0,,,NO_KNOWN_STRICT_RRUFF_MP_MATCH__STRUCTURE_OVERLAP_NOT_EXCLUSION_GATE_FOR_MEASUREMENT_DOMAIN_TEST,final_scope_resolved,This benchmark measures simulation-to-experiment measurement-domain transfer. It is not claimed as an unseen-structure benchmark. No known strict RRUFF–MP mapping match was detected.,FROZEN_FINAL_REAL_TEST,rruff-real-pxrd-70-final-v1,ELIGIBLE_NOT_SELECTED_PROMOTED_FINAL,measurement_domain_external_test_not_unseen_structure_test,2026-07-24,0.881388913767,0.919844595109,0.818181818182,0.04,0.35,1.0,0,BB1A5E0F9066735B3A70ABE673F97E6D22F33412C71F78701E2707FE981DD26B,final_real_test,,20260724,"sha256-v1: SHA256(seed|crystal_system|sample_id), ascending within class",FROZEN_BEFORE_MODEL_ACCESS
RRUFF-R060061,spectra_10_80_step_002/R060061_Diopside.csv,monoclinic,RRUFF official XY_RAW and DIF archives,Local research use with mandatory RRUFF citation; redistribution rights are not asserted; public release bundle omits spectra and DIF files,nominal_single_mineral_supported_by_RRUFF_metadata_and_measured_DIF_consistency; quantitative_phase_fraction_not_claimed,Official measured powder profile; confirmed XRD identification; paired DIF space group; measured-vs-DIF consistency audit passed,RRUFF:R060061; SG:C2/c; DIF_MEMBER_SHA256:21193F44FA4B7B18F11F288E882F87B44D45ABB824E96149F7C1CA38EFC8AC86,5181A32AC2F096E567F895548022234BE8B21665F42DD91EF3B9631B43533581,R060061,Diopside,CaMgSi2O6,CaMgSi_2_O_6_,(Ca_0.99_Mn_0.01_)(Mg_0.92_Fe^2+^_0.06_Mn_0.02_)(Si_1.99_Al_0.01_)O_6_,C2/c,monoclinic,Powder,The identification of this mineral is confirmed by single-crystal X-ray diffraction and chemical analysis,https://www.rruff.net/odr/rruff_sample/R060061,Diopside__R060061-1__Powder__Xray_Data_XY_RAW__22211a9f98aefdf8d42a879185fa.txt,7B91410002C08882F733D859D9831D184431101D46F413B967DF0EF0BE2948C2,Diopside__R060061-1__Powder__DIF_File__ade2dcd733ef17ce20bdd6146416.txt,21193F44FA4B7B18F11F288E882F87B44D45ABB824E96149F7C1CA38EFC8AC86,evidence/R060061_Diopside_metadata.txt,structure_refs/R060061_Diopside_DIF.txt,5.0,90.0,0.0099999999999997,558,0.2698961937683904,0.0519031141874322,0.0,,,NO_KNOWN_STRICT_RRUFF_MP_MATCH__STRUCTURE_OVERLAP_NOT_EXCLUSION_GATE_FOR_MEASUREMENT_DOMAIN_TEST,final_scope_resolved,This benchmark measures simulation-to-experiment measurement-domain transfer. It is not claimed as an unseen-structure benchmark. No known strict RRUFF–MP mapping match was detected.,FROZEN_FINAL_REAL_TEST,rruff-real-pxrd-70-final-v1,BACKUP35_PROMOTED,measurement_domain_external_test_not_unseen_structure_test,2026-07-24,0.783686596667,0.927623451343,0.84375,0.04,0.35,0.941176470588,1,BDE3E3912B0AC0E2B188E121D16C4FCBBCF02E3C74EAD47F8D7887AFD8BAEB56,final_real_test,,20260724,"sha256-v1: SHA256(seed|crystal_system|sample_id), ascending within class",FROZEN_BEFORE_MODEL_ACCESS
RRUFF-R060559,spectra_10_80_step_002/R060559_Clinohumite.csv,monoclinic,RRUFF official XY_RAW and DIF archives,Local research use with mandatory RRUFF citation; redistribution rights are not asserted; public release bundle omits spectra and DIF files,nominal_single_mineral_supported_by_RRUFF_metadata_and_measured_DIF_consistency; quantitative_phase_fraction_not_claimed,Official measured powder profile; confirmed XRD identification; paired DIF space group; measured-vs-DIF consistency audit passed,RRUFF:R060559; SG:P2_1/b; DIF_MEMBER_SHA256:27BA89EA872DBE9F5CD7E000837EDF88A3448FECEF1E56AE45D5442AD2D41846,8F07D907381FFF16BC88CEE26A691C9E88D871446486A3C21F9C35EFDCA8C8B7,R060559,Clinohumite,Mg9(SiO4)4F2,Mg_9_(SiO_4_)_4_F_2_,(Mg_8.51_Ti_0.24_[box]_0.24_Fe_0.01_)(Si_1.00_O_4_)_4_(F_1.30_(OH)_0.70_) ; OH by difference and stoichiometry,P2_1/b,monoclinic,Powder,The identification of this mineral has been confirmed by X-ray diffraction and chemical analysis,https://www.rruff.net/odr/rruff_sample/R060559,Clinohumite__R060559-1__Powder__Xray_Data_XY_RAW__996b0bc7f3f4d83eee221268b314.txt,D9DA7AA38A148763941FEA79C2A46511A330A8E58FD5248895C7D9F03055F4C6,Clinohumite__R060559-1__Powder__DIF_File__5f6b5dd77ee4700cd1f36722d5f7.txt,27BA89EA872DBE9F5CD7E000837EDF88A3448FECEF1E56AE45D5442AD2D41846,evidence/R060559_Clinohumite_metadata.txt,structure_refs/R060559_Clinohumite_DIF.txt,5.0,90.0,0.0099999999999997,489,0.4606299212640302,0.0354330708690773,0.0,,,NO_KNOWN_STRICT_RRUFF_MP_MATCH__STRUCTURE_OVERLAP_NOT_EXCLUSION_GATE_FOR_MEASUREMENT_DOMAIN_TEST,final_scope_resolved,This benchmark measures simulation-to-experiment measurement-domain transfer. It is not claimed as an unseen-structure benchmark. No known strict RRUFF–MP mapping match was detected.,FROZEN_FINAL_REAL_TEST,rruff-real-pxrd-70-final-v1,PRIMARY35,measurement_domain_external_test_not_unseen_structure_test,2026-07-24,0.863405798802,0.921971656732,0.791666666667,0.08,0.35,1.0,0,B7F5185FC5EAB02383BEB4C1812833757F9CAFCA215EAECAF3E29880B4C5F33E,final_real_test,,20260724,"sha256-v1: SHA256(seed|crystal_system|sample_id), ascending within class",FROZEN_BEFORE_MODEL_ACCESS
RRUFF-R050091,spectra_10_80_step_002/R050091_Thomsonite-Ca.csv,orthorhombic,RRUFF official XY_RAW and DIF archives,Local research use with mandatory RRUFF citation; redistribution rights are not asserted; public release bundle omits spectra and DIF files,nominal_single_mineral_supported_by_RRUFF_metadata_and_measured_DIF_consistency; quantitative_phase_fraction_not_claimed,Official measured powder profile; confirmed XRD identification; paired DIF space group; measured-vs-DIF consistency audit passed,RRUFF:R050091; SG:Pncn; DIF_MEMBER_SHA256:6F04D98EE0C9A99B649E6E3E980DE49396C7292B71EF83EF0AA4C910A2B1D2B2,A632D08BB576B45F87877CBBF48DCFC7CB859C09A30FA9248CCFFAF3B43D88FE,R050091,Thomsonite-Ca,NaCa2(Al5Si5)O20·6H2O,NaCa_2_(Al_5_Si_5_)O_20_·6H_2_O,(Na_0.94_[box]_0.06_)(Ca_1.71_Na_0.29_)(Si_5.35_Al_4.65_)O_20_·7.09H_2_O,Pncn,orthorhombic,Powder,The identification of this mineral has been confirmed by X-ray diffraction and chemical analysis,https://www.rruff.net/odr/rruff_sample/R050091,Thomsonite-Ca__R050091-1__Powder__Xray_Data_XY_RAW__94c8dac27928c3e730b28562b07c.txt,9F2E07AD8390B751392490FD4CBF545283FC1AF5DE94862E95B967771FB36F33,Thomsonite-Ca__R050091-1__Powder__DIF_File__b9314191abc18f06ad04dd290577.txt,6F04D98EE0C9A99B649E6E3E980DE49396C7292B71EF83EF0AA4C910A2B1D2B2,evidence/R050091_Thomsonite-Ca_metadata.txt,structure_refs/R050091_Thomsonite-Ca_DIF.txt,5.0,90.0,0.0099999999999997,382,0.3776337115043378,0.0243111831446699,0.0,,,NO_KNOWN_STRICT_RRUFF_MP_MATCH__STRUCTURE_OVERLAP_NOT_EXCLUSION_GATE_FOR_MEASUREMENT_DOMAIN_TEST,final_scope_resolved,This benchmark measures simulation-to-experiment measurement-domain transfer. It is not claimed as an unseen-structure benchmark. No known strict RRUFF–MP mapping match was detected.,FROZEN_FINAL_REAL_TEST,rruff-real-pxrd-70-final-v1,PRIMARY35,measurement_domain_external_test_not_unseen_structure_test,2026-07-24,0.683633753793,0.922802140524,0.782608695652,0.04,0.35,1.0,0,3D87916AB22443DC933CF1CFC21754C0665D471C9BC91B63C5E8F7A83B35DDC4,adaptation_train,3,20260724,"sha256-v1: SHA256(seed|crystal_system|sample_id), ascending within class",FROZEN_BEFORE_MODEL_ACCESS
RRUFF-R050373,spectra_10_80_step_002/R050373_Enargite.csv,orthorhombic,RRUFF official XY_RAW and DIF archives,Local research use with mandatory RRUFF citation; redistribution rights are not asserted; public release bundle omits spectra and DIF files,nominal_single_mineral_supported_by_RRUFF_metadata_and_measured_DIF_consistency; quantitative_phase_fraction_not_claimed,Official measured powder profile; confirmed XRD identification; paired DIF space group; measured-vs-DIF consistency audit passed,RRUFF:R050373; SG:Pmn2_1; DIF_MEMBER_SHA256:51D0FC80BA2F0BF845383C10751CE401E8B501B6CEF1C51AFA476ABD06D46943,407BBB505926FE37DB18A32EDDEFA8FF7F1F42CB74C7BBDD876F3D4ADDB750EE,R050373,Enargite,Cu3AsS4,Cu_3_AsS_4_,Cu_2.97_As_0.96_Sb_0.01_S_4_,Pmn2_1,orthorhombic,Powder,The identification of this mineral is confirmed by single-crystal X-ray diffraction and chemical analysis,https://www.rruff.net/odr/rruff_sample/R050373,Enargite__R050373-1__Powder__Xray_Data_XY_RAW__3b6db3404e9513de951572a2441f.txt,8BCD9B684360C071D14301F7FC766CBBCD14EAE17F9922C24E236513CDFD7D09,Enargite__R050373-1__Powder__DIF_File__fcd79d847bc87a68b03a323ac4c7.txt,51D0FC80BA2F0BF845383C10751CE401E8B501B6CEF1C51AFA476ABD06D46943,evidence/R050373_Enargite_metadata.txt,structure_refs/R050373_Enargite_DIF.txt,5.0,90.0,0.0099999999999997,539,0.380057803468886,0.088150289019853,0.0,,,NO_KNOWN_STRICT_RRUFF_MP_MATCH__STRUCTURE_OVERLAP_NOT_EXCLUSION_GATE_FOR_MEASUREMENT_DOMAIN_TEST,final_scope_resolved,This benchmark measures simulation-to-experiment measurement-domain transfer. It is not claimed as an unseen-structure benchmark. No known strict RRUFF–MP mapping match was detected.,FROZEN_FINAL_REAL_TEST,rruff-real-pxrd-70-final-v1,BACKUP35_PROMOTED,measurement_domain_external_test_not_unseen_structure_test,2026-07-24,0.844797230454,1.0,1.0,0.04,0.35,0.818181818182,2,298B2CA770B85B07A20CA8ED89BAEE7D155E53EC06E606309627ED3EADF580AC,adaptation_train,2,20260724,"sha256-v1: SHA256(seed|crystal_system|sample_id), ascending within class",FROZEN_BEFORE_MODEL_ACCESS
RRUFF-R061118,spectra_10_80_step_002/R061118_Mordenite.csv,orthorhombic,RRUFF official XY_RAW and DIF archives,Local research use with mandatory RRUFF citation; redistribution rights are not asserted; public release bundle omits spectra and DIF files,nominal_single_mineral_supported_by_RRUFF_metadata_and_measured_DIF_consistency; quantitative_phase_fraction_not_claimed,Official measured powder profile; confirmed XRD identification; paired DIF space group; measured-vs-DIF consistency audit passed,RRUFF:R061118; SG:Cmc2_1; DIF_MEMBER_SHA256:4671A8C6ADD5401176C035B89E627DB81E12A24B1A83F86D06BF49F060388C0F,61D4234B0BF051AA89DC857DC29463BF6F1CEDF881A1A5C7F5D5D3927C08BC9B,R061118,Mordenite,"(Na2,Ca,K2)4(Al8Si40)O96·28H2O","(Na_2_,Ca,K_2_)_4_(Al_8_Si_40_)O_96_·28H_2_O",(Na_5.47_Ca_0.29_K_2.01_)(Al_8.06_Si_39.94_)O_96_·28H_2_O ; H_2_O estimated by difference,Cmc2_1,orthorhombic,Powder,The identification of this mineral has been confirmed by X-ray diffraction and chemical analysis,https://www.rruff.net/odr/rruff_sample/R061118,Mordenite__R061118-1__Powder__Xray_Data_XY_RAW__46a87e1a7b8e6cfaad1d99dc6a0a.txt,E20859796E7CEDB4244322B1D56F981525D48EDD6C066B7678EAE73437241B58,Mordenite__R061118-1__Powder__DIF_File__86d22b5d8b0cd540cf7f6b280c9d.txt,4671A8C6ADD5401176C035B89E627DB81E12A24B1A83F86D06BF49F060388C0F,evidence/R061118_Mordenite_metadata.txt,structure_refs/R061118_Mordenite_DIF.txt,5.0,90.0,0.0099999999999997,451,0.3997071742336437,0.0614934114205508,0.0,,,NO_KNOWN_STRICT_RRUFF_MP_MATCH__STRUCTURE_OVERLAP_NOT_EXCLUSION_GATE_FOR_MEASUREMENT_DOMAIN_TEST,final_scope_resolved,This benchmark measures simulation-to-experiment measurement-domain transfer. It is not claimed as an unseen-structure benchmark. No known strict RRUFF–MP mapping match was detected.,FROZEN_FINAL_REAL_TEST,rruff-real-pxrd-70-final-v1,PRIMARY35,measurement_domain_external_test_not_unseen_structure_test,2026-07-24,0.790600320732,0.89329582937,0.685714285714,0.04,0.35,1.0,0,16013AB646293BF9878EA2BFF0998B7DFE25479FA62E633FBC265B9FD56B4E7F,adaptation_train,1,20260724,"sha256-v1: SHA256(seed|crystal_system|sample_id), ascending within class",FROZEN_BEFORE_MODEL_ACCESS
RRUFF-R050309,spectra_10_80_step_002/R050309_Stephanite.csv,orthorhombic,RRUFF official XY_RAW and DIF archives,Local research use with mandatory RRUFF citation; redistribution rights are not asserted; public release bundle omits spectra and DIF files,nominal_single_mineral_supported_by_RRUFF_metadata_and_measured_DIF_consistency; quantitative_phase_fraction_not_claimed,Official measured powder profile; confirmed XRD identification; paired DIF space group; measured-vs-DIF consistency audit passed,RRUFF:R050309; SG:Cmc2_1; DIF_MEMBER_SHA256:8844F015B49E198A53158037B21FD4CEF27EEB37A1563BD7E058BEF261142068,58EB64677FC9C53368EAB95364595860E461CB1708E7B4424F982819DE313291,R050309,Stephanite,Ag5SbS4,Ag_5_SbS_4_,Ag_5.22_(Sb_0.93_As_0.10_)S_4.00_,Cmc2_1,orthorhombic,Powder,The identification of this mineral is confirmed by single-crystal X-ray diffraction and chemical analysis,https://www.rruff.net/odr/rruff_sample/R050309,Stephanite__R050309-1__Powder__Xray_Data_XY_RAW__bde22ca87d5e94de79f9d049a5da.txt,1C8E144DE9761F6E3A86D248D54AEB8A9D7C2D889D237F9BE6B0030F8C0C0E51,Stephanite__R050309-1__Powder__DIF_File__9037c1ba0b57b19d26f13abb4600.txt,8844F015B49E198A53158037B21FD4CEF27EEB37A1563BD7E058BEF261142068,evidence/R050309_Stephanite_metadata.txt,structure_refs/R050309_Stephanite_DIF.txt,5.0,90.0,0.0099999999999997,591,0.4285714285906654,0.1428571428610581,0.0,,,NO_KNOWN_STRICT_RRUFF_MP_MATCH__STRUCTURE_OVERLAP_NOT_EXCLUSION_GATE_FOR_MEASUREMENT_DOMAIN_TEST,final_scope_resolved,This benchmark measures simulation-to-experiment measurement-domain transfer. It is not claimed as an unseen-structure benchmark. No known strict RRUFF–MP mapping match was detected.,FROZEN_FINAL_REAL_TEST,rruff-real-pxrd-70-final-v1,BACKUP35_PROMOTED,measurement_domain_external_test_not_unseen_structure_test,2026-07-24,0.844343552708,0.813472563473,0.657142857143,0.04,0.35,0.931034482759,2,526C40C65B7CFBB5775427375CE3169704A88F779FC5B4D148979FFB14263595,adaptation_validation,,20260724,"sha256-v1: SHA256(seed|crystal_system|sample_id), ascending within class",FROZEN_BEFORE_MODEL_ACCESS
RRUFF-R050375,spectra_10_80_step_002/R050375_Baryte.csv,orthorhombic,RRUFF official XY_RAW and DIF archives,Local research use with mandatory RRUFF citation; redistribution rights are not asserted; public release bundle omits spectra and DIF files,nominal_single_mineral_supported_by_RRUFF_metadata_and_measured_DIF_consistency; quantitative_phase_fraction_not_claimed,Official measured powder profile; confirmed XRD identification; paired DIF space group; measured-vs-DIF consistency audit passed,RRUFF:R050375; SG:Pnma; DIF_MEMBER_SHA256:FF1ED2F66851E856C9B949D60A4913803F1F0C3055A5C775AE3A05B4E5312C0D,86E95CEA579BCA5CB8A3FCB37DE832C9F7E6F4251352D9C6CAC4E812DEED1EF7,R050375,Baryte,Ba(SO4),Ba(SO_4_),Ba_1.00_SO_4_,Pnma,orthorhombic,Powder,The identification of this mineral has been confirmed by X-ray diffraction and chemical analysis,https://www.rruff.net/odr/rruff_sample/R050375,Baryte__R050375-1__Powder__Xray_Data_XY_RAW__447490cad8be04e2f76b04802837.txt,25D23AE992F692880D03C4EEB6959F006238FDAEB187ED29E891BBAB930C92C6,Baryte__R050375-1__Powder__DIF_File__73b3f896a31865985d78dcd5d905.txt,FF1ED2F66851E856C9B949D60A4913803F1F0C3055A5C775AE3A05B4E5312C0D,evidence/R050375_Baryte_metadata.txt,structure_refs/R050375_Baryte_DIF.txt,5.0,90.0,0.0099999999999997,492,0.5294117647048832,0.0462184873948548,0.0,,,NO_KNOWN_STRICT_RRUFF_MP_MATCH__STRUCTURE_OVERLAP_NOT_EXCLUSION_GATE_FOR_MEASUREMENT_DOMAIN_TEST,final_scope_resolved,This benchmark measures simulation-to-experiment measurement-domain transfer. It is not claimed as an unseen-structure benchmark. No known strict RRUFF–MP mapping match was detected.,FROZEN_FINAL_REAL_TEST,rruff-real-pxrd-70-final-v1,BACKUP35_PROMOTED,measurement_domain_external_test_not_unseen_structure_test,2026-07-24,0.886823644639,0.925490547086,0.770833333333,0.04,0.35,1.0,0,3DAE97599F5D115088AB907254EF9B1D189D2EAA751F039E295D5A1D869BA1C9,adaptation_validation,,20260724,"sha256-v1: SHA256(seed|crystal_system|sample_id), ascending within class",FROZEN_BEFORE_MODEL_ACCESS
RRUFF-R040005,spectra_10_80_step_002/R040005_Catapleiite.csv,orthorhombic,RRUFF official XY_RAW and DIF archives,Local research use with mandatory RRUFF citation; redistribution rights are not asserted; public release bundle omits spectra and DIF files,nominal_single_mineral_supported_by_RRUFF_metadata_and_measured_DIF_consistency; quantitative_phase_fraction_not_claimed,Official measured powder profile; confirmed XRD identification; paired DIF space group; measured-vs-DIF consistency audit passed,RRUFF:R040005; SG:Pbnn; DIF_MEMBER_SHA256:B0F1F3141A5F8208454D50DFFFA8987CED349CB214F1F5B2620519E4CAAE5E5B,1D4C0DDD63151524B56C486723EF27AFF3C85874F2C9A1F585748395E60A7E2B,R040005,Catapleiite,Na2Zr(Si3O9)·2H2O,Na_2_Zr(Si_3_O_9_)·2H_2_O,(Na_1.28_Ca_0.36_[box]_0.36_)Zr_1.00_Si_3.00_O_9_·2H_2_O,Pbnn,orthorhombic,Powder,The identification of this mineral has been confirmed by X-ray diffraction and chemical analysis,https://www.rruff.net/odr/rruff_sample/R040005,Catapleiite__R040005-1__Powder__Xray_Data_XY_RAW__bb0d9c32f994f834ae190c40292c.txt,9879D98A4E2389F5A42B6AD94FAE6C08CE96AB95D5D313408CCB08B1ABB715AE,Catapleiite__R040005-1__Powder__DIF_File__45602b7a34fc0be478f8e2569f7c.txt,B0F1F3141A5F8208454D50DFFFA8987CED349CB214F1F5B2620519E4CAAE5E5B,evidence/R040005_Catapleiite_metadata.txt,structure_refs/R040005_Catapleiite_DIF.txt,5.0,90.0,0.0099999999999997,251,0.3856783919569469,0.021356783919293,0.0,,,NO_KNOWN_STRICT_RRUFF_MP_MATCH__STRUCTURE_OVERLAP_NOT_EXCLUSION_GATE_FOR_MEASUREMENT_DOMAIN_TEST,final_scope_resolved,This benchmark measures simulation-to-experiment measurement-domain transfer. It is not claimed as an unseen-structure benchmark. No known strict RRUFF–MP mapping match was detected.,FROZEN_FINAL_REAL_TEST,rruff-real-pxrd-70-final-v1,PRIMARY35,measurement_domain_external_test_not_unseen_structure_test,2026-07-24,0.717420875061,0.980700642483,0.936170212766,3.33066907388e-16,0.35,1.0,0,577C9FD8D33B7592422B9846459561EAC0DB6FE58E5E1F9FDAFA8732CB6506F2,final_real_test,,20260724,"sha256-v1: SHA256(seed|crystal_system|sample_id), ascending within class",FROZEN_BEFORE_MODEL_ACCESS
RRUFF-R050408,spectra_10_80_step_002/R050408_Anglesite.csv,orthorhombic,RRUFF official XY_RAW and DIF archives,Local research use with mandatory RRUFF citation; redistribution rights are not asserted; public release bundle omits spectra and DIF files,nominal_single_mineral_supported_by_RRUFF_metadata_and_measured_DIF_consistency; quantitative_phase_fraction_not_claimed,Official measured powder profile; confirmed XRD identification; paired DIF space group; measured-vs-DIF consistency audit passed,RRUFF:R050408; SG:Pbnm; DIF_MEMBER_SHA256:774C2ED2353A0B8C025AE268A4501037F226F5F1A9A6EC7DDFE0E65882D88B16,CC8361A5F94F52E66F84281B8E97C175462A858605F1FC2E9511F19FDC64A0FF,R050408,Anglesite,Pb(SO4),Pb(SO_4_),Pb_1.00_S_1.00_O_4_,Pbnm,orthorhombic,Powder,The identification of this mineral has been confirmed by X-ray diffraction and chemical analysis,https://www.rruff.net/odr/rruff_sample/R050408,Anglesite__R050408-1__Powder__Xray_Data_XY_RAW__56fc4b8e1e7ebe07474021e0ddeb.txt,2C5815F788B4E973EACD89F363816E598EFF38DE6B8587FC2B89047B75E283DB,Anglesite__R050408-1__Powder__DIF_File__bcdc8d7e640fa1a3ebeabfa0793e.txt,774C2ED2353A0B8C025AE268A4501037F226F5F1A9A6EC7DDFE0E65882D88B16,evidence/R050408_Anglesite_metadata.txt,structure_refs/R050408_Anglesite_DIF.txt,5.0,90.0,0.0099999999999997,508,0.5964912280735492,0.0760233918108717,0.0,,,NO_KNOWN_STRICT_RRUFF_MP_MATCH__STRUCTURE_OVERLAP_NOT_EXCLUSION_GATE_FOR_MEASUREMENT_DOMAIN_TEST,final_scope_resolved,This benchmark measures simulation-to-experiment measurement-domain transfer. It is not claimed as an unseen-structure benchmark. No known strict RRUFF–MP mapping match was detected.,FROZEN_FINAL_REAL_TEST,rruff-real-pxrd-70-final-v1,BACKUP35_PROMOTED,measurement_domain_external_test_not_unseen_structure_test,2026-07-24,0.876975863154,0.957206498202,0.844444444444,0.04,0.35,0.962962962963,1,872D362E7CDE72D98E8B97A8A38A217E6639BFF9806FFEB84C7FA155A72B0C75,final_real_test,,20260724,"sha256-v1: SHA256(seed|crystal_system|sample_id), ascending within class",FROZEN_BEFORE_MODEL_ACCESS
RRUFF-R050513,spectra_10_80_step_002/R050513_Newberyite.csv,orthorhombic,RRUFF official XY_RAW and DIF archives,Local research use with mandatory RRUFF citation; redistribution rights are not asserted; public release bundle omits spectra and DIF files,nominal_single_mineral_supported_by_RRUFF_metadata_and_measured_DIF_consistency; quantitative_phase_fraction_not_claimed,Official measured powder profile; confirmed XRD identification; paired DIF space group; measured-vs-DIF consistency audit passed,RRUFF:R050513; SG:Pbca; DIF_MEMBER_SHA256:2CF52A1AF3323C94C9271B9C8BCE1927B1F524453F5A0CACFB4EC56139C8D18A,0880428C6B51319BCB346239BA8438F914752E004053B97897FB265D7332AC66,R050513,Newberyite,Mg(PO3OH)·3H2O,Mg(PO_3_OH)·3H_2_O,(Mg_0.98_Mn_0.01_Ca_0.01_)(P_1.00_O_3_OH)·3H_2_O,Pbca,orthorhombic,Powder,The identification of this mineral has been confirmed by X-ray diffraction and chemical analysis,https://www.rruff.net/odr/rruff_sample/R050513,Newberyite__R050513-1__Powder__Xray_Data_XY_RAW__d95e9cbecb9261df0310c5ff49bc.txt,E0CEF0218F2F3CF3E865E0E5194197DEA18D6D5CDFBF2A3CE26562DAA865282C,Newberyite__R050513-1__Powder__DIF_File__43c65278514bfa83f2c11059d1c5.txt,2CF52A1AF3323C94C9271B9C8BCE1927B1F524453F5A0CACFB4EC56139C8D18A,evidence/R050513_Newberyite_metadata.txt,structure_refs/R050513_Newberyite_DIF.txt,5.0,90.0,0.0099999999999997,507,0.3419913419874463,0.0519480519472842,0.0,,,NO_KNOWN_STRICT_RRUFF_MP_MATCH__STRUCTURE_OVERLAP_NOT_EXCLUSION_GATE_FOR_MEASUREMENT_DOMAIN_TEST,final_scope_resolved,This benchmark measures simulation-to-experiment measurement-domain transfer. It is not claimed as an unseen-structure benchmark. No known strict RRUFF–MP mapping match was detected.,FROZEN_FINAL_REAL_TEST,rruff-real-pxrd-70-final-v1,PRIMARY35,measurement_domain_external_test_not_unseen_structure_test,2026-07-24,0.661319699378,0.874188130362,0.733333333333,0.02,0.35,0.962962962963,1,F654C3C097B573F3F1B961316A1254ADB7873B18E61E5CA9CCF5E7E3762BB0DB,final_real_test,,20260724,"sha256-v1: SHA256(seed|crystal_system|sample_id), ascending within class",FROZEN_BEFORE_MODEL_ACCESS
RRUFF-R070485,spectra_10_80_step_002/R070485_Zektzerite.csv,orthorhombic,RRUFF official XY_RAW and DIF archives,Local research use with mandatory RRUFF citation; redistribution rights are not asserted; public release bundle omits spectra and DIF files,nominal_single_mineral_supported_by_RRUFF_metadata_and_measured_DIF_consistency; quantitative_phase_fraction_not_claimed,Official measured powder profile; confirmed XRD identification; paired DIF space group; measured-vs-DIF consistency audit passed,RRUFF:R070485; SG:Cmca; DIF_MEMBER_SHA256:F41B9172348DF772EC9122A3ED21D92B281DCFAB1EE7392323B963BFA4B0390C,3F0A1C0132B8143DA1DFA1D17AF0B7CAFF83728BD936EA72C8700531EE60B9D4,R070485,Zektzerite,NaLiZrSi6O15,NaLiZrSi_6_O_15_,Na_1.00_Li_1.00_(Zr_0.97_Ti_0.02_Hf_0.01_)Si_6.00_O_15_ ; trace amounts of Al and Fe  Li_2_O estimated by difference,Cmca,orthorhombic,Powder,The identification of this mineral has been confirmed by X-ray diffraction and chemical analysis,https://www.rruff.net/odr/rruff_sample/R070485,Zektzerite__R070485-1__Powder__Xray_Data_XY_RAW__e36cc409b26105bb6a2d9661ea49.txt,BA71D0F51B225CD6D966835CF2912084F65C5824BB9DB0FFD26BA51EA4BD4250,Zektzerite__R070485-1__Powder__DIF_File__d77995551393cf23d7f796b49b17.txt,F41B9172348DF772EC9122A3ED21D92B281DCFAB1EE7392323B963BFA4B0390C,evidence/R070485_Zektzerite_metadata.txt,structure_refs/R070485_Zektzerite_DIF.txt,5.0,90.0,0.0099999999999997,299,0.325719960274245,0.0238331678251712,0.0,,,NO_KNOWN_STRICT_RRUFF_MP_MATCH__STRUCTURE_OVERLAP_NOT_EXCLUSION_GATE_FOR_MEASUREMENT_DOMAIN_TEST,final_scope_resolved,This benchmark measures simulation-to-experiment measurement-domain transfer. It is not claimed as an unseen-structure benchmark. No known strict RRUFF–MP mapping match was detected.,FROZEN_FINAL_REAL_TEST,rruff-real-pxrd-70-final-v1,PRIMARY35,measurement_domain_external_test_not_unseen_structure_test,2026-07-24,0.661514617081,0.906779661017,0.789473684211,0.02,0.35,1.0,0,B9F23012B5AB9C332D24194A017E247F147AE581CA6F21EEB26FD632AE4F4318,final_real_test,,20260724,"sha256-v1: SHA256(seed|crystal_system|sample_id), ascending within class",FROZEN_BEFORE_MODEL_ACCESS
RRUFF-R230005,spectra_10_80_step_002/R230005_Edwindavisite.csv,orthorhombic,RRUFF official XY_RAW and DIF archives,Local research use with mandatory RRUFF citation; redistribution rights are not asserted; public release bundle omits spectra and DIF files,nominal_single_mineral_supported_by_RRUFF_metadata_and_measured_DIF_consistency; quantitative_phase_fraction_not_claimed,Official measured powder profile; confirmed XRD identification; paired DIF space group; measured-vs-DIF consistency audit passed,RRUFF:R230005; SG:Pbca; DIF_MEMBER_SHA256:7EB403AC50C73B25EA1B9ABDFB87A917202FE00F4CE3B0BD731270DD425AAE8E,5B88AF71A00DC56633AF25C50E3E9346167656B103E06494916D4FEC976D4032,R230005,Edwindavisite,Cu(C2O4)(NH3),Cu(C_2_O_4_)(NH_3_),Cu_1.01_(C_2_O_4.01_)(N_1.00_H_3.00_) ; Calculated based on two C apfu,Pbca,orthorhombic,Powder,The identification of this mineral is confirmed by single-crystal X-ray diffraction and chemical analysis,https://www.rruff.net/odr/rruff_sample/R230005,Edwindavisite__R230005__Powder__Xray_Data_XY_RAW__03a72326db143705bf73093026cc.txt,9FB75119FCFFFE6B33CA76E642105BE8AC99D8C7FAB76B6F08271C3DCA9DF9CB,Edwindavisite__R230005__Powder__DIF_File__f521a293899fb0fdf7ff1300364a.txt,7EB403AC50C73B25EA1B9ABDFB87A917202FE00F4CE3B0BD731270DD425AAE8E,evidence/R230005_Edwindavisite_metadata.txt,structure_refs/R230005_Edwindavisite_DIF.txt,5.0,80.0,0.0099999999999997,36,0.7943262411346232,0.0390070921985815,0.0,,,NO_KNOWN_STRICT_RRUFF_MP_MATCH__STRUCTURE_OVERLAP_NOT_EXCLUSION_GATE_FOR_MEASUREMENT_DOMAIN_TEST,final_scope_resolved,This benchmark measures simulation-to-experiment measurement-domain transfer. It is not claimed as an unseen-structure benchmark. No known strict RRUFF–MP mapping match was detected.,FROZEN_FINAL_REAL_TEST,rruff-real-pxrd-70-final-v1,BACKUP35_PROMOTED,measurement_domain_external_test_not_unseen_structure_test,2026-07-24,0.906496757118,0.901060070671,0.774193548387,-0.02,0.35,1.0,0,8875E0329D3BC22CE6FB08D7038333225808246C11635C28AC23613739C4A5A6,final_real_test,,20260724,"sha256-v1: SHA256(seed|crystal_system|sample_id), ascending within class",FROZEN_BEFORE_MODEL_ACCESS
RRUFF-R050056,spectra_10_80_step_002/R050056_Vesuvianite.csv,tetragonal,RRUFF official XY_RAW and DIF archives,Local research use with mandatory RRUFF citation; redistribution rights are not asserted; public release bundle omits spectra and DIF files,nominal_single_mineral_supported_by_RRUFF_metadata_and_measured_DIF_consistency; quantitative_phase_fraction_not_claimed,Official measured powder profile; confirmed XRD identification; paired DIF space group; measured-vs-DIF consistency audit passed,RRUFF:R050056; SG:P4/nnc; DIF_MEMBER_SHA256:275E2256BAC3610FCF6FBEFCCCAD72C691D26C41CF97869C46C2046ED487B2BC,220C69705BAA3F84B746522E9B8635ED3DF48367E89B99F75EB83CA2B8341BE0,R050056,Vesuvianite,"(Ca,Na)19(Al,Mg,Fe)13(SiO4)10(Si2O7)4(OH,F,O)10","(Ca,Na)_19_(Al,Mg,Fe)_13_(SiO_4_)_10_(Si_2_O_7_)_4_(OH,F,O)_10_",Ca_19_(Al_.804_Mg_.149_Fe_.045_Mn_.002_)_13_Si_18_O_68_(OH)_10_,P4/nnc,tetragonal,Powder,The identification of this mineral has been confirmed by X-ray diffraction and chemical analysis,https://www.rruff.net/odr/rruff_sample/R050056,Vesuvianite__R050056-1__Powder__Xray_Data_XY_RAW__f8d7342021b6f13b036457993f92.txt,2367E41EE67B6712C9F14CE58ECAF4535E8247F17AD7D4FC00E698E828C915B3,Vesuvianite__R050056-1__Powder__DIF_File__c0b49bcee8a93b3e2123711af838.txt,275E2256BAC3610FCF6FBEFCCCAD72C691D26C41CF97869C46C2046ED487B2BC,evidence/R050056_Vesuvianite_metadata.txt,structure_refs/R050056_Vesuvianite_DIF.txt,5.0,90.0,0.0099999999999997,494,0.2317073170759555,0.030487804878401,0.0,,,NO_KNOWN_STRICT_RRUFF_MP_MATCH__STRUCTURE_OVERLAP_NOT_EXCLUSION_GATE_FOR_MEASUREMENT_DOMAIN_TEST,final_scope_resolved,This benchmark measures simulation-to-experiment measurement-domain transfer. It is not claimed as an unseen-structure benchmark. No known strict RRUFF–MP mapping match was detected.,FROZEN_FINAL_REAL_TEST,rruff-real-pxrd-70-final-v1,BACKUP35_PROMOTED,measurement_domain_external_test_not_unseen_structure_test,2026-07-24,0.843042109756,0.865543377194,0.72,0.04,0.35,1.0,0,05684B93308C35A0BD385678338A1895B0BD27E5E6D49BA851192E71BD238202,adaptation_train,1,20260724,"sha256-v1: SHA256(seed|crystal_system|sample_id), ascending within class",FROZEN_BEFORE_MODEL_ACCESS
RRUFF-R050640,spectra_10_80_step_002/R050640_Phosgenite.csv,tetragonal,RRUFF official XY_RAW and DIF archives,Local research use with mandatory RRUFF citation; redistribution rights are not asserted; public release bundle omits spectra and DIF files,nominal_single_mineral_supported_by_RRUFF_metadata_and_measured_DIF_consistency; quantitative_phase_fraction_not_claimed,Official measured powder profile; confirmed XRD identification; paired DIF space group; measured-vs-DIF consistency audit passed,RRUFF:R050640; SG:P4/mbm; DIF_MEMBER_SHA256:01181F4A3FAD8115BAC0F9F3BFBCBA83279DFE616CB5BF96A87E07D20B7E6130,7DD20994C7A541C4F123E1A03172B63D311381BA16F441371B2A24A22C754930,R050640,Phosgenite,Pb2(CO3)Cl2,Pb_2_(CO_3_)Cl_2_,Pb_2.00_(CO_3_)Cl_2.03_ ; C estimated by difference,P4/mbm,tetragonal,Powder,The identification of this mineral has been confirmed by X-ray diffraction and chemical analysis,https://www.rruff.net/odr/rruff_sample/R050640,Phosgenite__R050640-1__Powder__Xray_Data_XY_RAW__cec902f05ed0f4f34d1ad9ab6cf9.txt,94F0A82531EA7F702029EE51121B3DC5C247B8D9A76BB0E3F1FBE85F811ED087,Phosgenite__R050640-1__Powder__DIF_File__fa02a2bbcdc745a6ae8efecc4846.txt,01181F4A3FAD8115BAC0F9F3BFBCBA83279DFE616CB5BF96A87E07D20B7E6130,evidence/R050640_Phosgenite_metadata.txt,structure_refs/R050640_Phosgenite_DIF.txt,5.0,90.0,0.0099999999999997,423,0.1991434689478152,0.0192719486076516,0.0,,,NO_KNOWN_STRICT_RRUFF_MP_MATCH__STRUCTURE_OVERLAP_NOT_EXCLUSION_GATE_FOR_MEASUREMENT_DOMAIN_TEST,final_scope_resolved,This benchmark measures simulation-to-experiment measurement-domain transfer. It is not claimed as an unseen-structure benchmark. No known strict RRUFF–MP mapping match was detected.,FROZEN_FINAL_REAL_TEST,rruff-real-pxrd-70-final-v1,BACKUP35_PROMOTED,measurement_domain_external_test_not_unseen_structure_test,2026-07-24,0.71733943442,0.988528421639,0.95652173913,0.02,0.35,0.95,1,3BE8A83820DFB3A1AB646E38692B75D6145BE77607D8B16FB2D5869AA129BD11,adaptation_train,3,20260724,"sha256-v1: SHA256(seed|crystal_system|sample_id), ascending within class",FROZEN_BEFORE_MODEL_ACCESS
RRUFF-R050643,spectra_10_80_step_002/R050643_Wardite.csv,tetragonal,RRUFF official XY_RAW and DIF archives,Local research use with mandatory RRUFF citation; redistribution rights are not asserted; public release bundle omits spectra and DIF files,nominal_single_mineral_supported_by_RRUFF_metadata_and_measured_DIF_consistency; quantitative_phase_fraction_not_claimed,Official measured powder profile; confirmed XRD identification; paired DIF space group; measured-vs-DIF consistency audit passed,RRUFF:R050643; SG:P4_12_12; DIF_MEMBER_SHA256:EC69B581587A8F7343B55A25C111641AC017588E66C17D106B296981D812D219,A3F398F0E62835459FF419AE37072A23D263A5FD9B2A117615E4DD602C7E7161,R050643,Wardite,NaAl3(PO4)2(OH)4·2H2O,NaAl_3_(PO_4_)_2_(OH)_4_·2H_2_O,(Na_0.93_[box]_0.05_Ca_0.02_)(Al_2.97_Fe^3+^_0.03_)(P_1.00_O_4_)_2_((OH)_3.88_F_0.12_)·2H_2_O,P4_12_12,tetragonal,Powder,The identification of this mineral has been confirmed by X-ray diffraction and chemical analysis,https://www.rruff.net/odr/rruff_sample/R050643,Wardite__R050643-1__Powder__Xray_Data_XY_RAW__e8a6128a2992108cee62f7ec9343.txt,D69031871C20CD24CF674059A48913BD14FAA563B524303557F6C57906F57E62,Wardite__R050643-1__Powder__DIF_File__bdbc502113d0a4ff9ab10e31b855.txt,EC69B581587A8F7343B55A25C111641AC017588E66C17D106B296981D812D219,evidence/R050643_Wardite_metadata.txt,structure_refs/R050643_Wardite_DIF.txt,5.0,90.0,0.0099999999999997,182,0.1883116883107232,0.0129870129870588,0.0,,,NO_KNOWN_STRICT_RRUFF_MP_MATCH__STRUCTURE_OVERLAP_NOT_EXCLUSION_GATE_FOR_MEASUREMENT_DOMAIN_TEST,final_scope_resolved,This benchmark measures simulation-to-experiment measurement-domain transfer. It is not claimed as an unseen-structure benchmark. No known strict RRUFF–MP mapping match was detected.,FROZEN_FINAL_REAL_TEST,rruff-real-pxrd-70-final-v1,PRIMARY35,measurement_domain_external_test_not_unseen_structure_test,2026-07-24,0.664934332478,0.887685166999,0.755102040816,0.02,0.35,1.0,0,073117EB68B71619822B403600EE52F953A4F17F4B383D6D35878488CFED30D7,adaptation_train,2,20260724,"sha256-v1: SHA256(seed|crystal_system|sample_id), ascending within class",FROZEN_BEFORE_MODEL_ACCESS
RRUFF-R040095,spectra_10_80_step_002/R040095_Fluorapophyllite-_K.csv,tetragonal,RRUFF official XY_RAW and DIF archives,Local research use with mandatory RRUFF citation; redistribution rights are not asserted; public release bundle omits spectra and DIF files,nominal_single_mineral_supported_by_RRUFF_metadata_and_measured_DIF_consistency; quantitative_phase_fraction_not_claimed,Official measured powder profile; confirmed XRD identification; paired DIF space group; measured-vs-DIF consistency audit passed,RRUFF:R040095; SG:P4/mnc; DIF_MEMBER_SHA256:6E04ED48E10D37AB3952230989E8FD9A8DBCE65A9B583AF05ECD12211843A909,76F2CC01196A449374E93AC5D68231A93FB385384F7E70465AEFC347D9BA08D7,R040095,Fluorapophyllite-(K),KCa4Si8O20F·8H2O,KCa_4_Si_8_O_20_F·8H_2_O,(K_0.90_Na_0.04_)Ca_3.96_Si_8.00_O_20_(F_0.82_(OH)_0.18_)·8H_2_O,P4/mnc,tetragonal,Powder,The identification of this mineral has been confirmed by X-ray diffraction and chemical analysis,https://www.rruff.net/odr/rruff_sample/R040095,Fluorapophyllite-(K)__R040095-1__Powder__Xray_Data_XY_RAW__9c617a459c5dc4960c1703e4bc42.txt,E15585420A168AA0EAD311FC9E1E9D1FC1DEBD896F7A05D101AFE19ED2DF74AD,Fluorapophyllite-(K)__R040095-1__Powder__DIF_File__11f807e44c8632d24b1813ab0e26.txt,6E04ED48E10D37AB3952230989E8FD9A8DBCE65A9B583AF05ECD12211843A909,evidence/R040095_Fluorapophyllite-_K_metadata.txt,structure_refs/R040095_Fluorapophyllite-_K_DIF.txt,5.0,89.99,0.0099999999999997,512,0.3848580441668589,0.0504731861191904,0.0,,,NO_KNOWN_STRICT_RRUFF_MP_MATCH__STRUCTURE_OVERLAP_NOT_EXCLUSION_GATE_FOR_MEASUREMENT_DOMAIN_TEST,final_scope_resolved,This benchmark measures simulation-to-experiment measurement-domain transfer. It is not claimed as an unseen-structure benchmark. No known strict RRUFF–MP mapping match was detected.,FROZEN_FINAL_REAL_TEST,rruff-real-pxrd-70-final-v1,PRIMARY35,measurement_domain_external_test_not_unseen_structure_test,2026-07-24,0.785292287641,0.970576375249,0.909090909091,0.04,0.35,1.0,0,9A5160F86FCEBF94310EDDC0528A14D69657F4BFC27D2292D8A57781873EB4F1,adaptation_validation,,20260724,"sha256-v1: SHA256(seed|crystal_system|sample_id), ascending within class",FROZEN_BEFORE_MODEL_ACCESS
RRUFF-R050372,spectra_10_80_step_002/R050372_Diaboleite.csv,tetragonal,RRUFF official XY_RAW and DIF archives,Local research use with mandatory RRUFF citation; redistribution rights are not asserted; public release bundle omits spectra and DIF files,nominal_single_mineral_supported_by_RRUFF_metadata_and_measured_DIF_consistency; quantitative_phase_fraction_not_claimed,Official measured powder profile; confirmed XRD identification; paired DIF space group; measured-vs-DIF consistency audit passed,RRUFF:R050372; SG:P4mm; DIF_MEMBER_SHA256:5C961EAC65BE5315D16CE8479BE83865230788D8005082E0B9A8B810CA47A123,52807C79FFD55FC5808DB969D9542B991A4AA3FC014473E7BE672C5F9FD78467,R050372,Diaboleite,CuPb2Cl2(OH)4,CuPb_2_Cl_2_(OH)_4_,(Cu_0.91_Pb_0.09_)Pb_2.00_Cl_2.00_(OH)_4_,P4mm,tetragonal,Powder,The identification of this mineral has been confirmed by X-ray diffraction and chemical analysis,https://www.rruff.net/odr/rruff_sample/R050372,Diaboleite__R050372-1__Powder__Xray_Data_XY_RAW__7f7ae58773fc5d0e886c1a1f280c.txt,4DB69AC540D8AD236A5E8785D68A7860212087BF81EE9FA333071A73E773C89B,Diaboleite__R050372-1__Powder__DIF_File__497d062213f13caa3062d73a4627.txt,5C961EAC65BE5315D16CE8479BE83865230788D8005082E0B9A8B810CA47A123,evidence/R050372_Diaboleite_metadata.txt,structure_refs/R050372_Diaboleite_DIF.txt,5.0,90.0,0.0099999999999997,469,0.259887005653258,0.0338983050834777,0.0,,,NO_KNOWN_STRICT_RRUFF_MP_MATCH__STRUCTURE_OVERLAP_NOT_EXCLUSION_GATE_FOR_MEASUREMENT_DOMAIN_TEST,final_scope_resolved,This benchmark measures simulation-to-experiment measurement-domain transfer. It is not claimed as an unseen-structure benchmark. No known strict RRUFF–MP mapping match was detected.,FROZEN_FINAL_REAL_TEST,rruff-real-pxrd-70-final-v1,PRIMARY35,measurement_domain_external_test_not_unseen_structure_test,2026-07-24,0.753590271559,0.964487567755,0.913043478261,0.04,0.35,0.944444444444,1,8EEB53ED1FA0ECAAB88663D503CB6DA69838D736C12660EE308FF58DC8964F8D,adaptation_validation,,20260724,"sha256-v1: SHA256(seed|crystal_system|sample_id), ascending within class",FROZEN_BEFORE_MODEL_ACCESS
RRUFF-R040153,spectra_10_80_step_002/R040153_Pyrolusite.csv,tetragonal,RRUFF official XY_RAW and DIF archives,Local research use with mandatory RRUFF citation; redistribution rights are not asserted; public release bundle omits spectra and DIF files,nominal_single_mineral_supported_by_RRUFF_metadata_and_measured_DIF_consistency; quantitative_phase_fraction_not_claimed,Official measured powder profile; confirmed XRD identification; paired DIF space group; measured-vs-DIF consistency audit passed,RRUFF:R040153; SG:P4_2/mnm; DIF_MEMBER_SHA256:51E90BA47BFCC18767B34FF53CCE4109F08BC761DABC544E7B3AFD326EC74583,70D36B29D8561ED3807C447EBFB77F0AC0C66D2C2E9A5FA86DDC3C0BBF2BDD1E,R040153,Pyrolusite,MnO2,MnO_2_,(Mn_0.97_Zn_0.02_Fe_0.01_)O_2_,P4_2/mnm,tetragonal,Powder,The identification of this mineral has been confirmed by X-ray diffraction and chemical analysis,https://www.rruff.net/odr/rruff_sample/R040153,Pyrolusite__R040153-1__Powder__Xray_Data_XY_RAW__dc54b1b84d7a42edda31d0c051bf.txt,0B0D3D03AC1D247205E4088C0DD5B94124C96CDA913DC5A7A338A42118B6B9BB,Pyrolusite__R040153-1__Powder__DIF_File__20078a1cb0af4306c4495ea64d09.txt,51E90BA47BFCC18767B34FF53CCE4109F08BC761DABC544E7B3AFD326EC74583,evidence/R040153_Pyrolusite_metadata.txt,structure_refs/R040153_Pyrolusite_DIF.txt,5.0,90.0,0.0099999999999997,598,0.2476617776857127,0.0616958029257742,0.0,,,NO_KNOWN_STRICT_RRUFF_MP_MATCH__STRUCTURE_OVERLAP_NOT_EXCLUSION_GATE_FOR_MEASUREMENT_DOMAIN_TEST,final_scope_resolved,This benchmark measures simulation-to-experiment measurement-domain transfer. It is not claimed as an unseen-structure benchmark. No known strict RRUFF–MP mapping match was detected.,FROZEN_FINAL_REAL_TEST,rruff-real-pxrd-70-final-v1,BACKUP35_PROMOTED,measurement_domain_external_test_not_unseen_structure_test,2026-07-24,0.735845862127,0.970229756234,0.9,0.06,0.35,0.5,7,E7DBE8CE2DC266894A1CFEF125189929DDA4F49467B05F36103BC326E02F71B6,final_real_test,,20260724,"sha256-v1: SHA256(seed|crystal_system|sample_id), ascending within class",FROZEN_BEFORE_MODEL_ACCESS
RRUFF-R050281,spectra_10_80_step_002/R050281_Garronite-Ca.csv,tetragonal,RRUFF official XY_RAW and DIF archives,Local research use with mandatory RRUFF citation; redistribution rights are not asserted; public release bundle omits spectra and DIF files,nominal_single_mineral_supported_by_RRUFF_metadata_and_measured_DIF_consistency; quantitative_phase_fraction_not_claimed,Official measured powder profile; confirmed XRD identification; paired DIF space group; measured-vs-DIF consistency audit passed,RRUFF:R050281; SG:I-4m2; DIF_MEMBER_SHA256:E1CEAE37CD10A49CEFAD6BE3BC3CFECC4300278E572E352AB741050D020A45B4,95183ABE782F7CDCCD0EB3709ED4F104752C5D4B55CEB83BDD22E768E9316A3F,R050281,Garronite-Ca,Ca3(Al6Si10O32)·14H2O,Ca_3_(Al_6_Si_10_O_32_)·14H_2_O,(Na_0.94_K_0.06_)Ca_2.50_(Si_10.00_Al_6.00_)O_32_·13H_2_O,I-4m2,tetragonal,Powder,The identification of this mineral has been confirmed by X-ray diffraction and chemical analysis,https://www.rruff.net/odr/rruff_sample/R050281,Garronite-Ca__R050281-1__Powder__Xray_Data_XY_RAW__3b7303b43c676848574934d62e94.txt,F1867699ECEAA5DAC5AEFC755BB7B0AF42DD09A0F2AA1755D7BDA6E183A9EBDB,Garronite-Ca__R050281-1__Powder__DIF_File__4daf4bada98aa393fc0dd617f43f.txt,E1CEAE37CD10A49CEFAD6BE3BC3CFECC4300278E572E352AB741050D020A45B4,evidence/R050281_Garronite-Ca_metadata.txt,structure_refs/R050281_Garronite-Ca_DIF.txt,5.0,90.0,0.0099999999999997,276,0.2861842105266395,0.0208333333333278,0.0,,,NO_KNOWN_STRICT_RRUFF_MP_MATCH__STRUCTURE_OVERLAP_NOT_EXCLUSION_GATE_FOR_MEASUREMENT_DOMAIN_TEST,final_scope_resolved,This benchmark measures simulation-to-experiment measurement-domain transfer. It is not claimed as an unseen-structure benchmark. No known strict RRUFF–MP mapping match was detected.,FROZEN_FINAL_REAL_TEST,rruff-real-pxrd-70-final-v1,PRIMARY35,measurement_domain_external_test_not_unseen_structure_test,2026-07-24,0.674417618383,0.988340628731,0.9375,3.33066907388e-16,0.35,0.8,2,A63248E21DEADAC5ECAF22D26DD004BF9D9FFF77E28C6D1DDA8E6570537C8997,final_real_test,,20260724,"sha256-v1: SHA256(seed|crystal_system|sample_id), ascending within class",FROZEN_BEFORE_MODEL_ACCESS
RRUFF-R050412,spectra_10_80_step_002/R050412_Chiolite.csv,tetragonal,RRUFF official XY_RAW and DIF archives,Local research use with mandatory RRUFF citation; redistribution rights are not asserted; public release bundle omits spectra and DIF files,nominal_single_mineral_supported_by_RRUFF_metadata_and_measured_DIF_consistency; quantitative_phase_fraction_not_claimed,Official measured powder profile; confirmed XRD identification; paired DIF space group; measured-vs-DIF consistency audit passed,RRUFF:R050412; SG:P4/mnc; DIF_MEMBER_SHA256:82502C8CE013B9EDF1B449B4A05F02C3EDA69237B9B3436DCB15E9513BBE3007,F2D3A2A1F7DBB1AB1026DF453B6BDA1168D68FDFE96D81970EC59DFB685E7D7D,R050412,Chiolite,Na5Al3F14,Na_5_Al_3_F_14_,(Na_4.96_K_0.04_)Al_3.00_F_14.00_ ; trace amounts of Si and Ca,P4/mnc,tetragonal,Powder,The identification of this mineral has been confirmed by X-ray diffraction and chemical analysis,https://www.rruff.net/odr/rruff_sample/R050412,Chiolite__R050412-1__Powder__Xray_Data_XY_RAW__84fee79a18046b14d8c5fdef2c45.txt,B73532E14F94B6B24E8FC441221DDE50515EE7422EA6D21A8179111447BBBBD9,Chiolite__R050412-1__Powder__DIF_File__93d4bc071412637a81ab45ca5ff5.txt,82502C8CE013B9EDF1B449B4A05F02C3EDA69237B9B3436DCB15E9513BBE3007,evidence/R050412_Chiolite_metadata.txt,structure_refs/R050412_Chiolite_DIF.txt,5.0,90.0,0.0099999999999997,446,0.231543624160702,0.0302013422825665,0.0,,,NO_KNOWN_STRICT_RRUFF_MP_MATCH__STRUCTURE_OVERLAP_NOT_EXCLUSION_GATE_FOR_MEASUREMENT_DOMAIN_TEST,final_scope_resolved,This benchmark measures simulation-to-experiment measurement-domain transfer. It is not claimed as an unseen-structure benchmark. No known strict RRUFF–MP mapping match was detected.,FROZEN_FINAL_REAL_TEST,rruff-real-pxrd-70-final-v1,BACKUP35_PROMOTED,measurement_domain_external_test_not_unseen_structure_test,2026-07-24,0.802103078298,0.96481175249,0.869565217391,0.04,0.35,0.9375,1,B789694CC23F26CCE8FC6EDCEA7900CA99E645E0407E98B85BA7E7552C51EE5F,final_real_test,,20260724,"sha256-v1: SHA256(seed|crystal_system|sample_id), ascending within class",FROZEN_BEFORE_MODEL_ACCESS
RRUFF-R060414,spectra_10_80_step_002/R060414_Baotite.csv,tetragonal,RRUFF official XY_RAW and DIF archives,Local research use with mandatory RRUFF citation; redistribution rights are not asserted; public release bundle omits spectra and DIF files,nominal_single_mineral_supported_by_RRUFF_metadata_and_measured_DIF_consistency; quantitative_phase_fraction_not_claimed,Official measured powder profile; confirmed XRD identification; paired DIF space group; measured-vs-DIF consistency audit passed,RRUFF:R060414; SG:I4_1/a; DIF_MEMBER_SHA256:D76EBB5B0097CB7245D19DF8B687878DABB46FA0CBC8F569591149EC58B9D2B0,7049CFF4496D0E5047B4A6C9C24A24D6681281E887C4F4DF6687B8CDC542001D,R060414,Baotite,"Ba4(Ti,Nb,W)8O16(SiO3)4Cl","Ba_4_(Ti,Nb,W)_8_O_16_(SiO_3_)_4_Cl",Ba_4.00_(Ti_6.54_Nb^5+^_1.23_Fe^3+^_0.23_)O_16_(Si_1.00_O_3_)_4_Cl_1.00_,I4_1/a,tetragonal,Powder,The identification of this mineral has been confirmed by X-ray diffraction and chemical analysis,https://www.rruff.net/odr/rruff_sample/R060414,Baotite__R060414-1__Powder__Xray_Data_XY_RAW__3c42ee5610a81ef17c028d8a081a.txt,35195AD00A604E67A36B54F850D48AEF7E7F15948EAFC732325501E367D07CD2,Baotite__R060414-1__Powder__DIF_File__b932e8a4fd43b3e1f026d558584c.txt,D76EBB5B0097CB7245D19DF8B687878DABB46FA0CBC8F569591149EC58B9D2B0,evidence/R060414_Baotite_metadata.txt,structure_refs/R060414_Baotite_DIF.txt,5.0,90.0,0.0099999999999997,515,0.2935323383076696,0.0348258706476006,0.0,,,NO_KNOWN_STRICT_RRUFF_MP_MATCH__STRUCTURE_OVERLAP_NOT_EXCLUSION_GATE_FOR_MEASUREMENT_DOMAIN_TEST,final_scope_resolved,This benchmark measures simulation-to-experiment measurement-domain transfer. It is not claimed as an unseen-structure benchmark. No known strict RRUFF–MP mapping match was detected.,FROZEN_FINAL_REAL_TEST,rruff-real-pxrd-70-final-v1,PRIMARY35,measurement_domain_external_test_not_unseen_structure_test,2026-07-24,0.786111162533,0.98083769917,0.928571428571,0.04,0.35,0.965517241379,1,E00F08439D545EBE1A4BF4B2C98FD5FAD2F99CDE51711C7AB447C5E0C9E13407,final_real_test,,20260724,"sha256-v1: SHA256(seed|crystal_system|sample_id), ascending within class",FROZEN_BEFORE_MODEL_ACCESS
RRUFF-R060512,spectra_10_80_step_002/R060512_Hausmannite.csv,tetragonal,RRUFF official XY_RAW and DIF archives,Local research use with mandatory RRUFF citation; redistribution rights are not asserted; public release bundle omits spectra and DIF files,nominal_single_mineral_supported_by_RRUFF_metadata_and_measured_DIF_consistency; quantitative_phase_fraction_not_claimed,Official measured powder profile; confirmed XRD identification; paired DIF space group; measured-vs-DIF consistency audit passed,RRUFF:R060512; SG:I4_1/amd; DIF_MEMBER_SHA256:BF0F928B01D787F8B9D02854D078FB824872FCB6F895E016A8252E325BE5EA92,CBDAFE6C2078396B6E509FFD458557CA5131E65EF8A45D1B01E66D4022D6E6EF,R060512,Hausmannite,Mn2+Mn3+2O4,Mn^2+^Mn^3+^_2_O_4_,Mn^2+^_0.99_Mn^3+^_1.98_O_4_,I4_1/amd,tetragonal,Powder,The identification of this mineral has been confirmed by X-ray diffraction and chemical analysis,https://www.rruff.net/odr/rruff_sample/R060512,Hausmannite__R060512-1__Powder__Xray_Data_XY_RAW__97282d2e60f5704e16d361d2e2c3.txt,F71352F484D10D9F9B6D26C3752F901B24E5E16878A1FB2C0EE23DB9A6C0B158,Hausmannite__R060512-1__Powder__DIF_File__0d02b901125a622443cafbebaa6e.txt,BF0F928B01D787F8B9D02854D078FB824872FCB6F895E016A8252E325BE5EA92,evidence/R060512_Hausmannite_metadata.txt,structure_refs/R060512_Hausmannite_DIF.txt,5.0,90.0,0.0099999999999997,598,0.4601769911761087,0.433628318580082,0.0,,,NO_KNOWN_STRICT_RRUFF_MP_MATCH__STRUCTURE_OVERLAP_NOT_EXCLUSION_GATE_FOR_MEASUREMENT_DOMAIN_TEST,final_scope_resolved,This benchmark measures simulation-to-experiment measurement-domain transfer. It is not claimed as an unseen-structure benchmark. No known strict RRUFF–MP mapping match was detected.,FROZEN_FINAL_REAL_TEST,rruff-real-pxrd-70-final-v1,BACKUP35_PROMOTED,measurement_domain_external_test_not_unseen_structure_test,2026-07-24,0.743019077552,0.988859496312,0.941176470588,0.04,0.35,0.413043478261,27,C1244EA2CB89DE8E9A239F5BF7ABCCC006C7A7F4F45F81FAED35DEAD1F2EAACB,final_real_test,,20260724,"sha256-v1: SHA256(seed|crystal_system|sample_id), ascending within class",FROZEN_BEFORE_MODEL_ACCESS
RRUFF-R050450,spectra_10_80_step_002/R050450_Kyanite.csv,triclinic,RRUFF official XY_RAW and DIF archives,Local research use with mandatory RRUFF citation; redistribution rights are not asserted; public release bundle omits spectra and DIF files,nominal_single_mineral_supported_by_RRUFF_metadata_and_measured_DIF_consistency; quantitative_phase_fraction_not_claimed,Official measured powder profile; confirmed XRD identification; paired DIF space group; measured-vs-DIF consistency audit passed,RRUFF:R050450; SG:P-1; DIF_MEMBER_SHA256:27F25EF46051BD7702797849C92B25440BCD4584666C23F0B20A48CD4B345B54,391E075A04FA66CD689A99626160678A328B50F7B983DBA4718B740ECAA0A8D5,R050450,Kyanite,Al2OSiO4,Al_2_OSiO_4_,Al_2.00_OSi_1.00_O_4_,P-1,triclinic,Powder,The identification of this mineral has been confirmed by X-ray diffraction and chemical analysis,https://www.rruff.net/odr/rruff_sample/R050450,Kyanite__R050450-1__Powder__Xray_Data_XY_RAW__f6a7e49187be7af0abe539faf999.txt,9ABE6C752660C817B974F055B244E6D38ECAA830A15210F4142F0EED652925FE,Kyanite__R050450-1__Powder__DIF_File__f6185e696f16b3a46818d29b3af2.txt,27F25EF46051BD7702797849C92B25440BCD4584666C23F0B20A48CD4B345B54,evidence/R050450_Kyanite_metadata.txt,structure_refs/R050450_Kyanite_DIF.txt,5.0,90.0,0.0099999999999997,289,0.2119289340103037,0.0177664974619705,0.0,,,NO_KNOWN_STRICT_RRUFF_MP_MATCH__STRUCTURE_OVERLAP_NOT_EXCLUSION_GATE_FOR_MEASUREMENT_DOMAIN_TEST,final_scope_resolved,This benchmark measures simulation-to-experiment measurement-domain transfer. It is not claimed as an unseen-structure benchmark. No known strict RRUFF–MP mapping match was detected.,FROZEN_FINAL_REAL_TEST,rruff-real-pxrd-70-final-v1,ELIGIBLE_NOT_SELECTED_PROMOTED_FINAL,measurement_domain_external_test_not_unseen_structure_test,2026-07-24,0.744849901702,0.95577688217,0.888888888889,0.04,0.35,1.0,0,45D3E975983AB36411ED22F9364A88B98CCA6A2E44AD456942560CA5A39BC282,adaptation_train,3,20260724,"sha256-v1: SHA256(seed|crystal_system|sample_id), ascending within class",FROZEN_BEFORE_MODEL_ACCESS
RRUFF-R060073,spectra_10_80_step_002/R060073_Sapphirine.csv,triclinic,RRUFF official XY_RAW and DIF archives,Local research use with mandatory RRUFF citation; redistribution rights are not asserted; public release bundle omits spectra and DIF files,nominal_single_mineral_supported_by_RRUFF_metadata_and_measured_DIF_consistency; quantitative_phase_fraction_not_claimed,Official measured powder profile; confirmed XRD identification; paired DIF space group; measured-vs-DIF consistency audit passed,RRUFF:R060073; SG:P-1; DIF_MEMBER_SHA256:6A4A92E8E6EEA2617F5F0B1A11FF45D401A05D96DF9C78755007F565838C4FB6,ABFC1AC43A7F16579AD6C94EFCD336670464A8090B64DDAA85FA83B71C2C5FA0,R060073,Sapphirine,Mg4(Mg3Al9)O4[Si3Al9O36],Mg_4_(Mg_3_Al_9_)O_4_[Si_3_Al_9_O_36_],Mg_4_(Mg_3.32_Al_8.34_Fe^2+^_0.42_)O_4_(Si_3.5_Al_8.5_O_36_),P-1,triclinic,Powder,The identification of this mineral has been confirmed by X-ray diffraction and chemical analysis,https://www.rruff.net/odr/rruff_sample/R060073,Sapphirine__R060073-1__Powder__Xray_Data_XY_RAW__fa17d4cfebe221b2f085c381dcd2.txt,FBE76C97D9FB09A7184C0693C6A31B4E497C3F3578EC769626F56799380DF03C,Sapphirine__R060073-1__Powder__DIF_File__af496a084a1b35667a794fc82398.txt,6A4A92E8E6EEA2617F5F0B1A11FF45D401A05D96DF9C78755007F565838C4FB6,evidence/R060073_Sapphirine_metadata.txt,structure_refs/R060073_Sapphirine_DIF.txt,5.0,90.0,0.0099999999999997,533,0.3180327868856379,0.059016393441611,0.0,,,NO_KNOWN_STRICT_RRUFF_MP_MATCH__STRUCTURE_OVERLAP_NOT_EXCLUSION_GATE_FOR_MEASUREMENT_DOMAIN_TEST,final_scope_resolved,This benchmark measures simulation-to-experiment measurement-domain transfer. It is not claimed as an unseen-structure benchmark. No known strict RRUFF–MP mapping match was detected.,FROZEN_FINAL_REAL_TEST,rruff-real-pxrd-70-final-v1,BACKUP35_PROMOTED,measurement_domain_external_test_not_unseen_structure_test,2026-07-24,0.890575685972,0.91564222482,0.754385964912,0.04,0.35,1.0,0,0852BBD1AA130344711F008823C90127ECD682487A23B31D540AE8C621B0AB3A,adaptation_train,1,20260724,"sha256-v1: SHA256(seed|crystal_system|sample_id), ascending within class",FROZEN_BEFORE_MODEL_ACCESS
RRUFF-R061121,spectra_10_80_step_002/R061121_Axinite-_Mn.csv,triclinic,RRUFF official XY_RAW and DIF archives,Local research use with mandatory RRUFF citation; redistribution rights are not asserted; public release bundle omits spectra and DIF files,nominal_single_mineral_supported_by_RRUFF_metadata_and_measured_DIF_consistency; quantitative_phase_fraction_not_claimed,Official measured powder profile; confirmed XRD identification; paired DIF space group; measured-vs-DIF consistency audit passed,RRUFF:R061121; SG:P-1; DIF_MEMBER_SHA256:F90D26A8240DDD19B124E07BF216ACB12EB9828024735E8D474368784CC22EBF,A7F5E500692BFBB27171CA681C360A11C2F6D2E9DDC774FB3943ED7F32D4C12F,R061121,Axinite-(Mn),Ca4Mn2+2Al4[B2Si8O30](OH)2,Ca_4_Mn^2+^_2_Al_4_[B_2_Si_8_O_30_](OH)_2_,(Ca_1.93_Mn_0.07_)(Mn^2+^_0.87_Zn_0.08_Fe^2+^_0.05_)(Al_1.95_Fe^3+^_0.05_)BSi_4.00_O_15_(OH) ; OH and B assumed by stoichiometry,P-1,triclinic,Powder,The identification of this mineral has been confirmed by X-ray diffraction and chemical analysis,https://www.rruff.net/odr/rruff_sample/R061121,Axinite-(Mn)__R061121-1__Powder__Xray_Data_XY_RAW__656480837ce1396a3aed14017b27.txt,1365B0381FC1DDE1CA633FE90BC05AB151568F1AB9E0D5097391984D760190D5,Axinite-(Mn)__R061121-1__Powder__DIF_File__f103fc34348a12ef243df5220a4e.txt,F90D26A8240DDD19B124E07BF216ACB12EB9828024735E8D474368784CC22EBF,evidence/R061121_Axinite-_Mn_metadata.txt,structure_refs/R061121_Axinite-_Mn_DIF.txt,5.0,90.0,0.0099999999999997,488,0.2198952879575698,0.1256544502665098,0.0,,,NO_KNOWN_STRICT_RRUFF_MP_MATCH__STRUCTURE_OVERLAP_NOT_EXCLUSION_GATE_FOR_MEASUREMENT_DOMAIN_TEST,final_scope_resolved,This benchmark measures simulation-to-experiment measurement-domain transfer. It is not claimed as an unseen-structure benchmark. No known strict RRUFF–MP mapping match was detected.,FROZEN_FINAL_REAL_TEST,rruff-real-pxrd-70-final-v1,ELIGIBLE_NOT_SELECTED_PROMOTED_FINAL,measurement_domain_external_test_not_unseen_structure_test,2026-07-24,0.825433303359,0.897921908264,0.833333333333,0.04,0.35,1.0,0,261B3CC6E78DEC5917B4D4AD262D6D2EFDB7E3BF55697EB16AD8FB8DDB60A370,adaptation_train,2,20260724,"sha256-v1: SHA256(seed|crystal_system|sample_id), ascending within class",FROZEN_BEFORE_MODEL_ACCESS
RRUFF-R050217,spectra_10_80_step_002/R050217_Weloganite.csv,triclinic,RRUFF official XY_RAW and DIF archives,Local research use with mandatory RRUFF citation; redistribution rights are not asserted; public release bundle omits spectra and DIF files,nominal_single_mineral_supported_by_RRUFF_metadata_and_measured_DIF_consistency; quantitative_phase_fraction_not_claimed,Official measured powder profile; confirmed XRD identification; paired DIF space group; measured-vs-DIF consistency audit passed,RRUFF:R050217; SG:P1; DIF_MEMBER_SHA256:79DD7496D9812C4696E571F6ED384BD4531E3EE3366D5CD7CC579EA0D66E2B6B,5D7CEA9AFA45F66C20D183FD08E058D181E363A3D958CBC3CB493F181BCE140C,R050217,Weloganite,Na2Sr3Zr(CO3)6·3H2O,Na_2_Sr_3_Zr(CO_3_)_6_·3H_2_O,Na_2.00_(Sr_2.93_Ca_0.07_)(Zr_0.90_Hf_0.10_)(CO_3_)_6_·3H_2_O,P1,triclinic,Powder,The identification of this mineral has been confirmed by X-ray diffraction and chemical analysis,https://www.rruff.net/odr/rruff_sample/R050217,Weloganite__R050217-1__Powder__Xray_Data_XY_RAW__e2d119f9e30a4d11f4f872a2317a.txt,8459922D115F1E07BA25D0011111AAE7894E758A7CD61B10A653E39EA50BB5BA,Weloganite__R050217-1__Powder__DIF_File__8926e510d87936d9d76a1965096c.txt,79DD7496D9812C4696E571F6ED384BD4531E3EE3366D5CD7CC579EA0D66E2B6B,evidence/R050217_Weloganite_metadata.txt,structure_refs/R050217_Weloganite_DIF.txt,5.0,90.0,0.0099999999999997,405,0.2848920863300672,0.0302158273366917,0.0,,,NO_KNOWN_STRICT_RRUFF_MP_MATCH__STRUCTURE_OVERLAP_NOT_EXCLUSION_GATE_FOR_MEASUREMENT_DOMAIN_TEST,final_scope_resolved,This benchmark measures simulation-to-experiment measurement-domain transfer. It is not claimed as an unseen-structure benchmark. No known strict RRUFF–MP mapping match was detected.,FROZEN_FINAL_REAL_TEST,rruff-real-pxrd-70-final-v1,PRIMARY35,measurement_domain_external_test_not_unseen_structure_test,2026-07-24,0.794179229277,0.956518476999,0.913043478261,0.02,0.35,1.0,0,51C3BE99A04C11BFB3276FD9C421C03B572C2A3A1F5F711CE1444E8DF9D02EE9,adaptation_validation,,20260724,"sha256-v1: SHA256(seed|crystal_system|sample_id), ascending within class",FROZEN_BEFORE_MODEL_ACCESS
RRUFF-R050396,spectra_10_80_step_002/R050396_Pectolite.csv,triclinic,RRUFF official XY_RAW and DIF archives,Local research use with mandatory RRUFF citation; redistribution rights are not asserted; public release bundle omits spectra and DIF files,nominal_single_mineral_supported_by_RRUFF_metadata_and_measured_DIF_consistency; quantitative_phase_fraction_not_claimed,Official measured powder profile; confirmed XRD identification; paired DIF space group; measured-vs-DIF consistency audit passed,RRUFF:R050396; SG:P-1; DIF_MEMBER_SHA256:F44C624413D7546ABB45B86032B76A85125FA4ECABAC08EF8CA46D033963E7B5,0B502B4DD5F5DD46868C50F6F57A60AED8A9306AB81F4DE0B6A82A4FC3F31232,R050396,Pectolite,NaCa2Si3O8(OH),NaCa_2_Si_3_O_8_(OH),Na_1.00_Ca_2.00_Si_3.00_O_8_(OH),P-1,triclinic,Powder,The identification of this mineral has been confirmed by X-ray diffraction and chemical analysis,https://www.rruff.net/odr/rruff_sample/R050396,Pectolite__R050396-1__Powder__Xray_Data_XY_RAW__7e39e942a2265270d69e1a9ea9a4.txt,2C0B863AA991CBA7CCD5EEB99F275FC6BD7F5D932F16A1FB8ADA16C312CF1581,Pectolite__R050396-1__Powder__DIF_File__e6ed5c6219e56f41701b1763cc5b.txt,F44C624413D7546ABB45B86032B76A85125FA4ECABAC08EF8CA46D033963E7B5,evidence/R050396_Pectolite_metadata.txt,structure_refs/R050396_Pectolite_DIF.txt,5.0,90.0,0.0099999999999997,503,0.3257328990186071,0.0390879478806031,0.0,,,NO_KNOWN_STRICT_RRUFF_MP_MATCH__STRUCTURE_OVERLAP_NOT_EXCLUSION_GATE_FOR_MEASUREMENT_DOMAIN_TEST,final_scope_resolved,This benchmark measures simulation-to-experiment measurement-domain transfer. It is not claimed as an unseen-structure benchmark. No known strict RRUFF–MP mapping match was detected.,FROZEN_FINAL_REAL_TEST,rruff-real-pxrd-70-final-v1,BACKUP35_PROMOTED,measurement_domain_external_test_not_unseen_structure_test,2026-07-24,0.853072546861,0.919651753096,0.847826086957,0.06,0.35,1.0,0,5C9060C2DFB57B52E9C8C6171A3AEE26B19CBE00FA2BACCF21CBFEE89110FC52,adaptation_validation,,20260724,"sha256-v1: SHA256(seed|crystal_system|sample_id), ascending within class",FROZEN_BEFORE_MODEL_ACCESS
RRUFF-R040131,spectra_10_80_step_002/R040131_Wollastonite.csv,triclinic,RRUFF official XY_RAW and DIF archives,Local research use with mandatory RRUFF citation; redistribution rights are not asserted; public release bundle omits spectra and DIF files,nominal_single_mineral_supported_by_RRUFF_metadata_and_measured_DIF_consistency; quantitative_phase_fraction_not_claimed,Official measured powder profile; confirmed XRD identification; paired DIF space group; measured-vs-DIF consistency audit passed,RRUFF:R040131; SG:C-1; DIF_MEMBER_SHA256:72FD671912B88B2EAACA7924DC334C9E23BB2D0831A90699EB7741CE57353FB9,CE432465F09E3FBC74CE6BFADE392D4D61AD7F4947E3833EE809377D9F7F7FC9,R040131,Wollastonite,CaSiO3,CaSiO_3_,Ca_1.01_Si_1.00_O_3_,C-1,triclinic,Powder,The identification of this mineral has been confirmed by X-ray diffraction and chemical analysis,https://www.rruff.net/odr/rruff_sample/R040131,Wollastonite__R040131-1__Powder__Xray_Data_XY_RAW__5921742942078a4bb27e3e425d3e.txt,3FC83F9BEB3978D54F6FB2AF3A3476930C1C619FAC6CBF3179A5EA298540D63D,Wollastonite__R040131-1__Powder__DIF_File__b8526b5b7df0c54433bcafe2e168.txt,72FD671912B88B2EAACA7924DC334C9E23BB2D0831A90699EB7741CE57353FB9,evidence/R040131_Wollastonite_metadata.txt,structure_refs/R040131_Wollastonite_DIF.txt,5.0,90.0,0.0099999999999997,509,0.3123287671256931,0.0356164383566606,0.0,,,NO_KNOWN_STRICT_RRUFF_MP_MATCH__STRUCTURE_OVERLAP_NOT_EXCLUSION_GATE_FOR_MEASUREMENT_DOMAIN_TEST,final_scope_resolved,This benchmark measures simulation-to-experiment measurement-domain transfer. It is not claimed as an unseen-structure benchmark. No known strict RRUFF–MP mapping match was detected.,FROZEN_FINAL_REAL_TEST,rruff-real-pxrd-70-final-v1,BACKUP35_PROMOTED,measurement_domain_external_test_not_unseen_structure_test,2026-07-24,0.842383009024,0.989903195587,0.976744186047,0.06,0.35,1.0,0,E55768FB0C97C728F0EB2488A42757C223B451EEC394F586AB253EB8D57F5C4C,final_real_test,,20260724,"sha256-v1: SHA256(seed|crystal_system|sample_id), ascending within class",FROZEN_BEFORE_MODEL_ACCESS
RRUFF-R050500,spectra_10_80_step_002/R050500_Montebrasite.csv,triclinic,RRUFF official XY_RAW and DIF archives,Local research use with mandatory RRUFF citation; redistribution rights are not asserted; public release bundle omits spectra and DIF files,nominal_single_mineral_supported_by_RRUFF_metadata_and_measured_DIF_consistency; quantitative_phase_fraction_not_claimed,Official measured powder profile; confirmed XRD identification; paired DIF space group; measured-vs-DIF consistency audit passed,RRUFF:R050500; SG:C-1; DIF_MEMBER_SHA256:1F869FD0DD9BE8F4B96347B68120644E4817A932CD8CDD4C7094A15D5009CBBF,16108017B107D22CBA51AB35B6C536D5ABE2CE666A1B34FA2B61E4E7CD2E135A,R050500,Montebrasite,LiAl(PO4)(OH),LiAl(PO_4_)(OH),LiAl(PO_4_)((OH)_0.52_F_0.48_),C-1,triclinic,Powder,The identification of this mineral has been confirmed by X-ray diffraction and chemical analysis,https://www.rruff.net/odr/rruff_sample/R050500,Montebrasite__R050500-1__Powder__Xray_Data_XY_RAW__b5183664354bb49617ea71e7757a.txt,50AD2090E089105DD48592F8C3F0CE32954B7DBB34B29F7B8D7729CD970DBF96,Montebrasite__R050500-1__Powder__DIF_File__2c68fdca4d5faa5dd2aa1b6af978.txt,1F869FD0DD9BE8F4B96347B68120644E4817A932CD8CDD4C7094A15D5009CBBF,evidence/R050500_Montebrasite_metadata.txt,structure_refs/R050500_Montebrasite_DIF.txt,5.0,90.0,0.0099999999999997,290,0.2528089887628207,0.0168539325845342,0.0,,,NO_KNOWN_STRICT_RRUFF_MP_MATCH__STRUCTURE_OVERLAP_NOT_EXCLUSION_GATE_FOR_MEASUREMENT_DOMAIN_TEST,final_scope_resolved,This benchmark measures simulation-to-experiment measurement-domain transfer. It is not claimed as an unseen-structure benchmark. No known strict RRUFF–MP mapping match was detected.,FROZEN_FINAL_REAL_TEST,rruff-real-pxrd-70-final-v1,PRIMARY35,measurement_domain_external_test_not_unseen_structure_test,2026-07-24,0.762585974735,0.854992532433,0.78431372549,0.02,0.35,1.0,0,D440614E8F004DE7D144AE600543FC6705FC7B57EF62CFD181DE73DDDAA0A494,final_real_test,,20260724,"sha256-v1: SHA256(seed|crystal_system|sample_id), ascending within class",FROZEN_BEFORE_MODEL_ACCESS
RRUFF-R050582,spectra_10_80_step_002/R050582_Paradamite.csv,triclinic,RRUFF official XY_RAW and DIF archives,Local research use with mandatory RRUFF citation; redistribution rights are not asserted; public release bundle omits spectra and DIF files,nominal_single_mineral_supported_by_RRUFF_metadata_and_measured_DIF_consistency; quantitative_phase_fraction_not_claimed,Official measured powder profile; confirmed XRD identification; paired DIF space group; measured-vs-DIF consistency audit passed,RRUFF:R050582; SG:P-1; DIF_MEMBER_SHA256:99A471ED579E84D098C7AAEF560E18B9F02B026C69BC5419BE91FF24E9993B67,6EB1798ED746C638B7B97AB400178398AB1D7BC6B4F94D6E832CDC48B746E892,R050582,Paradamite,Zn2(AsO4)(OH),Zn_2_(AsO_4_)(OH),Zn_2.00_(As_1.00_O_4_)(OH),P-1,triclinic,Powder,The identification of this mineral has been confirmed by X-ray diffraction and chemical analysis,https://www.rruff.net/odr/rruff_sample/R050582,Paradamite__R050582-1__Powder__Xray_Data_XY_RAW__e6804ac974cf7b140fdf37c86235.txt,57E9C6F289BF331D746CDFDBD9E1ED296E58CDF49F2E93FE50F2269D3717605E,Paradamite__R050582-1__Powder__DIF_File__69eab8cf3d1eb6f952b86569c5a9.txt,99A471ED579E84D098C7AAEF560E18B9F02B026C69BC5419BE91FF24E9993B67,evidence/R050582_Paradamite_metadata.txt,structure_refs/R050582_Paradamite_DIF.txt,5.0,90.0,0.0099999999999997,493,0.2981744421905513,0.0405679513193663,0.0,,,NO_KNOWN_STRICT_RRUFF_MP_MATCH__STRUCTURE_OVERLAP_NOT_EXCLUSION_GATE_FOR_MEASUREMENT_DOMAIN_TEST,final_scope_resolved,This benchmark measures simulation-to-experiment measurement-domain transfer. It is not claimed as an unseen-structure benchmark. No known strict RRUFF–MP mapping match was detected.,FROZEN_FINAL_REAL_TEST,rruff-real-pxrd-70-final-v1,BACKUP35_PROMOTED,measurement_domain_external_test_not_unseen_structure_test,2026-07-24,0.738591829224,0.896635740733,0.75,0.02,0.35,1.0,0,82DE97B28FC8030BE9D041E40C62C0D3AAE54B3AB6B905B58515683F87D1D63D,final_real_test,,20260724,"sha256-v1: SHA256(seed|crystal_system|sample_id), ascending within class",FROZEN_BEFORE_MODEL_ACCESS
RRUFF-R060083,spectra_10_80_step_002/R060083_Babingtonite.csv,triclinic,RRUFF official XY_RAW and DIF archives,Local research use with mandatory RRUFF citation; redistribution rights are not asserted; public release bundle omits spectra and DIF files,nominal_single_mineral_supported_by_RRUFF_metadata_and_measured_DIF_consistency; quantitative_phase_fraction_not_claimed,Official measured powder profile; confirmed XRD identification; paired DIF space group; measured-vs-DIF consistency audit passed,RRUFF:R060083; SG:P-1; DIF_MEMBER_SHA256:8B3306A432F8217B23DE37053581EDB4C7DF3CE36ECDF844CC8F41F906CB399F,AD198B3A6A1F140132981DAC42E6047F0737FFCB7BB20963F87F5650089FBFF7,R060083,Babingtonite,Ca2Fe2+Fe3+Si5O14(OH),Ca_2_Fe^2+^Fe^3+^Si_5_O_14_(OH),Ca_2.00_(Fe^2+^_0.73_Mg_0.21_Mn_0.06_)(Fe^3+^_0.93_Al_0.07_)Si_5.00_O_14_(OH),P-1,triclinic,Powder,The identification of this mineral has been confirmed by X-ray diffraction and chemical analysis,https://www.rruff.net/odr/rruff_sample/R060083,Babingtonite__R060083-1__Powder__Xray_Data_XY_RAW__3e3e38f7ec89dc818989a52d2713.txt,4093E95FA31E132108F290A6D750276E24535DF4328A4C091C923DDF7C3353FE,Babingtonite__R060083-1__Powder__DIF_File__a892037b477acda29f9e1d98c73b.txt,8B3306A432F8217B23DE37053581EDB4C7DF3CE36ECDF844CC8F41F906CB399F,evidence/R060083_Babingtonite_metadata.txt,structure_refs/R060083_Babingtonite_DIF.txt,5.0,90.0,0.0099999999999997,482,0.3134328358202571,0.3532338308603223,0.0,,,NO_KNOWN_STRICT_RRUFF_MP_MATCH__STRUCTURE_OVERLAP_NOT_EXCLUSION_GATE_FOR_MEASUREMENT_DOMAIN_TEST,final_scope_resolved,This benchmark measures simulation-to-experiment measurement-domain transfer. It is not claimed as an unseen-structure benchmark. No known strict RRUFF–MP mapping match was detected.,FROZEN_FINAL_REAL_TEST,rruff-real-pxrd-70-final-v1,ELIGIBLE_NOT_SELECTED_PROMOTED_FINAL,measurement_domain_external_test_not_unseen_structure_test,2026-07-24,0.838320293112,0.864745774685,0.730158730159,0.04,0.35,0.967741935484,1,F6A24BE4DB7D2CF606E8FB1DC2536D322BE18AFED2D95A4EC43003D4DDCBF640,final_real_test,,20260724,"sha256-v1: SHA256(seed|crystal_system|sample_id), ascending within class",FROZEN_BEFORE_MODEL_ACCESS
RRUFF-R060096,spectra_10_80_step_002/R060096_Reedmergnerite.csv,triclinic,RRUFF official XY_RAW and DIF archives,Local research use with mandatory RRUFF citation; redistribution rights are not asserted; public release bundle omits spectra and DIF files,nominal_single_mineral_supported_by_RRUFF_metadata_and_measured_DIF_consistency; quantitative_phase_fraction_not_claimed,Official measured powder profile; confirmed XRD identification; paired DIF space group; measured-vs-DIF consistency audit passed,RRUFF:R060096; SG:C-1; DIF_MEMBER_SHA256:E8707BE55C7E4D4F354C15D3AD30972BC37A93AA7AAAEC83733A07F1BA0F00DB,46FA08EBF08989FACD983E1DFF2128AD794047D34906A8BF458542E0037C9BC1,R060096,Reedmergnerite,NaBSi3O8,NaBSi_3_O_8_,Na_1.00_B_1.00_Si_3.00_O_8_,C-1,triclinic,Powder,The identification of this mineral has been confirmed by X-ray diffraction and chemical analysis,https://www.rruff.net/odr/rruff_sample/R060096,Reedmergnerite__R060096-1__Powder__Xray_Data_XY_RAW__8162dcad1e059c888563ca69e006.txt,96A2DCFE36B5913F31E4F1816E3A81461C0AD38BA1368F27C50106BA74D1ED4A,Reedmergnerite__R060096-1__Powder__DIF_File__f7978a1cda9413568c65ae351e0e.txt,E8707BE55C7E4D4F354C15D3AD30972BC37A93AA7AAAEC83733A07F1BA0F00DB,evidence/R060096_Reedmergnerite_metadata.txt,structure_refs/R060096_Reedmergnerite_DIF.txt,5.0,90.0,0.0099999999999997,360,0.2141680395359068,0.0247116968696324,0.0,,,NO_KNOWN_STRICT_RRUFF_MP_MATCH__STRUCTURE_OVERLAP_NOT_EXCLUSION_GATE_FOR_MEASUREMENT_DOMAIN_TEST,final_scope_resolved,This benchmark measures simulation-to-experiment measurement-domain transfer. It is not claimed as an unseen-structure benchmark. No known strict RRUFF–MP mapping match was detected.,FROZEN_FINAL_REAL_TEST,rruff-real-pxrd-70-final-v1,PRIMARY35,measurement_domain_external_test_not_unseen_structure_test,2026-07-24,0.763694648427,0.878577726937,0.734693877551,0.06,0.35,1.0,0,93F0145CFF452E614F7444489476C57BDA4186A8242A40EFCB9BCF54E0E0ACB1,final_real_test,,20260724,"sha256-v1: SHA256(seed|crystal_system|sample_id), ascending within class",FROZEN_BEFORE_MODEL_ACCESS
RRUFF-R050002,spectra_10_80_step_002/R050002_Barysilite.csv,trigonal,RRUFF official XY_RAW and DIF archives,Local research use with mandatory RRUFF citation; redistribution rights are not asserted; public release bundle omits spectra and DIF files,nominal_single_mineral_supported_by_RRUFF_metadata_and_measured_DIF_consistency; quantitative_phase_fraction_not_claimed,Official measured powder profile; confirmed XRD identification; paired DIF space group; measured-vs-DIF consistency audit passed,RRUFF:R050002; SG:R-3c; DIF_MEMBER_SHA256:CD9BAC08672279227A835C3A7694D819A350B3536861C0259ACB8CDED97940C7,7939392E76D64FE5593ED97F7F1E29FB556776FC65166BA2D10C850947F27226,R050002,Barysilite,Pb8Mn(Si2O7)3,Pb_8_Mn(Si_2_O_7_)_3_,Pb_8.00_Mn_1.00_(Si_2.00_O_7_)_3_,R-3c,hexagonal,Powder,The identification of this mineral has been confirmed by X-ray diffraction and chemical analysis,https://www.rruff.net/odr/rruff_sample/R050002,Barysilite__R050002-1__Powder__Xray_Data_XY_RAW__e1928f2a7352dbf62060a502a07e.txt,5403467748AA414A2E77AA48523DB86E8DFFCF5B484A900CF0AA5241061F0FA7,Barysilite__R050002-1__Powder__DIF_File__c724b4b30495ee1daa0daf8f1635.txt,CD9BAC08672279227A835C3A7694D819A350B3536861C0259ACB8CDED97940C7,evidence/R050002_Barysilite_metadata.txt,structure_refs/R050002_Barysilite_DIF.txt,5.0,90.0,0.0099999999999997,510,0.3571428571441163,0.0411255411256214,0.0,,,NO_KNOWN_STRICT_RRUFF_MP_MATCH__STRUCTURE_OVERLAP_NOT_EXCLUSION_GATE_FOR_MEASUREMENT_DOMAIN_TEST,final_scope_resolved,This benchmark measures simulation-to-experiment measurement-domain transfer. It is not claimed as an unseen-structure benchmark. No known strict RRUFF–MP mapping match was detected.,FROZEN_FINAL_REAL_TEST,rruff-real-pxrd-70-final-v1,PRIMARY35,measurement_domain_external_test_not_unseen_structure_test,2026-07-24,0.795829960809,0.871661365518,0.771428571429,0.02,0.35,1.0,0,0917D0867BCBECACE596756E03F73137449C41844BA7F22F98E59652841A39CA,adaptation_train,1,20260724,"sha256-v1: SHA256(seed|crystal_system|sample_id), ascending within class",FROZEN_BEFORE_MODEL_ACCESS
RRUFF-R050308,spectra_10_80_step_002/R050308_Parisite-_Ce.csv,trigonal,RRUFF official XY_RAW and DIF archives,Local research use with mandatory RRUFF citation; redistribution rights are not asserted; public release bundle omits spectra and DIF files,nominal_single_mineral_supported_by_RRUFF_metadata_and_measured_DIF_consistency; quantitative_phase_fraction_not_claimed,Official measured powder profile; confirmed XRD identification; paired DIF space group; measured-vs-DIF consistency audit passed,RRUFF:R050308; SG:R3; DIF_MEMBER_SHA256:A4160C7ADB9E9C4721690FE878D41C1FA69CA6CE425E661ED7179B185EBC17C0,337972B0D616572233F8F4114EE89690C86AA4922A2DD1805569B46EBDAA380B,R050308,Parisite-(Ce),CaCe2(CO3)3F2,CaCe_2_(CO_3_)_3_F_2_,Ca_1.00_(Ce_1.03_La_0.49_Nd_0.42_Y_0.06_)(CO_3_)_3_F_2.00_ ; lighter phase. Ca_1.00_(Ce_0.96_La_0.51_Nd_0.48_Y_0.05_)(CO_3_)_3_(F_1.82_(OH)_0.18_) = darker phase,R3,hexagonal,Powder,The identification of this mineral has been confirmed by X-ray diffraction and chemical analysis,https://www.rruff.net/odr/rruff_sample/R050308,Parisite-(Ce)__R050308-1__Powder__Xray_Data_XY_RAW__1182070362a52b1da7f0eb714e61.txt,6B6560C82626EF5482748F7AAE71986BBF173A3ADAF2C99502FB2AD54DEBC51D,Parisite-(Ce)__R050308-1__Powder__DIF_File__d9bf918d58fb49a30ced611ef6c4.txt,A4160C7ADB9E9C4721690FE878D41C1FA69CA6CE425E661ED7179B185EBC17C0,evidence/R050308_Parisite-_Ce_metadata.txt,structure_refs/R050308_Parisite-_Ce_DIF.txt,5.0,90.0,0.0099999999999997,491,0.2187499999938258,0.0334821428578139,0.0,,,NO_KNOWN_STRICT_RRUFF_MP_MATCH__STRUCTURE_OVERLAP_NOT_EXCLUSION_GATE_FOR_MEASUREMENT_DOMAIN_TEST,final_scope_resolved,This benchmark measures simulation-to-experiment measurement-domain transfer. It is not claimed as an unseen-structure benchmark. No known strict RRUFF–MP mapping match was detected.,FROZEN_FINAL_REAL_TEST,rruff-real-pxrd-70-final-v1,PRIMARY35,measurement_domain_external_test_not_unseen_structure_test,2026-07-24,0.745943656021,0.986655690828,0.96,0.02,0.35,0.875,2,15C2879B5A3C599FC5AC15C4EB8D7CA7C882F52762DE5500E401A290E4EAADFA,adaptation_train,2,20260724,"sha256-v1: SHA256(seed|crystal_system|sample_id), ascending within class",FROZEN_BEFORE_MODEL_ACCESS
RRUFF-R060280,spectra_10_80_step_002/R060280_Dravite.csv,trigonal,RRUFF official XY_RAW and DIF archives,Local research use with mandatory RRUFF citation; redistribution rights are not asserted; public release bundle omits spectra and DIF files,nominal_single_mineral_supported_by_RRUFF_metadata_and_measured_DIF_consistency; quantitative_phase_fraction_not_claimed,Official measured powder profile; confirmed XRD identification; paired DIF space group; measured-vs-DIF consistency audit passed,RRUFF:R060280; SG:R3m; DIF_MEMBER_SHA256:C1999ACDCB92615C3BF8694DECD68F08053E1A68DCAC5953D72F101D4729BD54,D96B2657162F30413D1FD2AFBEF3C8F89FABB1D771CC6E04E5FE6D3869CA2A1F,R060280,Dravite,NaMg3Al6(Si6O18)(BO3)3(OH)3(OH),NaMg_3_Al_6_(Si_6_O_18_)(BO_3_)_3_(OH)_3_(OH),(Na_0.45_Ca_0.40_[box]_0.15_)(Mg_0.89_Al_0.07_Ti_0.04_)_3_Al_6_(BO_3_)_3_(Si_0.93_B_0.07_)_6_O_18_((OH)_0.95_O_0.05_)_4_,R3m,hexagonal,Powder,The identification of this mineral has been confirmed by X-ray diffraction and chemical analysis,https://www.rruff.net/odr/rruff_sample/R060280,Dravite__R060280-1__Powder__Xray_Data_XY_RAW__036b0333c608affc7e02f0012d2f.txt,D87EC6442EDFCF6567C2918A427C973AF71DE62B5B038A6DE46FA780987F5624,Dravite__R060280-1__Powder__DIF_File__8b120b16d01ad6f6679129f5138c.txt,C1999ACDCB92615C3BF8694DECD68F08053E1A68DCAC5953D72F101D4729BD54,evidence/R060280_Dravite_metadata.txt,structure_refs/R060280_Dravite_DIF.txt,5.0,90.0,0.0099999999999997,514,0.3788198665053442,0.0181178427485338,0.0,,,NO_KNOWN_STRICT_RRUFF_MP_MATCH__STRUCTURE_OVERLAP_NOT_EXCLUSION_GATE_FOR_MEASUREMENT_DOMAIN_TEST,final_scope_resolved,This benchmark measures simulation-to-experiment measurement-domain transfer. It is not claimed as an unseen-structure benchmark. No known strict RRUFF–MP mapping match was detected.,FROZEN_FINAL_REAL_TEST,rruff-real-pxrd-70-final-v1,BACKUP35_PROMOTED,measurement_domain_external_test_not_unseen_structure_test,2026-07-24,0.795356644126,0.954032032219,0.885714285714,0.04,0.35,0.931034482759,2,3A8AB61B038293388B4A293BDA7EFBF4812D707371DBECF79A8A0512A5C57A11,adaptation_train,3,20260724,"sha256-v1: SHA256(seed|crystal_system|sample_id), ascending within class",FROZEN_BEFORE_MODEL_ACCESS
RRUFF-R050109,spectra_10_80_step_002/R050109_Bobdownsite.csv,trigonal,RRUFF official XY_RAW and DIF archives,Local research use with mandatory RRUFF citation; redistribution rights are not asserted; public release bundle omits spectra and DIF files,nominal_single_mineral_supported_by_RRUFF_metadata_and_measured_DIF_consistency; quantitative_phase_fraction_not_claimed,Official measured powder profile; confirmed XRD identification; paired DIF space group; measured-vs-DIF consistency audit passed,RRUFF:R050109; SG:R3c; DIF_MEMBER_SHA256:A218EDD35CCEC5AE90257DE559ABA90CAAEF0F7001DF37786021F6BBA7852E8F,0AD6294BD2BB5F841DD33E844AD27DF84FF9E5A8024D8D510D51F87B4A40ECB5,R050109,Bobdownsite,Ca9Mg(PO3F)(PO4)6,Ca_9_Mg(PO_3_F)(PO_4_)_6_,(Ca_8.76_Na_0.24_)(Mg_0.72_Fe^3+^_0.13_Al_0.11_Fe^2+^_0.04_)(P_1.00_O_4_)_6_(P_1.00_O_3_F_1.00_) ; Fe^2+^ and Fe^3+^ by charge balance,R3c,hexagonal,Powder,The identification of this mineral is confirmed by single-crystal X-ray diffraction and chemical analysis,https://www.rruff.net/odr/rruff_sample/R050109,Bobdownsite__R050109-1__Powder__Xray_Data_XY_RAW__7cfa397e1e83589ff427c70d7c09.txt,426172F5DDE3E09449F05550AB72EF567A257BDAF4C6BCED588AA7DAD29DFFC2,Bobdownsite__R050109-1__Powder__DIF_File__143385c42b174fbea55654d6307e.txt,A218EDD35CCEC5AE90257DE559ABA90CAAEF0F7001DF37786021F6BBA7852E8F,evidence/R050109_Bobdownsite_metadata.txt,structure_refs/R050109_Bobdownsite_DIF.txt,5.0,90.0,0.0099999999999997,193,0.1136150234737167,0.0112676056339591,0.0,,,NO_KNOWN_STRICT_RRUFF_MP_MATCH__STRUCTURE_OVERLAP_NOT_EXCLUSION_GATE_FOR_MEASUREMENT_DOMAIN_TEST,final_scope_resolved,This benchmark measures simulation-to-experiment measurement-domain transfer. It is not claimed as an unseen-structure benchmark. No known strict RRUFF–MP mapping match was detected.,FROZEN_FINAL_REAL_TEST,rruff-real-pxrd-70-final-v1,PRIMARY35,measurement_domain_external_test_not_unseen_structure_test,2026-07-24,0.608857496068,0.92124738053,0.777777777778,0.04,0.35,1.0,0,6F25B81B63AFD1D024930C378DC04A8AC692317721B03112D613186EB94ECB24,adaptation_validation,,20260724,"sha256-v1: SHA256(seed|crystal_system|sample_id), ascending within class",FROZEN_BEFORE_MODEL_ACCESS
RRUFF-R060356,spectra_10_80_step_002/R060356_Proustite.csv,trigonal,RRUFF official XY_RAW and DIF archives,Local research use with mandatory RRUFF citation; redistribution rights are not asserted; public release bundle omits spectra and DIF files,nominal_single_mineral_supported_by_RRUFF_metadata_and_measured_DIF_consistency; quantitative_phase_fraction_not_claimed,Official measured powder profile; confirmed XRD identification; paired DIF space group; measured-vs-DIF consistency audit passed,RRUFF:R060356; SG:R3c; DIF_MEMBER_SHA256:4EA63C7FF9368DEC5252652C046A02B9DBF27E58CAA04768BCB2EB8677D1A980,C8C70F0044C508922D764E9539E06D540B4A1578E834E9A8EA93FE8CBE25287E,R060356,Proustite,Ag3AsS3,Ag_3_AsS_3_,Ag_3.01_As_0.99_S_3.00_,R3c,hexagonal,Powder,The identification of this mineral has been confirmed by X-ray diffraction and chemical analysis,https://www.rruff.net/odr/rruff_sample/R060356,Proustite__R060356-1__Powder__Xray_Data_XY_RAW__4666c8130b72c65bf1c6dfce5b85.txt,CB9F222BFCD23FB84394186C4898368F191409E7A61966B85BEDF1BFFCE9C499,Proustite__R060356-1__Powder__DIF_File__80296db0e11cf7c792752a70e585.txt,4EA63C7FF9368DEC5252652C046A02B9DBF27E58CAA04768BCB2EB8677D1A980,evidence/R060356_Proustite_metadata.txt,structure_refs/R060356_Proustite_DIF.txt,5.0,90.0,0.0099999999999997,593,0.6071428571429505,0.1785714285749677,0.0,,,NO_KNOWN_STRICT_RRUFF_MP_MATCH__STRUCTURE_OVERLAP_NOT_EXCLUSION_GATE_FOR_MEASUREMENT_DOMAIN_TEST,final_scope_resolved,This benchmark measures simulation-to-experiment measurement-domain transfer. It is not claimed as an unseen-structure benchmark. No known strict RRUFF–MP mapping match was detected.,FROZEN_FINAL_REAL_TEST,rruff-real-pxrd-70-final-v1,BACKUP35_PROMOTED,measurement_domain_external_test_not_unseen_structure_test,2026-07-24,0.837068587965,0.867226478366,0.695652173913,0.2,0.35,0.84,4,A38D23F8D936643572401873476E78FAFDAEAA6DAC2B923B246049F8F0738E0C,adaptation_validation,,20260724,"sha256-v1: SHA256(seed|crystal_system|sample_id), ascending within class",FROZEN_BEFORE_MODEL_ACCESS
RRUFF-R050014,spectra_10_80_step_002/R050014_Chabazite-Ca.csv,trigonal,RRUFF official XY_RAW and DIF archives,Local research use with mandatory RRUFF citation; redistribution rights are not asserted; public release bundle omits spectra and DIF files,nominal_single_mineral_supported_by_RRUFF_metadata_and_measured_DIF_consistency; quantitative_phase_fraction_not_claimed,Official measured powder profile; confirmed XRD identification; paired DIF space group; measured-vs-DIF consistency audit passed,RRUFF:R050014; SG:R-3m; DIF_MEMBER_SHA256:70B30EFD61F13EBF1D18F4FDB941B29CE0D05FC24AAEC71A5F1C5A8838297DF5,FBB8A535D3C8DB45E56D8C614F32E947524F8BD1B09139008B6FEB4DDEC37152,R050014,Chabazite-Ca,Ca2[Al4Si8O24]·13H2O,Ca_2_[Al_4_Si_8_O_24_]·13H_2_O,(Ca_0.72_Mg_0.11_K_0.09_Sr_0.06_Na_0.01_)(Si_4.12_Al_1.88_)O_12_·6H_2_O,R-3m,hexagonal,Powder,The identification of this mineral has been confirmed by X-ray diffraction and chemical analysis,https://www.rruff.net/odr/rruff_sample/R050014,Chabazite-Ca__R050014-1__Powder__Xray_Data_XY_RAW__a5ce0fe5086f5187d422fe93c688.txt,645802728973FE7F3ABBE30484209818A91F85F3378586259E6BD6F878370297,Chabazite-Ca__R050014-1__Powder__DIF_File__196953d3b74f48662c8cf99b311f.txt,70B30EFD61F13EBF1D18F4FDB941B29CE0D05FC24AAEC71A5F1C5A8838297DF5,evidence/R050014_Chabazite-Ca_metadata.txt,structure_refs/R050014_Chabazite-Ca_DIF.txt,5.0,90.0,0.0099999999999997,385,0.2061855670100907,0.0257731958762506,0.0,,,NO_KNOWN_STRICT_RRUFF_MP_MATCH__STRUCTURE_OVERLAP_NOT_EXCLUSION_GATE_FOR_MEASUREMENT_DOMAIN_TEST,final_scope_resolved,This benchmark measures simulation-to-experiment measurement-domain transfer. It is not claimed as an unseen-structure benchmark. No known strict RRUFF–MP mapping match was detected.,FROZEN_FINAL_REAL_TEST,rruff-real-pxrd-70-final-v1,PRIMARY35,measurement_domain_external_test_not_unseen_structure_test,2026-07-24,0.715069247794,0.906682904552,0.888888888889,0.06,0.35,1.0,0,F418859101A0540F8B4DDC6DC491240B88F1C584BD8E1088A22DAE294E9C2D83,final_real_test,,20260724,"sha256-v1: SHA256(seed|crystal_system|sample_id), ascending within class",FROZEN_BEFORE_MODEL_ACCESS
RRUFF-R050290,spectra_10_80_step_002/R050290_Pyrargyrite.csv,trigonal,RRUFF official XY_RAW and DIF archives,Local research use with mandatory RRUFF citation; redistribution rights are not asserted; public release bundle omits spectra and DIF files,nominal_single_mineral_supported_by_RRUFF_metadata_and_measured_DIF_consistency; quantitative_phase_fraction_not_claimed,Official measured powder profile; confirmed XRD identification; paired DIF space group; measured-vs-DIF consistency audit passed,RRUFF:R050290; SG:R3c; DIF_MEMBER_SHA256:AA2AE4D609B5D1840F50936B41097AFE2C0109DD3497D10E70E16687772009A8,94F4B68AE074984BD29B779DC733E109B47CDFB4C52828EBCE2A572055D8F272,R050290,Pyrargyrite,Ag3SbS3,Ag_3_SbS_3_,Ag_3.00_Sb_1.00_S_3.00_,R3c,hexagonal,Powder,The identification of this mineral is confirmed by single-crystal X-ray diffraction and chemical analysis,https://www.rruff.net/odr/rruff_sample/R050290,Pyrargyrite__R050290-1__Powder__Xray_Data_XY_RAW__7fba67cd45a0cca8b0812709b100.txt,C303D7D5462E24F9AEAA7F77F83FE8D4B1D5CDFCBAF69A53610BD3092F6B55AC,Pyrargyrite__R050290-1__Powder__DIF_File__e43786c92a8bc296efff3a31d2f6.txt,AA2AE4D609B5D1840F50936B41097AFE2C0109DD3497D10E70E16687772009A8,evidence/R050290_Pyrargyrite_metadata.txt,structure_refs/R050290_Pyrargyrite_DIF.txt,5.0,90.0,0.0099999999999997,574,0.3982300884983333,0.0619469026502289,0.0,,,NO_KNOWN_STRICT_RRUFF_MP_MATCH__STRUCTURE_OVERLAP_NOT_EXCLUSION_GATE_FOR_MEASUREMENT_DOMAIN_TEST,final_scope_resolved,This benchmark measures simulation-to-experiment measurement-domain transfer. It is not claimed as an unseen-structure benchmark. No known strict RRUFF–MP mapping match was detected.,FROZEN_FINAL_REAL_TEST,rruff-real-pxrd-70-final-v1,BACKUP35_PROMOTED,measurement_domain_external_test_not_unseen_structure_test,2026-07-24,0.904388811076,0.819474679421,0.72,0.04,0.35,1.0,0,EAEE0364212FD07D14C899A6D95C9669B07A79E2B457FB222222A8404DFB5EF2,final_real_test,,20260724,"sha256-v1: SHA256(seed|crystal_system|sample_id), ascending within class",FROZEN_BEFORE_MODEL_ACCESS
RRUFF-R050301,spectra_10_80_step_002/R050301_Fluor-uvite.csv,trigonal,RRUFF official XY_RAW and DIF archives,Local research use with mandatory RRUFF citation; redistribution rights are not asserted; public release bundle omits spectra and DIF files,nominal_single_mineral_supported_by_RRUFF_metadata_and_measured_DIF_consistency; quantitative_phase_fraction_not_claimed,Official measured powder profile; confirmed XRD identification; paired DIF space group; measured-vs-DIF consistency audit passed,RRUFF:R050301; SG:R3m; DIF_MEMBER_SHA256:1C878E0A51E9C47EB518BAF8AD4F91AA6A9CF94A7F03E637CBDAD9CE4A5DB93E,4DDBF24AC0FF93A16AAB88ED208F2C0C9C8E90CB24C3D7B6EFC554F4D0AF3A72,R050301,Fluor-uvite,CaMg3(Al5Mg)(Si6O18)(BO3)3(OH)3F,CaMg_3_(Al_5_Mg)(Si_6_O_18_)(BO_3_)_3_(OH)_3_F,(Ca_0.68_Na_0.22_[box]_0.10_)(Mg_0.77_Al_0.16_Ti_0.03_[box]_0.04_)_3_(Mg_1.00_Al_5.00_)(BO_3_)_3_Si_6.00_O_18_((OH)_3_F),R3m,hexagonal,Powder,The identification of this mineral has been confirmed by X-ray diffraction and chemical analysis,https://www.rruff.net/odr/rruff_sample/R050301,Fluor-uvite__R050301-1__Powder__Xray_Data_XY_RAW__1ec8b2303a2dc43cd64c8d747c7f.txt,36E7E0A58B8E1E3E2F789D740FF3EF58B13F4788130EA292A635BE3D0017DEE1,Fluor-uvite__R050301-1__Powder__DIF_File__68f735f040ca9063909cbc6e588a.txt,1C878E0A51E9C47EB518BAF8AD4F91AA6A9CF94A7F03E637CBDAD9CE4A5DB93E,evidence/R050301_Fluor-uvite_metadata.txt,structure_refs/R050301_Fluor-uvite_DIF.txt,5.0,90.0,0.0099999999999997,279,0.2319004524926367,0.0169683257916473,0.0,,,NO_KNOWN_STRICT_RRUFF_MP_MATCH__STRUCTURE_OVERLAP_NOT_EXCLUSION_GATE_FOR_MEASUREMENT_DOMAIN_TEST,final_scope_resolved,This benchmark measures simulation-to-experiment measurement-domain transfer. It is not claimed as an unseen-structure benchmark. No known strict RRUFF–MP mapping match was detected.,FROZEN_FINAL_REAL_TEST,rruff-real-pxrd-70-final-v1,PRIMARY35,measurement_domain_external_test_not_unseen_structure_test,2026-07-24,0.691372194264,0.967944931345,0.9,0.04,0.35,0.916666666667,2,F03170B3BFC2F69A9CDF1205E23D5F09104E9B11F823BB5297C555456510BF6C,final_real_test,,20260724,"sha256-v1: SHA256(seed|crystal_system|sample_id), ascending within class",FROZEN_BEFORE_MODEL_ACCESS
RRUFF-R060003,spectra_10_80_step_002/R060003_Elbaite.csv,trigonal,RRUFF official XY_RAW and DIF archives,Local research use with mandatory RRUFF citation; redistribution rights are not asserted; public release bundle omits spectra and DIF files,nominal_single_mineral_supported_by_RRUFF_metadata_and_measured_DIF_consistency; quantitative_phase_fraction_not_claimed,Official measured powder profile; confirmed XRD identification; paired DIF space group; measured-vs-DIF consistency audit passed,RRUFF:R060003; SG:R3m; DIF_MEMBER_SHA256:9484D3C1CB54EC5A223E1CFA33025DF3D940F37D79BF0C2A6ADA11234B4A3928,C78407C020EC0ED06E04B05B8E02B776A2C0A427E72EAE5F97913F4B65ACDCB3,R060003,Elbaite,Na(Al1.5Li1.5)Al6(Si6O18)(BO3)3(OH)3(OH),Na(Al_1.5_Li_1.5_)Al_6_(Si_6_O_18_)(BO_3_)_3_(OH)_3_(OH),(Na_0.58_[box]_0.42_)(Al_1.69_Li_1.27_Mn_0.04_)Al_6_(BO_3_)_3_[Si_6_O_18_](OH)_4_,R3m,hexagonal,Powder,The identification of this mineral has been confirmed by X-ray diffraction and chemical analysis,https://www.rruff.net/odr/rruff_sample/R060003,Elbaite__R060003-1__Powder__Xray_Data_XY_RAW__71ceac23077c64c5c9dd2003335e.txt,C616B5DAFCBB6D7CDC80B7F8EF22B05770158EB7650927160618823F7F8846E1,Elbaite__R060003-1__Powder__DIF_File__1a63b9132bb5dcf1965348f5dc83.txt,9484D3C1CB54EC5A223E1CFA33025DF3D940F37D79BF0C2A6ADA11234B4A3928,evidence/R060003_Elbaite_metadata.txt,structure_refs/R060003_Elbaite_DIF.txt,5.0,90.0,0.0099999999999997,368,0.427722772280003,0.0316831683166486,0.0,,,NO_KNOWN_STRICT_RRUFF_MP_MATCH__STRUCTURE_OVERLAP_NOT_EXCLUSION_GATE_FOR_MEASUREMENT_DOMAIN_TEST,final_scope_resolved,This benchmark measures simulation-to-experiment measurement-domain transfer. It is not claimed as an unseen-structure benchmark. No known strict RRUFF–MP mapping match was detected.,FROZEN_FINAL_REAL_TEST,rruff-real-pxrd-70-final-v1,BACKUP35_PROMOTED,measurement_domain_external_test_not_unseen_structure_test,2026-07-24,0.741755028447,0.906564393308,0.822222222222,0.02,0.35,0.935483870968,2,F822760DD5AE186D84926934061D2A4C252610E95CAD9C2D72385004BEF97E48,final_real_test,,20260724,"sha256-v1: SHA256(seed|crystal_system|sample_id), ascending within class",FROZEN_BEFORE_MODEL_ACCESS
RRUFF-R060875,spectra_10_80_step_002/R060875_Willemite.csv,trigonal,RRUFF official XY_RAW and DIF archives,Local research use with mandatory RRUFF citation; redistribution rights are not asserted; public release bundle omits spectra and DIF files,nominal_single_mineral_supported_by_RRUFF_metadata_and_measured_DIF_consistency; quantitative_phase_fraction_not_claimed,Official measured powder profile; confirmed XRD identification; paired DIF space group; measured-vs-DIF consistency audit passed,RRUFF:R060875; SG:R-3; DIF_MEMBER_SHA256:A29BAC21DE13B0E60D537ABF75AA32303F8F86E629226A569C989F94AA960701,017C495B663FA13102A1EE399D34BBA0B01274D2FFE9494383D2A3EA5EC61ACA,R060875,Willemite,Zn2SiO4,Zn_2_SiO_4_,(Zn_1.76_Mn_0.23_Mg_0.01_)Si_1.00_O_4_,R-3,hexagonal,Powder,The identification of this mineral is confirmed by single-crystal X-ray diffraction and chemical analysis,https://www.rruff.net/odr/rruff_sample/R060875,Willemite__R060875-1__Powder__Xray_Data_XY_RAW__2b8008becd846a149280b16572ad.txt,7E677F84C83DAD47349472C3CA68C92E0121C75E618149A50A3282E0DE5D560F,Willemite__R060875-1__Powder__DIF_File__d5a7c4c2cf5e30bbf6921d25cd15.txt,A29BAC21DE13B0E60D537ABF75AA32303F8F86E629226A569C989F94AA960701,evidence/R060875_Willemite_metadata.txt,structure_refs/R060875_Willemite_DIF.txt,5.0,90.0,0.0099999999999997,220,0.1839694656536139,0.018320610687184,0.0,,,NO_KNOWN_STRICT_RRUFF_MP_MATCH__STRUCTURE_OVERLAP_NOT_EXCLUSION_GATE_FOR_MEASUREMENT_DOMAIN_TEST,final_scope_resolved,This benchmark measures simulation-to-experiment measurement-domain transfer. It is not claimed as an unseen-structure benchmark. No known strict RRUFF–MP mapping match was detected.,FROZEN_FINAL_REAL_TEST,rruff-real-pxrd-70-final-v1,BACKUP35_PROMOTED,measurement_domain_external_test_not_unseen_structure_test,2026-07-24,0.716859007957,1.0,1.0,0.04,0.35,0.947368421053,1,E47F27D19FF1903168F31CC6EEEC55FA4C01185F3E930DB019E25CAD6C99C544,final_real_test,,20260724,"sha256-v1: SHA256(seed|crystal_system|sample_id), ascending within class",FROZEN_BEFORE_MODEL_ACCESS
